/home/nochi/vault/projects/ThoughtVectors/thoughtvec/.venv/lib/python3.12/site-packages/torch/nn/modules/transformer.py:392: UserWarning: enable_nested_tensor is True, but self.use_nested_tensor is False because encoder_layer.norm_first was True
  warnings.warn(
thinker params: 15.13M (codec d=384, frozen=True)
step      50 | cos 0.0108 | thought 2.5647 dec_ce 4.4599 | 4.7 it/s
step     100 | cos 0.0134 | thought 2.5599 dec_ce 2.8381 | 5.3 it/s
step     150 | cos 0.0411 | thought 2.4862 dec_ce 2.481 | 5.2 it/s
step     200 | cos 0.0883 | thought 2.3608 dec_ce 2.3861 | 5.2 it/s
step     250 | cos 0.1375 | thought 2.2401 dec_ce 2.2165 | 5.3 it/s
step     300 | cos 0.1763 | thought 2.098 dec_ce 2.2622 | 5.5 it/s
step     350 | cos 0.2047 | thought 2.012 dec_ce 2.0386 | 5.5 it/s
step     400 | cos 0.2271 | thought 2.0415 dec_ce 2.2824 | 5.2 it/s
step     450 | cos 0.2426 | thought 1.9904 dec_ce 2.2152 | 5.4 it/s
step     500 | cos 0.2565 | thought 1.9558 dec_ce 2.1745 | 5.2 it/s
step     550 | cos 0.2591 | thought 1.9397 dec_ce 2.1698 | 5.1 it/s
step     600 | cos 0.2695 | thought 1.8802 dec_ce 2.2685 | 5.5 it/s
step     650 | cos 0.2737 | thought 1.9245 dec_ce 2.1928 | 5.5 it/s
step     700 | cos 0.2763 | thought 1.8522 dec_ce 2.2658 | 5.5 it/s
step     750 | cos 0.2791 | thought 1.9004 dec_ce 2.0571 | 5.2 it/s
step     800 | cos 0.2781 | thought 1.9467 dec_ce 2.3492 | 5.4 it/s
step     850 | cos 0.2813 | thought 1.8896 dec_ce 2.2707 | 5.2 it/s
step     900 | cos 0.2845 | thought 1.9145 dec_ce 2.2771 | 5.4 it/s
step     950 | cos 0.2898 | thought 1.8222 dec_ce 2.1173 | 5.3 it/s
step    1000 | cos 0.2993 | thought 1.8472 dec_ce 2.2817 | 5.3 it/s
step    1050 | cos 0.3089 | thought 1.7606 dec_ce 2.0718 | 5.2 it/s
step    1100 | cos 0.3283 | thought 1.7857 dec_ce 2.1636 | 5.3 it/s
step    1150 | cos 0.3415 | thought 1.7426 dec_ce 2.1909 | 5.2 it/s
step    1200 | cos 0.3460 | thought 1.6704 dec_ce 2.0347 | 5.3 it/s
step    1250 | cos 0.3533 | thought 1.7473 dec_ce 2.1884 | 5.1 it/s
step    1300 | cos 0.3604 | thought 1.6338 dec_ce 2.1092 | 5.3 it/s
step    1350 | cos 0.3658 | thought 1.62 dec_ce 2.0057 | 5.4 it/s
step    1400 | cos 0.3775 | thought 1.5249 dec_ce 1.9644 | 5.2 it/s
step    1450 | cos 0.3803 | thought 1.5426 dec_ce 2.0637 | 5.2 it/s
step    1500 | cos 0.3872 | thought 1.5175 dec_ce 1.9987 | 5.4 it/s
step    1550 | cos 0.3956 | thought 1.548 dec_ce 2.091 | 5.2 it/s
step    1600 | cos 0.4043 | thought 1.5432 dec_ce 2.1511 | 5.4 it/s
step    1650 | cos 0.4058 | thought 1.4984 dec_ce 1.9749 | 5.4 it/s
step    1700 | cos 0.4126 | thought 1.5578 dec_ce 2.1489 | 5.2 it/s
step    1750 | cos 0.4197 | thought 1.4777 dec_ce 2.1715 | 5.4 it/s
step    1800 | cos 0.4219 | thought 1.4818 dec_ce 2.042 | 5.3 it/s
step    1850 | cos 0.4343 | thought 1.4167 dec_ce 2.0767 | 5.4 it/s
step    1900 | cos 0.4370 | thought 1.4269 dec_ce 2.039 | 5.4 it/s
step    1950 | cos 0.4402 | thought 1.4178 dec_ce 2.052 | 5.3 it/s
step    2000 | cos 0.4447 | thought 1.3709 dec_ce 2.1187 | 5.2 it/s
step    2000 | VAL cos 0.4506 | VAL dec CE 3.9416
step    2050 | cos 0.4554 | thought 1.4093 dec_ce 2.1069 | 4.3 it/s
step    2100 | cos 0.4582 | thought 1.3583 dec_ce 2.0324 | 5.5 it/s
step    2150 | cos 0.4614 | thought 1.2993 dec_ce 1.8773 | 5.4 it/s
step    2200 | cos 0.4627 | thought 1.4039 dec_ce 2.2006 | 5.4 it/s
step    2250 | cos 0.4679 | thought 1.345 dec_ce 2.0726 | 5.4 it/s
step    2300 | cos 0.4684 | thought 1.2781 dec_ce 2.03 | 5.5 it/s
step    2350 | cos 0.4754 | thought 1.2963 dec_ce 1.9913 | 5.5 it/s
step    2400 | cos 0.4732 | thought 1.3428 dec_ce 2.0002 | 5.3 it/s
step    2450 | cos 0.4782 | thought 1.2465 dec_ce 2.0635 | 5.3 it/s
step    2500 | cos 0.4827 | thought 1.2746 dec_ce 1.9854 | 5.4 it/s
step    2550 | cos 0.4828 | thought 1.2514 dec_ce 2.0254 | 4.9 it/s
step    2600 | cos 0.4858 | thought 1.2348 dec_ce 2.056 | 5.3 it/s
step    2650 | cos 0.4910 | thought 1.2037 dec_ce 2.0128 | 5.4 it/s
step    2700 | cos 0.4918 | thought 1.2272 dec_ce 2.1006 | 5.2 it/s
step    2750 | cos 0.4953 | thought 1.2098 dec_ce 2.0121 | 5.3 it/s
step    2800 | cos 0.4987 | thought 1.2408 dec_ce 2.0329 | 5.3 it/s
step    2850 | cos 0.5002 | thought 1.2296 dec_ce 2.0283 | 5.3 it/s
step    2900 | cos 0.5030 | thought 1.1991 dec_ce 2.0121 | 5.3 it/s
step    2950 | cos 0.5023 | thought 1.1905 dec_ce 2.053 | 5.3 it/s
step    3000 | cos 0.5005 | thought 1.1618 dec_ce 2.0244 | 5.3 it/s
step    3050 | cos 0.5044 | thought 1.2558 dec_ce 2.1041 | 5.1 it/s
step    3100 | cos 0.5101 | thought 1.1706 dec_ce 2.0137 | 5.4 it/s
step    3150 | cos 0.5089 | thought 1.1802 dec_ce 2.0303 | 5.3 it/s
step    3200 | cos 0.5114 | thought 1.1556 dec_ce 2.0575 | 5.3 it/s
step    3250 | cos 0.5112 | thought 1.2119 dec_ce 2.0906 | 5.4 it/s
step    3300 | cos 0.5116 | thought 1.2121 dec_ce 2.0884 | 5.4 it/s
step    3350 | cos 0.5111 | thought 1.1142 dec_ce 2.0619 | 5.3 it/s
step    3400 | cos 0.5106 | thought 1.1865 dec_ce 2.0448 | 5.3 it/s
step    3450 | cos 0.5113 | thought 1.1441 dec_ce 1.9122 | 5.4 it/s
step    3500 | cos 0.5164 | thought 1.1113 dec_ce 2.0173 | 5.4 it/s
step    3550 | cos 0.5162 | thought 1.1436 dec_ce 2.0575 | 5.1 it/s
step    3600 | cos 0.5149 | thought 1.1778 dec_ce 2.0059 | 5.3 it/s
step    3650 | cos 0.5166 | thought 1.1211 dec_ce 1.9449 | 5.4 it/s
step    3700 | cos 0.5163 | thought 1.1298 dec_ce 1.9569 | 5.3 it/s
step    3750 | cos 0.5172 | thought 1.0834 dec_ce 1.9661 | 5.4 it/s
step    3800 | cos 0.5121 | thought 1.0991 dec_ce 2.0312 | 5.3 it/s
step    3850 | cos 0.5171 | thought 1.1419 dec_ce 2.0053 | 5.3 it/s
step    3900 | cos 0.5183 | thought 1.0543 dec_ce 1.9927 | 5.3 it/s
step    3950 | cos 0.5201 | thought 1.0691 dec_ce 2.1141 | 5.5 it/s
step    4000 | cos 0.5191 | thought 1.1056 dec_ce 2.0211 | 5.3 it/s
step    4000 | VAL cos 0.5217 | VAL dec CE 3.8374
step    4050 | cos 0.5206 | thought 1.0997 dec_ce 2.0333 | 4.1 it/s
step    4100 | cos 0.5167 | thought 1.0978 dec_ce 2.0514 | 5.4 it/s
step    4150 | cos 0.5182 | thought 1.0306 dec_ce 1.9312 | 5.2 it/s
step    4200 | cos 0.5214 | thought 1.096 dec_ce 2.0898 | 5.3 it/s
step    4250 | cos 0.5213 | thought 1.0268 dec_ce 1.9211 | 5.3 it/s
step    4300 | cos 0.5251 | thought 1.0653 dec_ce 2.059 | 5.3 it/s
step    4350 | cos 0.5207 | thought 1.0362 dec_ce 1.9337 | 5.2 it/s
step    4400 | cos 0.5231 | thought 1.0429 dec_ce 2.0236 | 5.4 it/s
step    4450 | cos 0.5232 | thought 1.0623 dec_ce 2.1056 | 5.4 it/s
step    4500 | cos 0.5263 | thought 1.0096 dec_ce 2.037 | 5.3 it/s
step    4550 | cos 0.5257 | thought 1.0544 dec_ce 1.9958 | 5.1 it/s
step    4600 | cos 0.5262 | thought 1.0617 dec_ce 2.0359 | 5.5 it/s
step    4650 | cos 0.5265 | thought 1.0061 dec_ce 1.9598 | 5.4 it/s
step    4700 | cos 0.5251 | thought 1.0259 dec_ce 1.9867 | 5.4 it/s
step    4750 | cos 0.5242 | thought 1.0443 dec_ce 1.9003 | 5.1 it/s
step    4800 | cos 0.5225 | thought 1.0309 dec_ce 2.0638 | 5.2 it/s
step    4850 | cos 0.5285 | thought 1.0703 dec_ce 2.1523 | 5.2 it/s
step    4900 | cos 0.5312 | thought 1.0127 dec_ce 1.9905 | 5.3 it/s
step    4950 | cos 0.5295 | thought 1.0167 dec_ce 1.9992 | 5.4 it/s
step    5000 | cos 0.5247 | thought 1.0368 dec_ce 2.0347 | 5.3 it/s
step    5050 | cos 0.5316 | thought 0.9679 dec_ce 1.9702 | 5.1 it/s
step    5100 | cos 0.5278 | thought 0.9971 dec_ce 1.9183 | 5.3 it/s
step    5150 | cos 0.5254 | thought 1.0193 dec_ce 1.989 | 5.3 it/s
step    5200 | cos 0.5275 | thought 1.0156 dec_ce 2.0125 | 5.3 it/s
step    5250 | cos 0.5278 | thought 1.0213 dec_ce 2.1589 | 5.2 it/s
step    5300 | cos 0.5301 | thought 0.9484 dec_ce 1.9815 | 5.3 it/s
step    5350 | cos 0.5327 | thought 0.9653 dec_ce 1.9743 | 5.4 it/s
step    5400 | cos 0.5317 | thought 1.0054 dec_ce 2.0376 | 5.4 it/s
step    5450 | cos 0.5316 | thought 0.9562 dec_ce 1.9377 | 5.5 it/s
step    5500 | cos 0.5293 | thought 0.9969 dec_ce 2.0144 | 5.4 it/s
step    5550 | cos 0.5285 | thought 0.956 dec_ce 1.9745 | 5.3 it/s
step    5600 | cos 0.5332 | thought 0.9716 dec_ce 2.0364 | 5.3 it/s
step    5650 | cos 0.5333 | thought 0.9566 dec_ce 1.9042 | 5.4 it/s
step    5700 | cos 0.5325 | thought 0.9672 dec_ce 1.8813 | 5.4 it/s
step    5750 | cos 0.5324 | thought 0.9637 dec_ce 1.931 | 5.4 it/s
step    5800 | cos 0.5312 | thought 1.0049 dec_ce 2.0314 | 5.4 it/s
step    5850 | cos 0.5327 | thought 0.9857 dec_ce 2.0915 | 5.5 it/s
step    5900 | cos 0.5326 | thought 0.9848 dec_ce 2.0644 | 5.4 it/s
step    5950 | cos 0.5323 | thought 0.9407 dec_ce 1.8233 | 5.4 it/s
step    6000 | cos 0.5354 | thought 0.9526 dec_ce 1.8847 | 5.5 it/s
step    6000 | VAL cos 0.5352 | VAL dec CE 3.7857
step    6050 | cos 0.5322 | thought 0.9566 dec_ce 1.8973 | 4.2 it/s
step    6100 | cos 0.5350 | thought 0.9666 dec_ce 1.9976 | 5.4 it/s
step    6150 | cos 0.5326 | thought 0.9938 dec_ce 2.1015 | 5.5 it/s
step    6200 | cos 0.5352 | thought 0.9999 dec_ce 2.1055 | 5.3 it/s
step    6250 | cos 0.5346 | thought 0.963 dec_ce 2.0067 | 5.3 it/s
step    6300 | cos 0.5351 | thought 0.9465 dec_ce 1.9281 | 5.2 it/s
step    6350 | cos 0.5374 | thought 0.9233 dec_ce 1.9269 | 5.5 it/s
step    6400 | cos 0.5337 | thought 0.946 dec_ce 2.0085 | 5.2 it/s
step    6450 | cos 0.5340 | thought 0.9658 dec_ce 1.9909 | 5.3 it/s
step    6500 | cos 0.5358 | thought 0.9463 dec_ce 1.9551 | 5.4 it/s
step    6550 | cos 0.5341 | thought 0.9801 dec_ce 2.0636 | 5.1 it/s
step    6600 | cos 0.5355 | thought 0.905 dec_ce 1.8892 | 5.6 it/s
step    6650 | cos 0.5358 | thought 0.9769 dec_ce 2.1697 | 5.4 it/s
step    6700 | cos 0.5324 | thought 0.9569 dec_ce 2.0263 | 5.3 it/s
step    6750 | cos 0.5362 | thought 0.9298 dec_ce 2.0003 | 5.4 it/s
step    6800 | cos 0.5333 | thought 0.9554 dec_ce 2.0363 | 5.3 it/s
step    6850 | cos 0.5377 | thought 0.9124 dec_ce 1.9717 | 5.3 it/s
step    6900 | cos 0.5369 | thought 0.9425 dec_ce 1.9777 | 5.5 it/s
step    6950 | cos 0.5367 | thought 0.9411 dec_ce 1.9151 | 5.3 it/s
step    7000 | cos 0.5396 | thought 0.9308 dec_ce 1.8978 | 5.4 it/s
step    7050 | cos 0.5345 | thought 0.942 dec_ce 1.9642 | 5.1 it/s
step    7100 | cos 0.5377 | thought 0.9424 dec_ce 1.9316 | 5.5 it/s
step    7150 | cos 0.5386 | thought 0.8648 dec_ce 1.8882 | 5.4 it/s
step    7200 | cos 0.5360 | thought 0.9203 dec_ce 1.9511 | 5.3 it/s
step    7250 | cos 0.5378 | thought 0.9828 dec_ce 2.0754 | 5.4 it/s
step    7300 | cos 0.5390 | thought 0.9626 dec_ce 1.9657 | 5.5 it/s
step    7350 | cos 0.5378 | thought 0.9099 dec_ce 1.9041 | 5.4 it/s
step    7400 | cos 0.5365 | thought 0.9107 dec_ce 2.0559 | 5.3 it/s
step    7450 | cos 0.5357 | thought 0.9211 dec_ce 2.0591 | 5.3 it/s
step    7500 | cos 0.5373 | thought 0.9019 dec_ce 1.911 | 5.4 it/s
step    7550 | cos 0.5407 | thought 0.9226 dec_ce 2.0022 | 5.3 it/s
step    7600 | cos 0.5426 | thought 0.9154 dec_ce 1.9884 | 5.5 it/s
step    7650 | cos 0.5429 | thought 0.9292 dec_ce 1.9908 | 5.4 it/s
step    7700 | cos 0.5401 | thought 0.9115 dec_ce 1.938 | 5.5 it/s
step    7750 | cos 0.5394 | thought 0.9507 dec_ce 2.0521 | 5.4 it/s
step    7800 | cos 0.5375 | thought 0.9767 dec_ce 1.9636 | 5.4 it/s
step    7850 | cos 0.5360 | thought 0.9283 dec_ce 1.978 | 5.4 it/s
step    7900 | cos 0.5406 | thought 0.9455 dec_ce 2.0069 | 5.5 it/s
step    7950 | cos 0.5406 | thought 0.9196 dec_ce 1.9502 | 5.3 it/s
step    8000 | cos 0.5412 | thought 0.9102 dec_ce 1.8676 | 5.3 it/s
step    8000 | VAL cos 0.5429 | VAL dec CE 3.7595
step    8050 | cos 0.5429 | thought 0.9292 dec_ce 1.9945 | 4.3 it/s
step    8100 | cos 0.5383 | thought 0.9388 dec_ce 1.9439 | 5.4 it/s
step    8150 | cos 0.5367 | thought 0.8898 dec_ce 1.8334 | 5.4 it/s
step    8200 | cos 0.5391 | thought 0.9327 dec_ce 1.9766 | 5.3 it/s
step    8250 | cos 0.5351 | thought 0.873 dec_ce 1.8764 | 5.2 it/s
step    8300 | cos 0.5415 | thought 0.9205 dec_ce 1.982 | 5.3 it/s
step    8350 | cos 0.5410 | thought 0.9465 dec_ce 2.0651 | 5.4 it/s
step    8400 | cos 0.5428 | thought 0.9101 dec_ce 1.913 | 5.5 it/s
step    8450 | cos 0.5382 | thought 0.9254 dec_ce 1.908 | 5.4 it/s
step    8500 | cos 0.5420 | thought 0.9017 dec_ce 1.8126 | 5.3 it/s
step    8550 | cos 0.5424 | thought 0.9045 dec_ce 1.9314 | 5.2 it/s
step    8600 | cos 0.5415 | thought 0.9086 dec_ce 2.0401 | 5.4 it/s
step    8650 | cos 0.5425 | thought 0.9166 dec_ce 1.9069 | 5.5 it/s
step    8700 | cos 0.5435 | thought 0.9093 dec_ce 2.0283 | 5.3 it/s
step    8750 | cos 0.5414 | thought 0.9207 dec_ce 1.8946 | 5.3 it/s
step    8800 | cos 0.5468 | thought 0.9183 dec_ce 2.05 | 5.3 it/s
step    8850 | cos 0.5402 | thought 0.9313 dec_ce 2.0249 | 5.3 it/s
step    8900 | cos 0.5411 | thought 0.9559 dec_ce 1.9517 | 5.4 it/s
step    8950 | cos 0.5390 | thought 0.9311 dec_ce 1.9994 | 5.3 it/s
step    9000 | cos 0.5444 | thought 0.8941 dec_ce 1.9333 | 5.3 it/s
step    9050 | cos 0.5445 | thought 0.8662 dec_ce 1.8709 | 5.3 it/s
step    9100 | cos 0.5420 | thought 0.8876 dec_ce 1.8835 | 5.2 it/s
step    9150 | cos 0.5455 | thought 0.9017 dec_ce 1.9333 | 5.3 it/s
step    9200 | cos 0.5442 | thought 0.867 dec_ce 1.8237 | 5.4 it/s
step    9250 | cos 0.5466 | thought 0.9174 dec_ce 1.955 | 5.5 it/s
step    9300 | cos 0.5459 | thought 0.93 dec_ce 1.9865 | 5.3 it/s
step    9350 | cos 0.5443 | thought 0.9444 dec_ce 1.9095 | 5.3 it/s
step    9400 | cos 0.5424 | thought 0.9088 dec_ce 1.871 | 5.4 it/s
step    9450 | cos 0.5403 | thought 0.9003 dec_ce 1.9382 | 5.5 it/s
step    9500 | cos 0.5412 | thought 0.9333 dec_ce 2.0171 | 5.4 it/s
step    9550 | cos 0.5445 | thought 0.913 dec_ce 1.883 | 5.3 it/s
step    9600 | cos 0.5429 | thought 0.8939 dec_ce 1.914 | 5.3 it/s
step    9650 | cos 0.5461 | thought 0.9215 dec_ce 1.8568 | 5.5 it/s
step    9700 | cos 0.5440 | thought 0.9292 dec_ce 1.938 | 5.6 it/s
step    9750 | cos 0.5473 | thought 0.9144 dec_ce 1.8957 | 5.5 it/s
step    9800 | cos 0.5438 | thought 0.9003 dec_ce 2.0458 | 5.4 it/s
step    9850 | cos 0.5461 | thought 0.8875 dec_ce 1.9494 | 5.4 it/s
step    9900 | cos 0.5443 | thought 0.9429 dec_ce 2.0043 | 5.5 it/s
step    9950 | cos 0.5463 | thought 0.9569 dec_ce 2.0263 | 5.6 it/s
step   10000 | cos 0.5434 | thought 0.9286 dec_ce 2.0322 | 5.6 it/s
step   10000 | VAL cos 0.5490 | VAL dec CE 3.7367
step   10050 | cos 0.5452 | thought 0.9095 dec_ce 1.982 | 4.3 it/s
step   10100 | cos 0.5441 | thought 0.8959 dec_ce 1.8727 | 5.4 it/s
step   10150 | cos 0.5442 | thought 0.8935 dec_ce 1.968 | 5.4 it/s
step   10200 | cos 0.5442 | thought 0.9428 dec_ce 2.0058 | 5.6 it/s
step   10250 | cos 0.5461 | thought 0.9383 dec_ce 1.9781 | 5.5 it/s
step   10300 | cos 0.5454 | thought 0.9069 dec_ce 1.8177 | 5.5 it/s
step   10350 | cos 0.5486 | thought 0.9121 dec_ce 2.0576 | 5.4 it/s
step   10400 | cos 0.5453 | thought 0.8791 dec_ce 1.8977 | 5.3 it/s
step   10450 | cos 0.5467 | thought 0.9434 dec_ce 1.9682 | 5.6 it/s
step   10500 | cos 0.5454 | thought 0.8668 dec_ce 1.8191 | 5.7 it/s
step   10550 | cos 0.5465 | thought 0.8891 dec_ce 1.8456 | 5.3 it/s
step   10600 | cos 0.5442 | thought 0.8658 dec_ce 1.8848 | 5.4 it/s
step   10650 | cos 0.5451 | thought 0.9255 dec_ce 1.8513 | 5.4 it/s
step   10700 | cos 0.5464 | thought 0.8723 dec_ce 1.8574 | 5.4 it/s
step   10750 | cos 0.5451 | thought 0.9478 dec_ce 2.0456 | 5.4 it/s
step   10800 | cos 0.5446 | thought 0.8604 dec_ce 1.85 | 5.4 it/s
step   10850 | cos 0.5481 | thought 0.9405 dec_ce 1.9918 | 5.6 it/s
step   10900 | cos 0.5485 | thought 0.8775 dec_ce 1.8985 | 5.5 it/s
step   10950 | cos 0.5444 | thought 0.9252 dec_ce 2.0678 | 5.5 it/s
step   11000 | cos 0.5499 | thought 0.9141 dec_ce 1.994 | 5.6 it/s
step   11050 | cos 0.5468 | thought 0.9041 dec_ce 1.9876 | 5.4 it/s
step   11100 | cos 0.5497 | thought 0.9171 dec_ce 1.9245 | 5.7 it/s
step   11150 | cos 0.5488 | thought 0.8442 dec_ce 1.8062 | 5.6 it/s
step   11200 | cos 0.5471 | thought 0.9268 dec_ce 1.9194 | 5.6 it/s
step   11250 | cos 0.5510 | thought 0.8978 dec_ce 2.0601 | 5.6 it/s
step   11300 | cos 0.5469 | thought 0.9872 dec_ce 2.0815 | 5.5 it/s
step   11350 | cos 0.5485 | thought 0.9212 dec_ce 1.9468 | 5.3 it/s
step   11400 | cos 0.5483 | thought 0.9408 dec_ce 1.984 | 5.6 it/s
step   11450 | cos 0.5466 | thought 0.9179 dec_ce 2.0048 | 5.5 it/s
step   11500 | cos 0.5509 | thought 0.9182 dec_ce 1.9092 | 5.6 it/s
step   11550 | cos 0.5466 | thought 0.9483 dec_ce 1.9851 | 5.3 it/s
step   11600 | cos 0.5507 | thought 0.9137 dec_ce 2.0019 | 5.6 it/s
step   11650 | cos 0.5433 | thought 0.9407 dec_ce 1.9109 | 5.5 it/s
step   11700 | cos 0.5455 | thought 0.8849 dec_ce 1.8927 | 5.6 it/s
step   11750 | cos 0.5493 | thought 0.9454 dec_ce 2.0326 | 5.5 it/s
step   11800 | cos 0.5460 | thought 0.935 dec_ce 2.0404 | 5.5 it/s
step   11850 | cos 0.5499 | thought 0.9122 dec_ce 1.995 | 5.6 it/s
step   11900 | cos 0.5508 | thought 0.9095 dec_ce 1.9646 | 5.6 it/s
step   11950 | cos 0.5477 | thought 0.9037 dec_ce 1.976 | 5.5 it/s
step   12000 | cos 0.5449 | thought 0.9391 dec_ce 2.0737 | 5.5 it/s
step   12000 | VAL cos 0.5497 | VAL dec CE 3.7285
step   12050 | cos 0.5515 | thought 0.8996 dec_ce 1.8974 | 4.4 it/s
step   12100 | cos 0.5483 | thought 0.9011 dec_ce 1.9886 | 5.6 it/s
step   12150 | cos 0.5516 | thought 0.9479 dec_ce 1.9988 | 5.5 it/s
step   12200 | cos 0.5482 | thought 0.8707 dec_ce 1.8669 | 5.6 it/s
step   12250 | cos 0.5489 | thought 0.8744 dec_ce 1.8315 | 5.5 it/s
step   12300 | cos 0.5449 | thought 0.9568 dec_ce 2.0651 | 5.4 it/s
step   12350 | cos 0.5510 | thought 0.9065 dec_ce 1.903 | 5.6 it/s
step   12400 | cos 0.5490 | thought 0.9706 dec_ce 1.9881 | 5.5 it/s
step   12450 | cos 0.5505 | thought 0.9141 dec_ce 1.9917 | 5.7 it/s
step   12500 | cos 0.5486 | thought 0.9315 dec_ce 1.9799 | 5.6 it/s
step   12550 | cos 0.5470 | thought 0.9002 dec_ce 1.9474 | 5.4 it/s
step   12600 | cos 0.5503 | thought 0.9179 dec_ce 1.9568 | 5.6 it/s
step   12650 | cos 0.5501 | thought 0.9198 dec_ce 1.9879 | 5.5 it/s
step   12700 | cos 0.5492 | thought 0.8975 dec_ce 1.9448 | 5.5 it/s
step   12750 | cos 0.5509 | thought 0.9192 dec_ce 1.8908 | 5.5 it/s
step   12800 | cos 0.5478 | thought 0.912 dec_ce 1.8653 | 5.6 it/s
step   12850 | cos 0.5492 | thought 0.9307 dec_ce 1.9323 | 5.5 it/s
step   12900 | cos 0.5498 | thought 0.9016 dec_ce 2.0085 | 5.5 it/s
step   12950 | cos 0.5512 | thought 0.9279 dec_ce 2.0098 | 5.7 it/s
step   13000 | cos 0.5477 | thought 0.939 dec_ce 2.0018 | 5.6 it/s
step   13050 | cos 0.5509 | thought 0.8314 dec_ce 1.7284 | 5.4 it/s
step   13100 | cos 0.5497 | thought 0.8848 dec_ce 1.8166 | 5.6 it/s
step   13150 | cos 0.5522 | thought 0.8822 dec_ce 1.8255 | 5.5 it/s
step   13200 | cos 0.5531 | thought 0.9255 dec_ce 2.0016 | 5.5 it/s
step   13250 | cos 0.5534 | thought 0.8937 dec_ce 1.9168 | 5.6 it/s
step   13300 | cos 0.5502 | thought 0.9384 dec_ce 2.0194 | 5.7 it/s
step   13350 | cos 0.5493 | thought 0.8908 dec_ce 1.9145 | 5.5 it/s
step   13400 | cos 0.5504 | thought 0.9532 dec_ce 1.9475 | 5.6 it/s
step   13450 | cos 0.5532 | thought 0.8971 dec_ce 1.9389 | 5.6 it/s
step   13500 | cos 0.5536 | thought 0.8774 dec_ce 1.889 | 5.6 it/s
step   13550 | cos 0.5501 | thought 0.9285 dec_ce 1.8929 | 5.4 it/s
step   13600 | cos 0.5524 | thought 0.8621 dec_ce 1.916 | 5.5 it/s
step   13650 | cos 0.5500 | thought 0.8978 dec_ce 2.0054 | 5.6 it/s
step   13700 | cos 0.5524 | thought 0.9409 dec_ce 1.9066 | 5.5 it/s
step   13750 | cos 0.5544 | thought 0.8849 dec_ce 1.8863 | 5.5 it/s
step   13800 | cos 0.5511 | thought 0.9138 dec_ce 1.882 | 5.5 it/s
step   13850 | cos 0.5475 | thought 0.9246 dec_ce 1.9689 | 5.4 it/s
step   13900 | cos 0.5488 | thought 0.9018 dec_ce 1.9037 | 5.5 it/s
step   13950 | cos 0.5531 | thought 0.9048 dec_ce 1.8185 | 5.6 it/s
step   14000 | cos 0.5558 | thought 0.9191 dec_ce 1.9342 | 5.5 it/s
step   14000 | VAL cos 0.5540 | VAL dec CE 3.6998
step   14050 | cos 0.5530 | thought 0.9097 dec_ce 1.914 | 4.4 it/s
step   14100 | cos 0.5502 | thought 0.8889 dec_ce 1.8475 | 5.5 it/s
step   14150 | cos 0.5509 | thought 0.9353 dec_ce 1.997 | 5.5 it/s
step   14200 | cos 0.5487 | thought 0.8835 dec_ce 1.8107 | 5.5 it/s
step   14250 | cos 0.5491 | thought 0.9296 dec_ce 1.9551 | 5.4 it/s
step   14300 | cos 0.5478 | thought 0.9623 dec_ce 2.0026 | 5.6 it/s
step   14350 | cos 0.5519 | thought 0.9167 dec_ce 2.0091 | 5.5 it/s
step   14400 | cos 0.5535 | thought 0.9217 dec_ce 1.9068 | 5.5 it/s
step   14450 | cos 0.5537 | thought 0.9077 dec_ce 1.9728 | 5.4 it/s
step   14500 | cos 0.5516 | thought 0.892 dec_ce 1.8479 | 5.6 it/s
step   14550 | cos 0.5536 | thought 0.883 dec_ce 1.9333 | 5.2 it/s
step   14600 | cos 0.5523 | thought 0.9215 dec_ce 1.9956 | 5.7 it/s
step   14650 | cos 0.5519 | thought 0.9048 dec_ce 2.0454 | 5.4 it/s
step   14700 | cos 0.5546 | thought 0.8789 dec_ce 1.8477 | 5.4 it/s
step   14750 | cos 0.5508 | thought 0.8658 dec_ce 1.8587 | 5.5 it/s
step   14800 | cos 0.5535 | thought 0.9595 dec_ce 2.0302 | 5.4 it/s
step   14850 | cos 0.5470 | thought 0.9178 dec_ce 1.8307 | 5.4 it/s
step   14900 | cos 0.5499 | thought 0.866 dec_ce 1.8534 | 5.3 it/s
step   14950 | cos 0.5511 | thought 0.9034 dec_ce 1.9723 | 5.6 it/s
step   15000 | cos 0.5489 | thought 0.9083 dec_ce 2.0367 | 5.4 it/s
step   15050 | cos 0.5501 | thought 0.8684 dec_ce 1.7829 | 5.4 it/s
step   15100 | cos 0.5530 | thought 0.9342 dec_ce 1.9693 | 5.5 it/s
step   15150 | cos 0.5500 | thought 0.8851 dec_ce 1.9291 | 5.6 it/s
step   15200 | cos 0.5538 | thought 0.8948 dec_ce 1.9063 | 5.5 it/s
step   15250 | cos 0.5525 | thought 0.928 dec_ce 1.9545 | 5.4 it/s
step   15300 | cos 0.5517 | thought 0.9296 dec_ce 2.0194 | 5.6 it/s
step   15350 | cos 0.5535 | thought 0.8452 dec_ce 1.8067 | 5.5 it/s
step   15400 | cos 0.5519 | thought 0.9111 dec_ce 1.8265 | 5.4 it/s
step   15450 | cos 0.5524 | thought 0.8559 dec_ce 1.8521 | 5.6 it/s
step   15500 | cos 0.5490 | thought 0.8991 dec_ce 1.9033 | 5.5 it/s
step   15550 | cos 0.5563 | thought 0.8941 dec_ce 1.8603 | 5.3 it/s
step   15600 | cos 0.5513 | thought 0.8982 dec_ce 1.8246 | 5.4 it/s
step   15650 | cos 0.5498 | thought 0.9155 dec_ce 1.9252 | 5.5 it/s
step   15700 | cos 0.5541 | thought 0.8885 dec_ce 1.8567 | 5.5 it/s
step   15750 | cos 0.5506 | thought 0.8918 dec_ce 2.02 | 5.4 it/s
step   15800 | cos 0.5509 | thought 0.9104 dec_ce 1.9101 | 5.4 it/s
step   15850 | cos 0.5530 | thought 0.8793 dec_ce 1.9329 | 5.5 it/s
step   15900 | cos 0.5520 | thought 0.9158 dec_ce 1.9641 | 5.6 it/s
step   15950 | cos 0.5493 | thought 0.9021 dec_ce 1.8398 | 5.4 it/s
step   16000 | cos 0.5535 | thought 0.8953 dec_ce 1.9653 | 5.4 it/s
step   16000 | VAL cos 0.5556 | VAL dec CE 3.6839
step   16050 | cos 0.5522 | thought 0.9266 dec_ce 1.8813 | 4.1 it/s
step   16100 | cos 0.5499 | thought 0.9228 dec_ce 1.9833 | 5.3 it/s
step   16150 | cos 0.5499 | thought 0.8986 dec_ce 2.0254 | 5.4 it/s
step   16200 | cos 0.5527 | thought 0.872 dec_ce 1.768 | 5.4 it/s
step   16250 | cos 0.5538 | thought 0.9104 dec_ce 1.8954 | 5.5 it/s
step   16300 | cos 0.5539 | thought 0.9213 dec_ce 1.957 | 5.6 it/s
step   16350 | cos 0.5527 | thought 0.9305 dec_ce 2.0756 | 5.6 it/s
step   16400 | cos 0.5529 | thought 0.9064 dec_ce 1.97 | 5.4 it/s
step   16450 | cos 0.5552 | thought 0.901 dec_ce 1.8773 | 5.6 it/s
step   16500 | cos 0.5546 | thought 0.9145 dec_ce 1.9251 | 5.5 it/s
step   16550 | cos 0.5557 | thought 0.9313 dec_ce 1.9077 | 5.2 it/s
step   16600 | cos 0.5533 | thought 0.8881 dec_ce 1.9428 | 5.4 it/s
step   16650 | cos 0.5534 | thought 0.9502 dec_ce 1.9649 | 5.4 it/s
step   16700 | cos 0.5537 | thought 0.8905 dec_ce 1.8682 | 5.6 it/s
step   16750 | cos 0.5540 | thought 0.8304 dec_ce 1.7317 | 5.5 it/s
step   16800 | cos 0.5491 | thought 0.967 dec_ce 2.1137 | 5.4 it/s
step   16850 | cos 0.5529 | thought 0.9083 dec_ce 1.7943 | 5.4 it/s
step   16900 | cos 0.5520 | thought 0.9339 dec_ce 2.0651 | 5.6 it/s
step   16950 | cos 0.5568 | thought 0.8801 dec_ce 1.8791 | 5.6 it/s
step   17000 | cos 0.5539 | thought 0.8924 dec_ce 1.8226 | 5.4 it/s
step   17050 | cos 0.5539 | thought 0.9161 dec_ce 1.9547 | 5.2 it/s
step   17100 | cos 0.5502 | thought 0.8859 dec_ce 1.8973 | 5.6 it/s
step   17150 | cos 0.5535 | thought 0.9025 dec_ce 1.9069 | 5.3 it/s
step   17200 | cos 0.5559 | thought 0.9227 dec_ce 1.8743 | 5.7 it/s
step   17250 | cos 0.5536 | thought 0.9021 dec_ce 1.8727 | 5.5 it/s
step   17300 | cos 0.5522 | thought 0.8867 dec_ce 1.8826 | 5.5 it/s
step   17350 | cos 0.5559 | thought 0.8666 dec_ce 1.9543 | 5.6 it/s
step   17400 | cos 0.5531 | thought 0.9135 dec_ce 1.9258 | 5.4 it/s
step   17450 | cos 0.5564 | thought 0.8766 dec_ce 1.7769 | 5.6 it/s
step   17500 | cos 0.5551 | thought 0.8769 dec_ce 1.8088 | 5.4 it/s
step   17550 | cos 0.5532 | thought 0.9067 dec_ce 1.9431 | 5.3 it/s
step   17600 | cos 0.5539 | thought 0.901 dec_ce 1.868 | 5.5 it/s
step   17650 | cos 0.5552 | thought 0.9043 dec_ce 1.9193 | 5.6 it/s
step   17700 | cos 0.5547 | thought 0.9194 dec_ce 2.0093 | 5.4 it/s
step   17750 | cos 0.5565 | thought 0.895 dec_ce 1.8297 | 5.4 it/s
step   17800 | cos 0.5587 | thought 0.9064 dec_ce 2.063 | 5.6 it/s
step   17850 | cos 0.5562 | thought 0.9443 dec_ce 2.0585 | 5.3 it/s
step   17900 | cos 0.5517 | thought 0.9185 dec_ce 2.0544 | 5.4 it/s
step   17950 | cos 0.5526 | thought 0.9455 dec_ce 1.8904 | 5.5 it/s
step   18000 | cos 0.5573 | thought 0.8739 dec_ce 1.8058 | 5.5 it/s
step   18000 | VAL cos 0.5564 | VAL dec CE 3.6840
step   18050 | cos 0.5540 | thought 0.9385 dec_ce 1.9975 | 4.4 it/s
step   18100 | cos 0.5539 | thought 0.9064 dec_ce 1.9659 | 5.6 it/s
step   18150 | cos 0.5567 | thought 0.9125 dec_ce 2.0233 | 5.5 it/s
step   18200 | cos 0.5573 | thought 0.9063 dec_ce 1.939 | 5.6 it/s
step   18250 | cos 0.5543 | thought 0.9385 dec_ce 2.004 | 5.5 it/s
step   18300 | cos 0.5533 | thought 0.9451 dec_ce 1.9671 | 5.4 it/s
step   18350 | cos 0.5561 | thought 0.843 dec_ce 1.8034 | 5.4 it/s
step   18400 | cos 0.5543 | thought 0.9423 dec_ce 2.0161 | 5.4 it/s
step   18450 | cos 0.5553 | thought 0.8768 dec_ce 1.8901 | 5.6 it/s
step   18500 | cos 0.5542 | thought 0.8799 dec_ce 1.8755 | 5.4 it/s
step   18550 | cos 0.5510 | thought 0.8577 dec_ce 1.7974 | 5.2 it/s
step   18600 | cos 0.5612 | thought 0.9393 dec_ce 1.9277 | 5.6 it/s
step   18650 | cos 0.5570 | thought 0.8997 dec_ce 1.9489 | 5.5 it/s
step   18700 | cos 0.5583 | thought 0.9024 dec_ce 2.0013 | 5.4 it/s
step   18750 | cos 0.5584 | thought 0.9042 dec_ce 2.0081 | 5.4 it/s
step   18800 | cos 0.5579 | thought 0.8786 dec_ce 1.8653 | 5.6 it/s
step   18850 | cos 0.5571 | thought 0.9053 dec_ce 2.0858 | 5.4 it/s
step   18900 | cos 0.5536 | thought 0.935 dec_ce 1.931 | 5.4 it/s
step   18950 | cos 0.5590 | thought 0.9118 dec_ce 1.936 | 5.5 it/s
step   19000 | cos 0.5549 | thought 0.8702 dec_ce 1.8362 | 5.5 it/s
step   19050 | cos 0.5521 | thought 0.8942 dec_ce 1.8671 | 5.3 it/s
step   19100 | cos 0.5557 | thought 0.8805 dec_ce 1.8449 | 5.5 it/s
step   19150 | cos 0.5555 | thought 0.8986 dec_ce 1.8668 | 5.4 it/s
step   19200 | cos 0.5600 | thought 0.8664 dec_ce 1.8606 | 5.6 it/s
step   19250 | cos 0.5540 | thought 0.893 dec_ce 1.9569 | 5.5 it/s
step   19300 | cos 0.5542 | thought 0.9095 dec_ce 1.937 | 5.5 it/s
step   19350 | cos 0.5586 | thought 0.8974 dec_ce 1.9883 | 5.5 it/s
step   19400 | cos 0.5558 | thought 0.8799 dec_ce 1.8099 | 5.5 it/s
step   19450 | cos 0.5567 | thought 0.9204 dec_ce 1.8673 | 5.6 it/s
step   19500 | cos 0.5576 | thought 0.9416 dec_ce 1.9601 | 5.6 it/s
step   19550 | cos 0.5555 | thought 0.9248 dec_ce 1.9888 | 5.4 it/s
step   19600 | cos 0.5544 | thought 0.8968 dec_ce 1.946 | 5.5 it/s
step   19650 | cos 0.5549 | thought 0.8625 dec_ce 1.7672 | 5.6 it/s
step   19700 | cos 0.5546 | thought 0.8902 dec_ce 1.9289 | 5.4 it/s
step   19750 | cos 0.5544 | thought 0.9141 dec_ce 1.9154 | 5.5 it/s
step   19800 | cos 0.5585 | thought 0.895 dec_ce 1.798 | 5.6 it/s
step   19850 | cos 0.5555 | thought 0.9158 dec_ce 1.94 | 5.6 it/s
step   19900 | cos 0.5560 | thought 0.873 dec_ce 1.8536 | 5.4 it/s
step   19950 | cos 0.5564 | thought 0.8608 dec_ce 1.8515 | 5.5 it/s
step   20000 | cos 0.5538 | thought 0.9415 dec_ce 1.9599 | 5.4 it/s
step   20000 | VAL cos 0.5584 | VAL dec CE 3.6683
step   20050 | cos 0.5554 | thought 0.9252 dec_ce 1.9813 | 4.2 it/s
step   20100 | cos 0.5551 | thought 0.8948 dec_ce 1.8005 | 5.5 it/s
step   20150 | cos 0.5569 | thought 0.9137 dec_ce 1.9074 | 5.5 it/s
step   20200 | cos 0.5572 | thought 0.8771 dec_ce 1.8838 | 5.4 it/s
step   20250 | cos 0.5556 | thought 0.9019 dec_ce 1.9768 | 5.4 it/s
step   20300 | cos 0.5552 | thought 0.8732 dec_ce 1.805 | 5.5 it/s
step   20350 | cos 0.5568 | thought 0.9216 dec_ce 1.9394 | 5.5 it/s
step   20400 | cos 0.5552 | thought 0.9068 dec_ce 1.8836 | 5.4 it/s
step   20450 | cos 0.5559 | thought 0.9178 dec_ce 1.9288 | 5.4 it/s
step   20500 | cos 0.5584 | thought 0.8929 dec_ce 1.9233 | 5.3 it/s
step   20550 | cos 0.5548 | thought 0.9556 dec_ce 2.0407 | 5.2 it/s
step   20600 | cos 0.5563 | thought 0.8947 dec_ce 1.9127 | 5.4 it/s
step   20650 | cos 0.5583 | thought 0.9148 dec_ce 1.8836 | 5.6 it/s
step   20700 | cos 0.5561 | thought 0.89 dec_ce 1.8392 | 5.4 it/s
step   20750 | cos 0.5551 | thought 0.9412 dec_ce 2.0962 | 5.6 it/s
step   20800 | cos 0.5554 | thought 0.8931 dec_ce 1.8843 | 5.5 it/s
step   20850 | cos 0.5613 | thought 0.8707 dec_ce 1.7707 | 5.6 it/s
step   20900 | cos 0.5556 | thought 0.8758 dec_ce 1.832 | 5.4 it/s
step   20950 | cos 0.5560 | thought 0.882 dec_ce 1.884 | 5.5 it/s
step   21000 | cos 0.5540 | thought 0.9269 dec_ce 1.987 | 5.4 it/s
step   21050 | cos 0.5562 | thought 0.87 dec_ce 1.8042 | 5.3 it/s
step   21100 | cos 0.5526 | thought 0.9002 dec_ce 1.8303 | 5.3 it/s
step   21150 | cos 0.5587 | thought 0.8632 dec_ce 1.7979 | 5.3 it/s
step   21200 | cos 0.5584 | thought 0.8679 dec_ce 1.7854 | 5.6 it/s
step   21250 | cos 0.5598 | thought 0.8704 dec_ce 1.8755 | 5.5 it/s
step   21300 | cos 0.5575 | thought 0.8619 dec_ce 1.8741 | 5.4 it/s
step   21350 | cos 0.5601 | thought 0.899 dec_ce 1.9562 | 5.5 it/s
step   21400 | cos 0.5584 | thought 0.9249 dec_ce 1.9492 | 5.5 it/s
step   21450 | cos 0.5580 | thought 0.8904 dec_ce 1.8926 | 5.5 it/s
step   21500 | cos 0.5577 | thought 0.8852 dec_ce 1.892 | 5.5 it/s
step   21550 | cos 0.5592 | thought 0.8816 dec_ce 1.9351 | 5.3 it/s
step   21600 | cos 0.5585 | thought 0.8327 dec_ce 1.8023 | 5.5 it/s
step   21650 | cos 0.5556 | thought 0.8819 dec_ce 1.8767 | 5.3 it/s
step   21700 | cos 0.5544 | thought 0.8881 dec_ce 1.8271 | 5.6 it/s
step   21750 | cos 0.5589 | thought 0.8982 dec_ce 1.9617 | 5.4 it/s
step   21800 | cos 0.5584 | thought 0.8921 dec_ce 1.9336 | 5.7 it/s
step   21850 | cos 0.5558 | thought 0.9272 dec_ce 1.9055 | 5.6 it/s
step   21900 | cos 0.5570 | thought 0.9358 dec_ce 1.9435 | 5.4 it/s
step   21950 | cos 0.5579 | thought 0.8986 dec_ce 1.8647 | 5.5 it/s
step   22000 | cos 0.5591 | thought 0.8471 dec_ce 1.8446 | 5.5 it/s
step   22000 | VAL cos 0.5602 | VAL dec CE 3.6463
step   22050 | cos 0.5556 | thought 0.9149 dec_ce 1.9771 | 4.4 it/s
step   22100 | cos 0.5594 | thought 0.8943 dec_ce 1.9378 | 5.4 it/s
step   22150 | cos 0.5570 | thought 0.8517 dec_ce 1.7181 | 5.6 it/s
step   22200 | cos 0.5572 | thought 0.9449 dec_ce 2.0067 | 5.5 it/s
step   22250 | cos 0.5563 | thought 0.9071 dec_ce 1.9394 | 5.5 it/s
step   22300 | cos 0.5570 | thought 0.9033 dec_ce 1.9267 | 5.4 it/s
step   22350 | cos 0.5585 | thought 0.8688 dec_ce 1.8093 | 5.5 it/s
step   22400 | cos 0.5547 | thought 0.8731 dec_ce 1.8591 | 5.4 it/s
step   22450 | cos 0.5588 | thought 0.8935 dec_ce 1.8164 | 5.7 it/s
step   22500 | cos 0.5552 | thought 0.9058 dec_ce 1.8383 | 5.7 it/s
step   22550 | cos 0.5566 | thought 0.924 dec_ce 1.8796 | 5.4 it/s
step   22600 | cos 0.5598 | thought 0.8657 dec_ce 1.7593 | 5.6 it/s
step   22650 | cos 0.5566 | thought 0.8895 dec_ce 1.8275 | 5.6 it/s
step   22700 | cos 0.5563 | thought 0.9089 dec_ce 1.9307 | 5.5 it/s
step   22750 | cos 0.5595 | thought 0.9088 dec_ce 1.9516 | 5.7 it/s
step   22800 | cos 0.5594 | thought 0.8567 dec_ce 1.7703 | 5.6 it/s
step   22850 | cos 0.5566 | thought 0.8857 dec_ce 1.8172 | 5.6 it/s
step   22900 | cos 0.5574 | thought 0.8513 dec_ce 1.7051 | 5.5 it/s
step   22950 | cos 0.5588 | thought 0.8966 dec_ce 1.8131 | 5.5 it/s
step   23000 | cos 0.5562 | thought 0.8697 dec_ce 1.8303 | 5.5 it/s
step   23050 | cos 0.5591 | thought 0.9117 dec_ce 1.8706 | 5.3 it/s
step   23100 | cos 0.5563 | thought 0.8899 dec_ce 1.8699 | 5.5 it/s
step   23150 | cos 0.5584 | thought 0.9019 dec_ce 1.9111 | 5.5 it/s
step   23200 | cos 0.5582 | thought 0.8838 dec_ce 1.8015 | 5.4 it/s
step   23250 | cos 0.5580 | thought 0.8656 dec_ce 1.9585 | 5.5 it/s
step   23300 | cos 0.5531 | thought 0.9249 dec_ce 1.9005 | 5.4 it/s
step   23350 | cos 0.5577 | thought 0.9106 dec_ce 2.0295 | 5.5 it/s
step   23400 | cos 0.5565 | thought 0.8861 dec_ce 1.7777 | 5.4 it/s
step   23450 | cos 0.5576 | thought 0.9239 dec_ce 2.0303 | 5.6 it/s
step   23500 | cos 0.5566 | thought 0.9078 dec_ce 1.8901 | 5.4 it/s
step   23550 | cos 0.5574 | thought 0.9201 dec_ce 2.0019 | 5.3 it/s
step   23600 | cos 0.5563 | thought 0.9073 dec_ce 1.9729 | 5.5 it/s
step   23650 | cos 0.5567 | thought 0.9 dec_ce 2.0342 | 5.5 it/s
step   23700 | cos 0.5588 | thought 0.9211 dec_ce 2.0253 | 5.7 it/s
step   23750 | cos 0.5576 | thought 0.8647 dec_ce 1.7959 | 5.5 it/s
step   23800 | cos 0.5606 | thought 0.9297 dec_ce 1.8795 | 5.5 it/s
step   23850 | cos 0.5611 | thought 0.8792 dec_ce 1.8303 | 5.5 it/s
step   23900 | cos 0.5579 | thought 0.8508 dec_ce 1.8535 | 5.5 it/s
step   23950 | cos 0.5622 | thought 0.8971 dec_ce 1.8921 | 5.4 it/s
step   24000 | cos 0.5553 | thought 0.8286 dec_ce 1.859 | 5.4 it/s
step   24000 | VAL cos 0.5605 | VAL dec CE 3.6370
step   24050 | cos 0.5559 | thought 0.8818 dec_ce 1.9388 | 4.3 it/s
step   24100 | cos 0.5586 | thought 0.9013 dec_ce 1.865 | 5.5 it/s
step   24150 | cos 0.5566 | thought 0.9081 dec_ce 2.1342 | 5.5 it/s
step   24200 | cos 0.5604 | thought 0.9003 dec_ce 1.8474 | 5.4 it/s
step   24250 | cos 0.5603 | thought 0.9048 dec_ce 2.0276 | 5.6 it/s
step   24300 | cos 0.5559 | thought 0.8974 dec_ce 1.8779 | 5.4 it/s
step   24350 | cos 0.5581 | thought 0.9039 dec_ce 1.9447 | 5.6 it/s
step   24400 | cos 0.5596 | thought 0.8802 dec_ce 1.8504 | 5.5 it/s
step   24450 | cos 0.5569 | thought 0.8583 dec_ce 1.8503 | 5.5 it/s
step   24500 | cos 0.5557 | thought 0.9239 dec_ce 1.8509 | 5.5 it/s
step   24550 | cos 0.5571 | thought 0.8584 dec_ce 1.9292 | 5.5 it/s
step   24600 | cos 0.5568 | thought 0.8458 dec_ce 1.7306 | 5.4 it/s
step   24650 | cos 0.5560 | thought 0.8891 dec_ce 1.8681 | 5.5 it/s
step   24700 | cos 0.5569 | thought 0.9693 dec_ce 1.9874 | 5.5 it/s
step   24750 | cos 0.5583 | thought 0.9089 dec_ce 2.0014 | 5.4 it/s
step   24800 | cos 0.5561 | thought 0.877 dec_ce 1.765 | 5.3 it/s
step   24850 | cos 0.5573 | thought 0.9013 dec_ce 1.9575 | 5.5 it/s
step   24900 | cos 0.5563 | thought 0.9091 dec_ce 1.9661 | 5.5 it/s
step   24950 | cos 0.5603 | thought 0.9105 dec_ce 1.8298 | 5.5 it/s
step   25000 | cos 0.5586 | thought 0.9116 dec_ce 1.9538 | 5.4 it/s
step   25050 | cos 0.5577 | thought 0.9366 dec_ce 1.9926 | 5.2 it/s
step   25100 | cos 0.5613 | thought 0.8804 dec_ce 1.9194 | 5.5 it/s
step   25150 | cos 0.5598 | thought 0.9111 dec_ce 1.9691 | 5.6 it/s
step   25200 | cos 0.5557 | thought 0.8652 dec_ce 1.8551 | 5.4 it/s
step   25250 | cos 0.5547 | thought 0.9091 dec_ce 1.9581 | 5.6 it/s
step   25300 | cos 0.5552 | thought 0.9242 dec_ce 1.9016 | 5.6 it/s
step   25350 | cos 0.5613 | thought 0.957 dec_ce 2.0227 | 5.7 it/s
step   25400 | cos 0.5602 | thought 0.9035 dec_ce 1.7722 | 5.5 it/s
step   25450 | cos 0.5554 | thought 0.8764 dec_ce 1.8729 | 5.4 it/s
step   25500 | cos 0.5551 | thought 0.9123 dec_ce 1.9652 | 5.5 it/s
step   25550 | cos 0.5577 | thought 0.9309 dec_ce 2.0559 | 5.2 it/s
step   25600 | cos 0.5602 | thought 0.8936 dec_ce 1.9125 | 5.7 it/s
step   25650 | cos 0.5606 | thought 0.8834 dec_ce 1.9587 | 5.6 it/s
step   25700 | cos 0.5585 | thought 0.874 dec_ce 1.8219 | 5.5 it/s
step   25750 | cos 0.5579 | thought 0.9006 dec_ce 1.9372 | 5.4 it/s
step   25800 | cos 0.5614 | thought 0.896 dec_ce 1.8729 | 5.6 it/s
step   25850 | cos 0.5605 | thought 0.8834 dec_ce 1.8601 | 5.4 it/s
step   25900 | cos 0.5599 | thought 0.9215 dec_ce 1.9546 | 5.5 it/s
step   25950 | cos 0.5594 | thought 0.9055 dec_ce 1.9551 | 5.5 it/s
step   26000 | cos 0.5573 | thought 0.8805 dec_ce 1.8746 | 5.4 it/s
step   26000 | VAL cos 0.5609 | VAL dec CE 3.6387
step   26050 | cos 0.5578 | thought 0.8514 dec_ce 1.8397 | 4.4 it/s
step   26100 | cos 0.5563 | thought 0.9043 dec_ce 1.9807 | 5.5 it/s
step   26150 | cos 0.5617 | thought 0.9211 dec_ce 1.9989 | 5.7 it/s
step   26200 | cos 0.5584 | thought 0.901 dec_ce 1.9876 | 5.3 it/s
step   26250 | cos 0.5614 | thought 0.8765 dec_ce 1.8131 | 5.7 it/s
step   26300 | cos 0.5593 | thought 0.8998 dec_ce 1.9003 | 5.6 it/s
step   26350 | cos 0.5629 | thought 0.8643 dec_ce 1.797 | 5.6 it/s
step   26400 | cos 0.5543 | thought 0.8814 dec_ce 1.8259 | 5.7 it/s
step   26450 | cos 0.5586 | thought 0.9034 dec_ce 1.9198 | 5.4 it/s
step   26500 | cos 0.5614 | thought 0.8664 dec_ce 1.7519 | 5.6 it/s
step   26550 | cos 0.5579 | thought 0.9279 dec_ce 2.0026 | 5.3 it/s
step   26600 | cos 0.5602 | thought 0.8832 dec_ce 1.8578 | 5.5 it/s
step   26650 | cos 0.5631 | thought 0.8411 dec_ce 1.7621 | 5.5 it/s
step   26700 | cos 0.5576 | thought 0.9159 dec_ce 1.9552 | 5.5 it/s
step   26750 | cos 0.5590 | thought 0.8875 dec_ce 1.7762 | 5.5 it/s
step   26800 | cos 0.5618 | thought 0.9284 dec_ce 1.9021 | 5.5 it/s
step   26850 | cos 0.5582 | thought 0.8838 dec_ce 1.9596 | 5.4 it/s
step   26900 | cos 0.5571 | thought 0.9158 dec_ce 1.8668 | 5.5 it/s
step   26950 | cos 0.5632 | thought 0.854 dec_ce 1.7874 | 5.4 it/s
step   27000 | cos 0.5588 | thought 0.9232 dec_ce 1.9381 | 5.5 it/s
step   27050 | cos 0.5643 | thought 0.8587 dec_ce 1.8876 | 5.4 it/s
step   27100 | cos 0.5606 | thought 0.859 dec_ce 1.8178 | 5.5 it/s
step   27150 | cos 0.5571 | thought 0.8518 dec_ce 1.781 | 5.4 it/s
step   27200 | cos 0.5604 | thought 0.8886 dec_ce 1.898 | 5.5 it/s
step   27250 | cos 0.5611 | thought 0.8788 dec_ce 1.8928 | 5.6 it/s
step   27300 | cos 0.5601 | thought 0.9146 dec_ce 1.9323 | 5.6 it/s
step   27350 | cos 0.5600 | thought 0.9091 dec_ce 1.8746 | 5.6 it/s
step   27400 | cos 0.5560 | thought 0.8581 dec_ce 1.7819 | 5.5 it/s
step   27450 | cos 0.5621 | thought 0.8618 dec_ce 1.7658 | 5.5 it/s
step   27500 | cos 0.5592 | thought 0.8559 dec_ce 1.7744 | 5.5 it/s
step   27550 | cos 0.5573 | thought 0.8783 dec_ce 1.8697 | 5.3 it/s
step   27600 | cos 0.5583 | thought 0.8652 dec_ce 1.9753 | 5.5 it/s
step   27650 | cos 0.5607 | thought 0.8702 dec_ce 1.845 | 5.6 it/s
step   27700 | cos 0.5572 | thought 0.9236 dec_ce 2.0187 | 5.4 it/s
step   27750 | cos 0.5592 | thought 0.9389 dec_ce 2.0523 | 5.4 it/s
step   27800 | cos 0.5580 | thought 0.8966 dec_ce 1.7983 | 5.4 it/s
step   27850 | cos 0.5602 | thought 0.9355 dec_ce 1.9565 | 5.5 it/s
step   27900 | cos 0.5596 | thought 0.8635 dec_ce 1.8596 | 5.4 it/s
step   27950 | cos 0.5606 | thought 0.8646 dec_ce 1.896 | 5.6 it/s
step   28000 | cos 0.5647 | thought 0.8738 dec_ce 1.8347 | 5.6 it/s
step   28000 | VAL cos 0.5621 | VAL dec CE 3.6314
step   28050 | cos 0.5523 | thought 0.8875 dec_ce 1.835 | 4.3 it/s
step   28100 | cos 0.5612 | thought 0.8928 dec_ce 1.9185 | 5.6 it/s
step   28150 | cos 0.5612 | thought 0.8985 dec_ce 1.9517 | 5.4 it/s
step   28200 | cos 0.5598 | thought 0.8905 dec_ce 1.8436 | 5.4 it/s
step   28250 | cos 0.5586 | thought 0.8734 dec_ce 1.8533 | 5.5 it/s
step   28300 | cos 0.5596 | thought 0.9156 dec_ce 1.9204 | 5.5 it/s
step   28350 | cos 0.5575 | thought 0.8881 dec_ce 1.8971 | 5.5 it/s
step   28400 | cos 0.5637 | thought 0.8779 dec_ce 1.8911 | 5.5 it/s
step   28450 | cos 0.5610 | thought 0.8328 dec_ce 1.7907 | 5.4 it/s
step   28500 | cos 0.5583 | thought 0.9246 dec_ce 2.0081 | 5.4 it/s
step   28550 | cos 0.5597 | thought 0.9207 dec_ce 1.8746 | 5.6 it/s
step   28600 | cos 0.5593 | thought 0.8763 dec_ce 1.8724 | 5.4 it/s
step   28650 | cos 0.5603 | thought 0.9214 dec_ce 1.9877 | 5.6 it/s
step   28700 | cos 0.5594 | thought 0.89 dec_ce 1.8912 | 5.4 it/s
step   28750 | cos 0.5602 | thought 0.8882 dec_ce 1.9378 | 5.5 it/s
step   28800 | cos 0.5598 | thought 0.9123 dec_ce 1.9765 | 5.4 it/s
step   28850 | cos 0.5615 | thought 0.8323 dec_ce 1.7676 | 5.5 it/s
step   28900 | cos 0.5627 | thought 0.851 dec_ce 1.6866 | 5.4 it/s
step   28950 | cos 0.5596 | thought 0.8633 dec_ce 1.8352 | 5.4 it/s
step   29000 | cos 0.5602 | thought 0.8844 dec_ce 1.7527 | 5.5 it/s
step   29050 | cos 0.5580 | thought 0.92 dec_ce 2.0084 | 5.3 it/s
step   29100 | cos 0.5612 | thought 0.9189 dec_ce 1.8959 | 5.4 it/s
step   29150 | cos 0.5603 | thought 0.9627 dec_ce 1.9489 | 5.4 it/s
step   29200 | cos 0.5559 | thought 0.8894 dec_ce 1.8621 | 5.4 it/s
step   29250 | cos 0.5615 | thought 0.8976 dec_ce 1.8539 | 5.5 it/s
step   29300 | cos 0.5586 | thought 0.8583 dec_ce 1.8091 | 5.5 it/s
step   29350 | cos 0.5585 | thought 0.9032 dec_ce 1.9249 | 5.4 it/s
step   29400 | cos 0.5613 | thought 0.8694 dec_ce 1.9516 | 5.7 it/s
step   29450 | cos 0.5625 | thought 0.8761 dec_ce 1.8613 | 5.6 it/s
step   29500 | cos 0.5595 | thought 0.8961 dec_ce 1.9264 | 5.4 it/s
step   29550 | cos 0.5578 | thought 0.8976 dec_ce 1.7431 | 5.4 it/s
step   29600 | cos 0.5613 | thought 0.9557 dec_ce 2.0032 | 5.4 it/s
step   29650 | cos 0.5631 | thought 0.8824 dec_ce 1.8091 | 5.6 it/s
step   29700 | cos 0.5620 | thought 0.9824 dec_ce 2.0566 | 5.4 it/s
step   29750 | cos 0.5603 | thought 0.9022 dec_ce 1.9762 | 5.4 it/s
step   29800 | cos 0.5607 | thought 0.8819 dec_ce 1.938 | 5.4 it/s
step   29850 | cos 0.5601 | thought 0.9253 dec_ce 1.9919 | 5.4 it/s
step   29900 | cos 0.5612 | thought 0.9127 dec_ce 1.9131 | 5.5 it/s
step   29950 | cos 0.5584 | thought 0.9126 dec_ce 1.961 | 5.5 it/s
step   30000 | cos 0.5621 | thought 0.9028 dec_ce 1.9366 | 5.3 it/s
step   30000 | VAL cos 0.5637 | VAL dec CE 3.6176
step   30050 | cos 0.5607 | thought 0.9141 dec_ce 1.959 | 4.4 it/s
step   30100 | cos 0.5604 | thought 0.8623 dec_ce 1.765 | 5.4 it/s
step   30150 | cos 0.5611 | thought 0.8293 dec_ce 1.8055 | 5.5 it/s
step   30200 | cos 0.5633 | thought 0.9174 dec_ce 1.938 | 5.5 it/s
step   30250 | cos 0.5615 | thought 0.9107 dec_ce 1.9215 | 5.5 it/s
step   30300 | cos 0.5625 | thought 0.8811 dec_ce 1.8292 | 5.5 it/s
step   30350 | cos 0.5622 | thought 0.8972 dec_ce 1.8638 | 5.4 it/s
step   30400 | cos 0.5579 | thought 0.9144 dec_ce 1.9625 | 5.4 it/s
step   30450 | cos 0.5592 | thought 0.8895 dec_ce 1.9189 | 5.4 it/s
step   30500 | cos 0.5641 | thought 0.8497 dec_ce 1.8487 | 5.5 it/s
step   30550 | cos 0.5616 | thought 0.8866 dec_ce 2.0307 | 5.3 it/s
step   30600 | cos 0.5586 | thought 0.8963 dec_ce 1.9608 | 5.5 it/s
step   30650 | cos 0.5614 | thought 0.8828 dec_ce 1.8836 | 5.7 it/s
step   30700 | cos 0.5568 | thought 0.9238 dec_ce 1.9727 | 5.3 it/s
step   30750 | cos 0.5585 | thought 0.9109 dec_ce 1.9837 | 5.5 it/s
step   30800 | cos 0.5602 | thought 0.9243 dec_ce 1.9053 | 5.3 it/s
step   30850 | cos 0.5665 | thought 0.9258 dec_ce 1.893 | 5.6 it/s
step   30900 | cos 0.5602 | thought 0.8661 dec_ce 1.8382 | 5.6 it/s
step   30950 | cos 0.5625 | thought 0.9144 dec_ce 1.9212 | 5.7 it/s
step   31000 | cos 0.5605 | thought 0.9141 dec_ce 2.009 | 5.5 it/s
step   31050 | cos 0.5630 | thought 0.9062 dec_ce 1.8218 | 5.4 it/s
step   31100 | cos 0.5572 | thought 0.8863 dec_ce 1.8722 | 5.5 it/s
step   31150 | cos 0.5603 | thought 0.8785 dec_ce 1.8845 | 5.6 it/s
step   31200 | cos 0.5611 | thought 0.8828 dec_ce 1.8173 | 5.4 it/s
step   31250 | cos 0.5604 | thought 0.9248 dec_ce 2.0262 | 5.5 it/s
step   31300 | cos 0.5574 | thought 0.9134 dec_ce 1.9793 | 5.5 it/s
step   31350 | cos 0.5570 | thought 0.9118 dec_ce 1.9627 | 5.4 it/s
step   31400 | cos 0.5623 | thought 0.8902 dec_ce 1.8453 | 5.5 it/s
step   31450 | cos 0.5624 | thought 0.8789 dec_ce 1.7973 | 5.6 it/s
step   31500 | cos 0.5608 | thought 0.8989 dec_ce 1.8673 | 5.4 it/s
step   31550 | cos 0.5642 | thought 0.8528 dec_ce 1.7417 | 5.3 it/s
step   31600 | cos 0.5631 | thought 0.8892 dec_ce 1.7943 | 5.5 it/s
step   31650 | cos 0.5639 | thought 0.886 dec_ce 1.8882 | 5.5 it/s
step   31700 | cos 0.5615 | thought 0.9089 dec_ce 1.9064 | 5.5 it/s
step   31750 | cos 0.5576 | thought 0.8837 dec_ce 1.832 | 5.4 it/s
step   31800 | cos 0.5578 | thought 0.9507 dec_ce 2.1065 | 5.5 it/s
step   31850 | cos 0.5570 | thought 0.8975 dec_ce 2.0012 | 5.3 it/s
step   31900 | cos 0.5634 | thought 0.8874 dec_ce 1.8 | 5.6 it/s
step   31950 | cos 0.5628 | thought 0.8524 dec_ce 1.7522 | 5.4 it/s
step   32000 | cos 0.5554 | thought 0.8727 dec_ce 1.9163 | 5.4 it/s
step   32000 | VAL cos 0.5630 | VAL dec CE 3.6226
step   32050 | cos 0.5592 | thought 0.8786 dec_ce 1.8328 | 4.5 it/s
step   32100 | cos 0.5577 | thought 0.8775 dec_ce 1.8477 | 5.5 it/s
step   32150 | cos 0.5592 | thought 0.8805 dec_ce 1.7729 | 5.7 it/s
step   32200 | cos 0.5619 | thought 0.8721 dec_ce 1.7027 | 5.4 it/s
step   32250 | cos 0.5646 | thought 0.8891 dec_ce 1.9196 | 5.7 it/s
step   32300 | cos 0.5611 | thought 0.8753 dec_ce 1.8685 | 5.7 it/s
step   32350 | cos 0.5602 | thought 0.9067 dec_ce 1.9825 | 5.5 it/s
step   32400 | cos 0.5602 | thought 0.8849 dec_ce 1.8663 | 5.6 it/s
step   32450 | cos 0.5607 | thought 0.9024 dec_ce 1.8116 | 5.6 it/s
step   32500 | cos 0.5614 | thought 0.8879 dec_ce 1.8439 | 5.6 it/s
step   32550 | cos 0.5609 | thought 0.9024 dec_ce 1.934 | 5.5 it/s
step   32600 | cos 0.5604 | thought 0.9045 dec_ce 1.9699 | 5.6 it/s
step   32650 | cos 0.5574 | thought 0.9629 dec_ce 1.9475 | 5.6 it/s
step   32700 | cos 0.5605 | thought 0.8572 dec_ce 1.7113 | 5.5 it/s
step   32750 | cos 0.5644 | thought 0.9185 dec_ce 1.8608 | 5.5 it/s
step   32800 | cos 0.5637 | thought 0.8725 dec_ce 1.8148 | 5.5 it/s
step   32850 | cos 0.5586 | thought 0.889 dec_ce 1.939 | 5.5 it/s
step   32900 | cos 0.5613 | thought 0.872 dec_ce 1.9917 | 5.3 it/s
step   32950 | cos 0.5617 | thought 0.9242 dec_ce 2.0659 | 5.4 it/s
step   33000 | cos 0.5615 | thought 0.9234 dec_ce 1.928 | 5.5 it/s
step   33050 | cos 0.5610 | thought 0.8732 dec_ce 1.9373 | 5.2 it/s
step   33100 | cos 0.5619 | thought 0.8964 dec_ce 1.9379 | 5.3 it/s
step   33150 | cos 0.5630 | thought 0.9146 dec_ce 1.9689 | 5.3 it/s
step   33200 | cos 0.5639 | thought 0.8751 dec_ce 1.8486 | 5.5 it/s
step   33250 | cos 0.5624 | thought 0.8808 dec_ce 1.8572 | 5.4 it/s
step   33300 | cos 0.5612 | thought 0.9053 dec_ce 1.9826 | 5.4 it/s
step   33350 | cos 0.5606 | thought 0.926 dec_ce 1.8943 | 5.5 it/s
step   33400 | cos 0.5629 | thought 0.8792 dec_ce 1.8565 | 5.3 it/s
step   33450 | cos 0.5612 | thought 0.9437 dec_ce 2.0314 | 5.3 it/s
step   33500 | cos 0.5628 | thought 0.8907 dec_ce 1.8863 | 5.5 it/s
step   33550 | cos 0.5611 | thought 0.8886 dec_ce 1.9181 | 5.2 it/s
step   33600 | cos 0.5602 | thought 0.8518 dec_ce 1.7643 | 5.3 it/s
step   33650 | cos 0.5641 | thought 0.8744 dec_ce 1.8914 | 5.5 it/s
step   33700 | cos 0.5569 | thought 0.9173 dec_ce 1.9713 | 5.2 it/s
step   33750 | cos 0.5621 | thought 0.8828 dec_ce 1.8788 | 5.4 it/s
step   33800 | cos 0.5629 | thought 0.924 dec_ce 1.9955 | 5.3 it/s
step   33850 | cos 0.5608 | thought 0.884 dec_ce 1.8044 | 5.5 it/s
step   33900 | cos 0.5629 | thought 0.8714 dec_ce 1.8166 | 5.3 it/s
step   33950 | cos 0.5637 | thought 0.8855 dec_ce 1.8172 | 5.4 it/s
step   34000 | cos 0.5661 | thought 0.8644 dec_ce 1.9012 | 5.4 it/s
step   34000 | VAL cos 0.5639 | VAL dec CE 3.6147
step   34050 | cos 0.5607 | thought 0.8761 dec_ce 1.8131 | 4.2 it/s
step   34100 | cos 0.5626 | thought 0.8861 dec_ce 1.8585 | 5.4 it/s
step   34150 | cos 0.5617 | thought 0.8738 dec_ce 1.8746 | 5.4 it/s
step   34200 | cos 0.5627 | thought 0.8673 dec_ce 1.8493 | 5.3 it/s
step   34250 | cos 0.5651 | thought 0.8231 dec_ce 1.7425 | 5.4 it/s
step   34300 | cos 0.5632 | thought 0.8969 dec_ce 1.9484 | 5.3 it/s
step   34350 | cos 0.5586 | thought 0.8312 dec_ce 1.8675 | 5.3 it/s
step   34400 | cos 0.5592 | thought 0.8657 dec_ce 1.8702 | 5.1 it/s
step   34450 | cos 0.5610 | thought 0.9273 dec_ce 1.9294 | 5.3 it/s
step   34500 | cos 0.5612 | thought 0.9097 dec_ce 1.8885 | 5.3 it/s
step   34550 | cos 0.5609 | thought 0.8903 dec_ce 1.8888 | 5.1 it/s
step   34600 | cos 0.5584 | thought 0.9203 dec_ce 1.9272 | 5.3 it/s
step   34650 | cos 0.5628 | thought 0.8908 dec_ce 1.8538 | 5.3 it/s
step   34700 | cos 0.5628 | thought 0.9028 dec_ce 1.8915 | 5.3 it/s
step   34750 | cos 0.5616 | thought 0.9198 dec_ce 1.9632 | 5.5 it/s
step   34800 | cos 0.5628 | thought 0.8655 dec_ce 1.8494 | 5.3 it/s
step   34850 | cos 0.5645 | thought 0.889 dec_ce 1.9117 | 5.4 it/s
step   34900 | cos 0.5632 | thought 0.9095 dec_ce 1.8556 | 5.2 it/s
step   34950 | cos 0.5607 | thought 0.8995 dec_ce 1.8812 | 5.3 it/s
step   35000 | cos 0.5617 | thought 0.8926 dec_ce 1.9282 | 5.2 it/s
step   35050 | cos 0.5615 | thought 0.8933 dec_ce 1.868 | 5.2 it/s
step   35100 | cos 0.5653 | thought 0.8391 dec_ce 1.8252 | 5.4 it/s
step   35150 | cos 0.5613 | thought 0.8906 dec_ce 1.9892 | 5.2 it/s
step   35200 | cos 0.5630 | thought 0.9052 dec_ce 1.8377 | 5.5 it/s
step   35250 | cos 0.5625 | thought 0.9032 dec_ce 1.9782 | 5.3 it/s
step   35300 | cos 0.5610 | thought 0.8658 dec_ce 1.786 | 5.3 it/s
step   35350 | cos 0.5601 | thought 0.9101 dec_ce 1.8595 | 5.3 it/s
step   35400 | cos 0.5618 | thought 0.9323 dec_ce 1.9563 | 5.5 it/s
step   35450 | cos 0.5601 | thought 0.8934 dec_ce 1.8989 | 5.4 it/s
step   35500 | cos 0.5607 | thought 0.8759 dec_ce 1.9008 | 5.3 it/s
step   35550 | cos 0.5577 | thought 0.8977 dec_ce 1.7575 | 5.1 it/s
step   35600 | cos 0.5625 | thought 0.8905 dec_ce 1.9302 | 5.4 it/s
step   35650 | cos 0.5627 | thought 0.8945 dec_ce 1.9206 | 5.3 it/s
step   35700 | cos 0.5634 | thought 0.9204 dec_ce 1.9203 | 5.3 it/s
step   35750 | cos 0.5601 | thought 0.9109 dec_ce 1.875 | 5.4 it/s
step   35800 | cos 0.5592 | thought 0.8259 dec_ce 1.7214 | 5.2 it/s
step   35850 | cos 0.5675 | thought 0.8665 dec_ce 1.836 | 5.4 it/s
step   35900 | cos 0.5591 | thought 0.9249 dec_ce 2.0077 | 5.5 it/s
step   35950 | cos 0.5631 | thought 0.9102 dec_ce 1.9876 | 5.4 it/s
step   36000 | cos 0.5628 | thought 0.9102 dec_ce 1.8469 | 5.5 it/s
step   36000 | VAL cos 0.5644 | VAL dec CE 3.6074
step   36050 | cos 0.5598 | thought 0.9329 dec_ce 2.036 | 4.2 it/s
step   36100 | cos 0.5662 | thought 0.9074 dec_ce 1.9072 | 5.5 it/s
step   36150 | cos 0.5614 | thought 0.8713 dec_ce 1.8279 | 5.4 it/s
step   36200 | cos 0.5607 | thought 0.8471 dec_ce 1.8526 | 5.3 it/s
step   36250 | cos 0.5605 | thought 0.8623 dec_ce 1.832 | 5.4 it/s
step   36300 | cos 0.5630 | thought 0.8809 dec_ce 1.8771 | 5.4 it/s
step   36350 | cos 0.5605 | thought 0.9437 dec_ce 1.9593 | 5.4 it/s
step   36400 | cos 0.5629 | thought 0.8782 dec_ce 1.811 | 5.3 it/s
step   36450 | cos 0.5632 | thought 0.8782 dec_ce 1.9319 | 5.4 it/s
step   36500 | cos 0.5618 | thought 0.896 dec_ce 1.9404 | 5.3 it/s
step   36550 | cos 0.5604 | thought 0.8997 dec_ce 1.8448 | 5.1 it/s
step   36600 | cos 0.5593 | thought 0.8933 dec_ce 1.8571 | 5.3 it/s
step   36650 | cos 0.5607 | thought 0.8779 dec_ce 1.846 | 5.3 it/s
step   36700 | cos 0.5585 | thought 0.9157 dec_ce 1.9403 | 5.2 it/s
step   36750 | cos 0.5635 | thought 0.8759 dec_ce 1.8345 | 5.2 it/s
step   36800 | cos 0.5613 | thought 0.9143 dec_ce 1.9272 | 5.4 it/s
step   36850 | cos 0.5622 | thought 0.9046 dec_ce 1.9725 | 5.4 it/s
step   36900 | cos 0.5619 | thought 0.9004 dec_ce 1.9462 | 5.3 it/s
step   36950 | cos 0.5635 | thought 0.9046 dec_ce 1.9406 | 5.3 it/s
step   37000 | cos 0.5606 | thought 0.8548 dec_ce 1.7892 | 5.3 it/s
step   37050 | cos 0.5624 | thought 0.8831 dec_ce 1.9453 | 5.4 it/s
step   37100 | cos 0.5621 | thought 0.9082 dec_ce 2.0003 | 5.5 it/s
step   37150 | cos 0.5639 | thought 0.8378 dec_ce 1.6653 | 5.3 it/s
step   37200 | cos 0.5595 | thought 0.9139 dec_ce 1.9598 | 5.4 it/s
step   37250 | cos 0.5625 | thought 0.8653 dec_ce 1.7749 | 5.4 it/s
step   37300 | cos 0.5605 | thought 0.9023 dec_ce 1.9642 | 5.5 it/s
step   37350 | cos 0.5625 | thought 0.8456 dec_ce 1.8744 | 5.4 it/s
step   37400 | cos 0.5560 | thought 0.8662 dec_ce 1.7507 | 5.4 it/s
step   37450 | cos 0.5625 | thought 0.9264 dec_ce 1.8696 | 5.4 it/s
step   37500 | cos 0.5651 | thought 0.8318 dec_ce 1.7706 | 5.6 it/s
step   37550 | cos 0.5630 | thought 0.828 dec_ce 1.7824 | 5.4 it/s
step   37600 | cos 0.5622 | thought 0.8815 dec_ce 1.9459 | 5.4 it/s
step   37650 | cos 0.5627 | thought 0.8596 dec_ce 1.7815 | 5.6 it/s
step   37700 | cos 0.5634 | thought 0.8907 dec_ce 1.9303 | 5.3 it/s
step   37750 | cos 0.5682 | thought 0.8267 dec_ce 1.7399 | 5.5 it/s
step   37800 | cos 0.5599 | thought 0.9443 dec_ce 1.9509 | 5.4 it/s
step   37850 | cos 0.5595 | thought 0.8961 dec_ce 1.864 | 5.3 it/s
step   37900 | cos 0.5659 | thought 0.8276 dec_ce 1.7312 | 5.3 it/s
step   37950 | cos 0.5621 | thought 0.9138 dec_ce 1.9941 | 5.4 it/s
step   38000 | cos 0.5623 | thought 0.8832 dec_ce 1.8345 | 5.5 it/s
step   38000 | VAL cos 0.5644 | VAL dec CE 3.6145
step   38050 | cos 0.5607 | thought 0.8932 dec_ce 1.8918 | 4.2 it/s
step   38100 | cos 0.5624 | thought 0.9114 dec_ce 1.8704 | 5.2 it/s
step   38150 | cos 0.5644 | thought 0.8634 dec_ce 1.8124 | 5.6 it/s
step   38200 | cos 0.5649 | thought 0.8733 dec_ce 1.8607 | 5.4 it/s
step   38250 | cos 0.5569 | thought 0.8924 dec_ce 1.9576 | 5.4 it/s
step   38300 | cos 0.5643 | thought 0.8511 dec_ce 1.8126 | 5.4 it/s
step   38350 | cos 0.5629 | thought 0.9124 dec_ce 1.9576 | 5.3 it/s
step   38400 | cos 0.5598 | thought 0.8924 dec_ce 1.971 | 5.3 it/s
step   38450 | cos 0.5610 | thought 0.9272 dec_ce 1.9782 | 5.6 it/s
step   38500 | cos 0.5645 | thought 0.9172 dec_ce 1.8823 | 5.4 it/s
step   38550 | cos 0.5603 | thought 0.9071 dec_ce 2.002 | 5.2 it/s
step   38600 | cos 0.5638 | thought 0.8712 dec_ce 1.8528 | 5.5 it/s
step   38650 | cos 0.5630 | thought 0.8993 dec_ce 1.8773 | 5.2 it/s
step   38700 | cos 0.5649 | thought 0.895 dec_ce 1.8576 | 5.5 it/s
step   38750 | cos 0.5615 | thought 0.8616 dec_ce 1.8335 | 5.4 it/s
step   38800 | cos 0.5611 | thought 0.8598 dec_ce 1.7705 | 5.4 it/s
step   38850 | cos 0.5642 | thought 0.9125 dec_ce 2.011 | 5.4 it/s
step   38900 | cos 0.5636 | thought 0.8393 dec_ce 1.7063 | 5.4 it/s
step   38950 | cos 0.5601 | thought 0.9519 dec_ce 2.0712 | 5.4 it/s
step   39000 | cos 0.5659 | thought 0.9404 dec_ce 1.984 | 5.4 it/s
step   39050 | cos 0.5636 | thought 0.9294 dec_ce 1.9102 | 5.2 it/s
step   39100 | cos 0.5608 | thought 0.8895 dec_ce 1.9254 | 5.5 it/s
step   39150 | cos 0.5625 | thought 0.9337 dec_ce 1.98 | 5.4 it/s
step   39200 | cos 0.5637 | thought 0.8829 dec_ce 1.8867 | 5.4 it/s
step   39250 | cos 0.5587 | thought 0.8919 dec_ce 1.7231 | 5.4 it/s
step   39300 | cos 0.5629 | thought 0.8945 dec_ce 1.9529 | 5.4 it/s
step   39350 | cos 0.5602 | thought 0.8786 dec_ce 1.992 | 5.4 it/s
step   39400 | cos 0.5599 | thought 0.9286 dec_ce 1.9227 | 5.5 it/s
step   39450 | cos 0.5618 | thought 0.8826 dec_ce 1.8756 | 5.3 it/s
step   39500 | cos 0.5632 | thought 0.8823 dec_ce 1.7031 | 5.4 it/s
step   39550 | cos 0.5657 | thought 0.9013 dec_ce 1.9537 | 5.4 it/s
step   39600 | cos 0.5654 | thought 0.8933 dec_ce 1.9155 | 5.6 it/s
step   39650 | cos 0.5639 | thought 0.8624 dec_ce 1.815 | 5.5 it/s
step   39700 | cos 0.5663 | thought 0.9133 dec_ce 1.914 | 5.5 it/s
step   39750 | cos 0.5633 | thought 0.9125 dec_ce 1.9753 | 5.4 it/s
step   39800 | cos 0.5633 | thought 0.9145 dec_ce 1.9204 | 5.4 it/s
step   39850 | cos 0.5682 | thought 0.9022 dec_ce 1.9903 | 5.4 it/s
step   39900 | cos 0.5632 | thought 0.8938 dec_ce 1.9491 | 5.5 it/s
step   39950 | cos 0.5624 | thought 0.8917 dec_ce 1.9522 | 5.3 it/s
step   40000 | cos 0.5586 | thought 0.9317 dec_ce 1.9591 | 5.4 it/s
step   40000 | VAL cos 0.5642 | VAL dec CE 3.6057
step   40050 | cos 0.5623 | thought 0.9029 dec_ce 1.8956 | 4.2 it/s
step   40100 | cos 0.5655 | thought 0.8883 dec_ce 1.9719 | 5.4 it/s
step   40150 | cos 0.5624 | thought 0.8812 dec_ce 1.915 | 5.5 it/s
step   40200 | cos 0.5612 | thought 0.8673 dec_ce 1.9621 | 5.4 it/s
step   40250 | cos 0.5637 | thought 0.9024 dec_ce 1.8785 | 5.6 it/s
step   40300 | cos 0.5649 | thought 0.8481 dec_ce 1.8585 | 5.6 it/s
step   40350 | cos 0.5651 | thought 0.8548 dec_ce 1.7972 | 5.6 it/s
step   40400 | cos 0.5639 | thought 0.9045 dec_ce 1.9197 | 5.4 it/s
step   40450 | cos 0.5680 | thought 0.9135 dec_ce 1.9438 | 5.5 it/s
step   40500 | cos 0.5634 | thought 0.9075 dec_ce 1.8386 | 5.3 it/s
step   40550 | cos 0.5626 | thought 0.8764 dec_ce 1.8377 | 5.2 it/s
step   40600 | cos 0.5622 | thought 0.9082 dec_ce 1.8937 | 5.3 it/s
step   40650 | cos 0.5655 | thought 0.9035 dec_ce 1.836 | 5.5 it/s
step   40700 | cos 0.5640 | thought 0.8846 dec_ce 1.7841 | 5.2 it/s
step   40750 | cos 0.5632 | thought 0.9227 dec_ce 2.0214 | 5.4 it/s
step   40800 | cos 0.5640 | thought 0.8628 dec_ce 1.9005 | 5.4 it/s
step   40850 | cos 0.5626 | thought 0.8753 dec_ce 1.8488 | 5.4 it/s
step   40900 | cos 0.5625 | thought 0.8975 dec_ce 1.8597 | 5.3 it/s
step   40950 | cos 0.5620 | thought 0.9196 dec_ce 1.9035 | 5.2 it/s
step   41000 | cos 0.5610 | thought 0.9154 dec_ce 2.0258 | 5.2 it/s
step   41050 | cos 0.5613 | thought 0.9032 dec_ce 1.9503 | 5.2 it/s
step   41100 | cos 0.5674 | thought 0.8721 dec_ce 1.811 | 5.3 it/s
step   41150 | cos 0.5634 | thought 0.8845 dec_ce 1.9822 | 5.2 it/s
step   41200 | cos 0.5604 | thought 0.8942 dec_ce 1.886 | 5.3 it/s
step   41250 | cos 0.5630 | thought 0.8446 dec_ce 1.8507 | 5.3 it/s
step   41300 | cos 0.5640 | thought 0.921 dec_ce 1.8724 | 5.2 it/s
step   41350 | cos 0.5650 | thought 0.928 dec_ce 1.8922 | 5.5 it/s
step   41400 | cos 0.5621 | thought 0.9002 dec_ce 1.8832 | 5.4 it/s
step   41450 | cos 0.5638 | thought 0.8824 dec_ce 1.904 | 5.3 it/s
step   41500 | cos 0.5630 | thought 0.8697 dec_ce 1.8619 | 5.4 it/s
step   41550 | cos 0.5670 | thought 0.916 dec_ce 2.0287 | 5.1 it/s
step   41600 | cos 0.5629 | thought 0.8764 dec_ce 1.8935 | 5.3 it/s
step   41650 | cos 0.5657 | thought 0.8545 dec_ce 1.7361 | 5.4 it/s
step   41700 | cos 0.5622 | thought 0.8732 dec_ce 1.7942 | 5.4 it/s
step   41750 | cos 0.5682 | thought 0.8598 dec_ce 1.7696 | 5.4 it/s
step   41800 | cos 0.5631 | thought 0.8947 dec_ce 1.9956 | 5.4 it/s
step   41850 | cos 0.5631 | thought 0.8818 dec_ce 1.9322 | 5.3 it/s
step   41900 | cos 0.5620 | thought 0.9002 dec_ce 1.9127 | 5.4 it/s
step   41950 | cos 0.5648 | thought 0.8676 dec_ce 1.9484 | 5.4 it/s
step   42000 | cos 0.5628 | thought 0.9254 dec_ce 1.9636 | 5.2 it/s
step   42000 | VAL cos 0.5663 | VAL dec CE 3.5908
step   42050 | cos 0.5623 | thought 0.901 dec_ce 1.8744 | 4.2 it/s
step   42100 | cos 0.5640 | thought 0.8922 dec_ce 1.9123 | 5.4 it/s
step   42150 | cos 0.5643 | thought 0.8664 dec_ce 1.9256 | 5.4 it/s
step   42200 | cos 0.5656 | thought 0.8891 dec_ce 1.8537 | 5.5 it/s
step   42250 | cos 0.5645 | thought 0.8928 dec_ce 1.8795 | 5.2 it/s
step   42300 | cos 0.5644 | thought 0.8746 dec_ce 1.7973 | 5.4 it/s
step   42350 | cos 0.5637 | thought 0.9157 dec_ce 1.8625 | 5.3 it/s
step   42400 | cos 0.5652 | thought 0.8967 dec_ce 1.9571 | 5.4 it/s
step   42450 | cos 0.5661 | thought 0.8984 dec_ce 1.853 | 5.5 it/s
step   42500 | cos 0.5641 | thought 0.9086 dec_ce 2.031 | 5.2 it/s
step   42550 | cos 0.5634 | thought 0.9154 dec_ce 1.8853 | 5.3 it/s
step   42600 | cos 0.5636 | thought 0.927 dec_ce 1.9631 | 5.4 it/s
step   42650 | cos 0.5624 | thought 0.8664 dec_ce 1.7255 | 5.4 it/s
step   42700 | cos 0.5604 | thought 0.9045 dec_ce 1.8677 | 5.5 it/s
step   42750 | cos 0.5643 | thought 0.9475 dec_ce 2.0551 | 5.3 it/s
step   42800 | cos 0.5628 | thought 0.8853 dec_ce 1.8683 | 5.4 it/s
step   42850 | cos 0.5633 | thought 0.9032 dec_ce 1.9564 | 5.5 it/s
step   42900 | cos 0.5640 | thought 0.9149 dec_ce 1.8587 | 5.3 it/s
step   42950 | cos 0.5640 | thought 0.8795 dec_ce 1.9275 | 5.4 it/s
step   43000 | cos 0.5641 | thought 0.8617 dec_ce 1.8523 | 5.4 it/s
step   43050 | cos 0.5648 | thought 0.894 dec_ce 1.9445 | 5.2 it/s
step   43100 | cos 0.5659 | thought 0.9247 dec_ce 1.9946 | 5.2 it/s
step   43150 | cos 0.5646 | thought 0.8363 dec_ce 1.7301 | 5.3 it/s
step   43200 | cos 0.5656 | thought 0.8461 dec_ce 1.7574 | 5.3 it/s
step   43250 | cos 0.5630 | thought 0.8194 dec_ce 1.7246 | 5.2 it/s
step   43300 | cos 0.5652 | thought 0.8827 dec_ce 1.9681 | 5.2 it/s
step   43350 | cos 0.5652 | thought 0.8677 dec_ce 1.8105 | 5.3 it/s
step   43400 | cos 0.5641 | thought 0.9181 dec_ce 1.8653 | 5.4 it/s
step   43450 | cos 0.5598 | thought 0.9144 dec_ce 1.933 | 5.3 it/s
step   43500 | cos 0.5676 | thought 0.8796 dec_ce 1.8807 | 5.4 it/s
step   43550 | cos 0.5629 | thought 0.8452 dec_ce 1.8253 | 5.2 it/s
step   43600 | cos 0.5618 | thought 0.9257 dec_ce 2.014 | 5.3 it/s
step   43650 | cos 0.5634 | thought 0.9334 dec_ce 2.0664 | 5.3 it/s
step   43700 | cos 0.5621 | thought 0.8899 dec_ce 1.8531 | 5.3 it/s
step   43750 | cos 0.5637 | thought 0.8721 dec_ce 1.8027 | 5.3 it/s
step   43800 | cos 0.5617 | thought 0.9153 dec_ce 1.9626 | 5.3 it/s
step   43850 | cos 0.5629 | thought 0.8834 dec_ce 1.8754 | 5.4 it/s
step   43900 | cos 0.5696 | thought 0.9044 dec_ce 1.8743 | 5.3 it/s
step   43950 | cos 0.5623 | thought 0.8862 dec_ce 1.8644 | 5.2 it/s
step   44000 | cos 0.5644 | thought 0.9385 dec_ce 1.9253 | 5.4 it/s
step   44000 | VAL cos 0.5654 | VAL dec CE 3.5967
step   44050 | cos 0.5651 | thought 0.8968 dec_ce 1.9408 | 4.3 it/s
step   44100 | cos 0.5671 | thought 0.8547 dec_ce 1.827 | 5.4 it/s
step   44150 | cos 0.5642 | thought 0.9063 dec_ce 1.8874 | 5.4 it/s
step   44200 | cos 0.5631 | thought 0.8738 dec_ce 1.8504 | 5.4 it/s
step   44250 | cos 0.5625 | thought 0.8472 dec_ce 1.9147 | 5.3 it/s
step   44300 | cos 0.5655 | thought 0.8995 dec_ce 1.8844 | 5.4 it/s
step   44350 | cos 0.5634 | thought 0.8684 dec_ce 1.9315 | 5.4 it/s
step   44400 | cos 0.5624 | thought 0.9215 dec_ce 2.0227 | 5.4 it/s
step   44450 | cos 0.5636 | thought 0.8971 dec_ce 1.8735 | 5.2 it/s
step   44500 | cos 0.5613 | thought 0.8682 dec_ce 1.9039 | 5.3 it/s
step   44550 | cos 0.5660 | thought 0.8676 dec_ce 1.8376 | 5.3 it/s
step   44600 | cos 0.5651 | thought 0.8636 dec_ce 1.8278 | 5.4 it/s
step   44650 | cos 0.5594 | thought 0.8809 dec_ce 1.8997 | 5.3 it/s
step   44700 | cos 0.5696 | thought 0.9244 dec_ce 1.9715 | 5.5 it/s
step   44750 | cos 0.5641 | thought 0.8556 dec_ce 1.7269 | 5.3 it/s
step   44800 | cos 0.5616 | thought 0.8578 dec_ce 1.7847 | 5.3 it/s
step   44850 | cos 0.5646 | thought 0.878 dec_ce 1.8469 | 5.3 it/s
step   44900 | cos 0.5638 | thought 0.8768 dec_ce 1.9207 | 5.3 it/s
step   44950 | cos 0.5657 | thought 0.8161 dec_ce 1.8632 | 5.3 it/s
step   45000 | cos 0.5641 | thought 0.8559 dec_ce 1.7616 | 5.4 it/s
step   45050 | cos 0.5666 | thought 0.8814 dec_ce 1.9053 | 5.0 it/s
step   45100 | cos 0.5643 | thought 0.8788 dec_ce 1.8225 | 5.2 it/s
step   45150 | cos 0.5626 | thought 0.8722 dec_ce 1.8651 | 5.2 it/s
step   45200 | cos 0.5641 | thought 0.9401 dec_ce 1.9867 | 5.2 it/s
step   45250 | cos 0.5651 | thought 0.9069 dec_ce 1.9022 | 5.3 it/s
step   45300 | cos 0.5660 | thought 0.905 dec_ce 1.9637 | 5.4 it/s
step   45350 | cos 0.5647 | thought 0.8759 dec_ce 1.9187 | 5.4 it/s
step   45400 | cos 0.5623 | thought 0.8746 dec_ce 1.8101 | 5.3 it/s
step   45450 | cos 0.5619 | thought 0.8824 dec_ce 1.8991 | 5.4 it/s
step   45500 | cos 0.5675 | thought 0.8517 dec_ce 1.7881 | 5.2 it/s
step   45550 | cos 0.5663 | thought 0.8975 dec_ce 1.9543 | 5.2 it/s
step   45600 | cos 0.5648 | thought 0.8498 dec_ce 1.7614 | 5.3 it/s
step   45650 | cos 0.5684 | thought 0.8603 dec_ce 1.8324 | 5.5 it/s
step   45700 | cos 0.5633 | thought 0.9197 dec_ce 2.0517 | 5.3 it/s
step   45750 | cos 0.5641 | thought 0.8724 dec_ce 1.8081 | 5.5 it/s
step   45800 | cos 0.5644 | thought 0.8841 dec_ce 1.8907 | 5.2 it/s
step   45850 | cos 0.5652 | thought 0.8691 dec_ce 1.8208 | 5.4 it/s
step   45900 | cos 0.5613 | thought 0.925 dec_ce 2.0056 | 5.1 it/s
step   45950 | cos 0.5683 | thought 0.8603 dec_ce 1.8271 | 5.2 it/s
step   46000 | cos 0.5637 | thought 0.8801 dec_ce 1.8231 | 5.4 it/s
step   46000 | VAL cos 0.5667 | VAL dec CE 3.5857
step   46050 | cos 0.5649 | thought 0.9099 dec_ce 1.9517 | 4.3 it/s
step   46100 | cos 0.5629 | thought 0.8599 dec_ce 1.7925 | 5.2 it/s
step   46150 | cos 0.5644 | thought 0.9125 dec_ce 1.9387 | 5.3 it/s
step   46200 | cos 0.5635 | thought 0.9096 dec_ce 1.8779 | 5.3 it/s
step   46250 | cos 0.5611 | thought 0.898 dec_ce 1.8793 | 5.3 it/s
step   46300 | cos 0.5667 | thought 0.875 dec_ce 1.8213 | 5.4 it/s
step   46350 | cos 0.5660 | thought 0.859 dec_ce 1.8597 | 5.4 it/s
step   46400 | cos 0.5620 | thought 0.8231 dec_ce 1.7468 | 5.4 it/s
step   46450 | cos 0.5632 | thought 0.8483 dec_ce 1.8152 | 5.3 it/s
step   46500 | cos 0.5609 | thought 0.919 dec_ce 1.9154 | 5.2 it/s
step   46550 | cos 0.5640 | thought 0.906 dec_ce 1.9535 | 5.4 it/s
step   46600 | cos 0.5698 | thought 0.8581 dec_ce 1.8611 | 5.3 it/s
step   46650 | cos 0.5662 | thought 0.8799 dec_ce 1.8777 | 5.4 it/s
step   46700 | cos 0.5637 | thought 0.8761 dec_ce 1.9295 | 5.3 it/s
step   46750 | cos 0.5663 | thought 0.9239 dec_ce 2.0894 | 5.5 it/s
step   46800 | cos 0.5667 | thought 0.9308 dec_ce 1.948 | 5.4 it/s
step   46850 | cos 0.5634 | thought 0.8839 dec_ce 1.9089 | 5.3 it/s
step   46900 | cos 0.5640 | thought 0.8824 dec_ce 1.878 | 5.4 it/s
step   46950 | cos 0.5636 | thought 0.9027 dec_ce 1.8943 | 5.2 it/s
step   47000 | cos 0.5635 | thought 0.8674 dec_ce 1.753 | 5.4 it/s
step   47050 | cos 0.5685 | thought 0.8992 dec_ce 1.8627 | 5.1 it/s
step   47100 | cos 0.5627 | thought 0.9252 dec_ce 1.9898 | 5.2 it/s
step   47150 | cos 0.5620 | thought 0.86 dec_ce 1.7644 | 5.3 it/s
step   47200 | cos 0.5669 | thought 0.8975 dec_ce 1.8036 | 5.2 it/s
step   47250 | cos 0.5620 | thought 0.9054 dec_ce 1.9056 | 5.2 it/s
step   47300 | cos 0.5637 | thought 0.8695 dec_ce 1.8793 | 5.3 it/s
step   47350 | cos 0.5673 | thought 0.9499 dec_ce 1.9425 | 5.2 it/s
step   47400 | cos 0.5613 | thought 0.8879 dec_ce 1.8574 | 5.2 it/s
step   47450 | cos 0.5685 | thought 0.9255 dec_ce 1.9018 | 5.3 it/s
step   47500 | cos 0.5628 | thought 0.8778 dec_ce 1.8199 | 5.3 it/s
step   47550 | cos 0.5691 | thought 0.8642 dec_ce 1.7784 | 5.3 it/s
step   47600 | cos 0.5678 | thought 0.8781 dec_ce 1.8083 | 5.4 it/s
step   47650 | cos 0.5614 | thought 0.8556 dec_ce 1.7769 | 5.4 it/s
step   47700 | cos 0.5662 | thought 0.8745 dec_ce 1.7861 | 5.5 it/s
step   47750 | cos 0.5642 | thought 0.8876 dec_ce 1.8415 | 5.4 it/s
step   47800 | cos 0.5647 | thought 0.8821 dec_ce 1.8609 | 5.4 it/s
step   47850 | cos 0.5642 | thought 0.8993 dec_ce 1.8524 | 5.4 it/s
step   47900 | cos 0.5619 | thought 0.9323 dec_ce 1.9792 | 5.3 it/s
step   47950 | cos 0.5671 | thought 0.8645 dec_ce 1.8156 | 5.5 it/s
step   48000 | cos 0.5663 | thought 0.8892 dec_ce 1.8041 | 5.3 it/s
step   48000 | VAL cos 0.5676 | VAL dec CE 3.5847
step   48050 | cos 0.5636 | thought 0.8958 dec_ce 1.8448 | 4.1 it/s
step   48100 | cos 0.5619 | thought 0.8517 dec_ce 1.9716 | 5.3 it/s
step   48150 | cos 0.5645 | thought 0.9203 dec_ce 1.925 | 5.3 it/s
step   48200 | cos 0.5661 | thought 0.8833 dec_ce 1.8549 | 5.3 it/s
step   48250 | cos 0.5632 | thought 0.8941 dec_ce 2.0116 | 5.2 it/s
step   48300 | cos 0.5645 | thought 0.8569 dec_ce 1.7153 | 5.4 it/s
step   48350 | cos 0.5629 | thought 0.9121 dec_ce 1.9506 | 5.3 it/s
step   48400 | cos 0.5635 | thought 0.8524 dec_ce 1.8267 | 5.3 it/s
step   48450 | cos 0.5653 | thought 0.8591 dec_ce 1.8301 | 5.4 it/s
step   48500 | cos 0.5670 | thought 0.8934 dec_ce 1.9076 | 5.4 it/s
step   48550 | cos 0.5660 | thought 0.8551 dec_ce 1.7541 | 5.2 it/s
step   48600 | cos 0.5642 | thought 0.8717 dec_ce 1.8615 | 5.3 it/s
step   48650 | cos 0.5616 | thought 0.8226 dec_ce 1.7468 | 5.4 it/s
step   48700 | cos 0.5619 | thought 0.8491 dec_ce 1.8048 | 5.5 it/s
step   48750 | cos 0.5637 | thought 0.8872 dec_ce 1.85 | 5.3 it/s
step   48800 | cos 0.5672 | thought 0.8937 dec_ce 1.8486 | 5.4 it/s
step   48850 | cos 0.5645 | thought 0.8661 dec_ce 1.8467 | 5.3 it/s
step   48900 | cos 0.5642 | thought 0.8635 dec_ce 1.842 | 5.3 it/s
step   48950 | cos 0.5639 | thought 0.8419 dec_ce 1.7075 | 5.2 it/s
step   49000 | cos 0.5660 | thought 0.8773 dec_ce 1.6922 | 5.5 it/s
step   49050 | cos 0.5646 | thought 0.9352 dec_ce 1.9679 | 5.3 it/s
step   49100 | cos 0.5643 | thought 0.8512 dec_ce 1.7959 | 5.4 it/s
step   49150 | cos 0.5666 | thought 0.8903 dec_ce 1.8322 | 5.4 it/s
step   49200 | cos 0.5654 | thought 0.894 dec_ce 1.8728 | 5.4 it/s
step   49250 | cos 0.5652 | thought 0.9146 dec_ce 1.9461 | 5.4 it/s
step   49300 | cos 0.5657 | thought 0.8873 dec_ce 1.7748 | 5.3 it/s
step   49350 | cos 0.5700 | thought 0.8703 dec_ce 1.8661 | 5.4 it/s
step   49400 | cos 0.5685 | thought 0.8536 dec_ce 1.837 | 5.3 it/s
step   49450 | cos 0.5634 | thought 0.8644 dec_ce 1.8251 | 5.2 it/s
step   49500 | cos 0.5630 | thought 0.8965 dec_ce 1.8177 | 5.3 it/s
step   49550 | cos 0.5666 | thought 0.9103 dec_ce 1.967 | 5.3 it/s
step   49600 | cos 0.5662 | thought 0.9171 dec_ce 1.9358 | 5.5 it/s
step   49650 | cos 0.5676 | thought 0.8775 dec_ce 1.812 | 5.4 it/s
step   49700 | cos 0.5648 | thought 0.8935 dec_ce 1.8534 | 5.1 it/s
step   49750 | cos 0.5680 | thought 0.8558 dec_ce 1.8006 | 5.3 it/s
step   49800 | cos 0.5669 | thought 0.9219 dec_ce 1.8772 | 5.4 it/s
step   49850 | cos 0.5629 | thought 0.8514 dec_ce 1.8775 | 5.5 it/s
step   49900 | cos 0.5674 | thought 0.8947 dec_ce 1.9318 | 5.4 it/s
step   49950 | cos 0.5640 | thought 0.8775 dec_ce 1.8359 | 5.4 it/s
step   50000 | cos 0.5651 | thought 0.8806 dec_ce 1.8583 | 5.3 it/s
step   50000 | VAL cos 0.5679 | VAL dec CE 3.5792
step   50050 | cos 0.5677 | thought 0.9268 dec_ce 1.9459 | 4.1 it/s
step   50100 | cos 0.5666 | thought 0.8866 dec_ce 1.8887 | 5.3 it/s
step   50150 | cos 0.5635 | thought 0.9078 dec_ce 1.9283 | 5.3 it/s
step   50200 | cos 0.5628 | thought 0.9013 dec_ce 1.8489 | 5.3 it/s
step   50250 | cos 0.5657 | thought 0.8966 dec_ce 1.8765 | 5.2 it/s
step   50300 | cos 0.5706 | thought 0.8736 dec_ce 1.8907 | 5.4 it/s
step   50350 | cos 0.5635 | thought 0.9109 dec_ce 1.7866 | 5.4 it/s
step   50400 | cos 0.5661 | thought 0.9203 dec_ce 1.9678 | 5.3 it/s
step   50450 | cos 0.5652 | thought 0.8396 dec_ce 1.6981 | 5.4 it/s
step   50500 | cos 0.5640 | thought 0.903 dec_ce 1.8809 | 5.2 it/s
step   50550 | cos 0.5671 | thought 0.8296 dec_ce 1.7463 | 5.2 it/s
step   50600 | cos 0.5635 | thought 0.9219 dec_ce 1.8634 | 5.3 it/s
step   50650 | cos 0.5659 | thought 0.9062 dec_ce 1.7956 | 5.4 it/s
step   50700 | cos 0.5635 | thought 0.9069 dec_ce 1.924 | 5.4 it/s
step   50750 | cos 0.5648 | thought 0.9132 dec_ce 1.9741 | 5.3 it/s
step   50800 | cos 0.5645 | thought 0.8957 dec_ce 2.0205 | 5.5 it/s
step   50850 | cos 0.5669 | thought 0.9369 dec_ce 1.9163 | 5.4 it/s
step   50900 | cos 0.5659 | thought 0.9185 dec_ce 1.9887 | 5.5 it/s
step   50950 | cos 0.5659 | thought 0.9095 dec_ce 1.9826 | 5.4 it/s
step   51000 | cos 0.5645 | thought 0.8459 dec_ce 1.9047 | 5.3 it/s
step   51050 | cos 0.5666 | thought 0.8434 dec_ce 1.6851 | 5.2 it/s
step   51100 | cos 0.5641 | thought 0.8952 dec_ce 1.8431 | 5.3 it/s
step   51150 | cos 0.5670 | thought 0.8959 dec_ce 1.8527 | 5.4 it/s
step   51200 | cos 0.5661 | thought 0.8853 dec_ce 1.8349 | 5.3 it/s
step   51250 | cos 0.5651 | thought 0.8455 dec_ce 1.8492 | 5.2 it/s
step   51300 | cos 0.5629 | thought 0.8547 dec_ce 1.8584 | 5.4 it/s
step   51350 | cos 0.5680 | thought 0.8753 dec_ce 1.7959 | 5.2 it/s
step   51400 | cos 0.5655 | thought 0.8631 dec_ce 1.894 | 5.4 it/s
step   51450 | cos 0.5615 | thought 0.868 dec_ce 1.8574 | 5.4 it/s
step   51500 | cos 0.5621 | thought 0.8575 dec_ce 1.7101 | 5.1 it/s
step   51550 | cos 0.5658 | thought 0.9295 dec_ce 1.8949 | 5.1 it/s
step   51600 | cos 0.5651 | thought 0.9121 dec_ce 1.8701 | 5.3 it/s
step   51650 | cos 0.5662 | thought 0.8482 dec_ce 1.7955 | 5.3 it/s
step   51700 | cos 0.5654 | thought 0.8695 dec_ce 1.8679 | 5.4 it/s
step   51750 | cos 0.5651 | thought 0.8986 dec_ce 1.9465 | 5.4 it/s
step   51800 | cos 0.5709 | thought 0.8784 dec_ce 1.7998 | 5.3 it/s
step   51850 | cos 0.5648 | thought 0.8707 dec_ce 1.8409 | 5.4 it/s
step   51900 | cos 0.5617 | thought 0.9067 dec_ce 1.9648 | 5.2 it/s
step   51950 | cos 0.5687 | thought 0.834 dec_ce 1.8032 | 5.5 it/s
step   52000 | cos 0.5665 | thought 0.9152 dec_ce 1.9432 | 5.3 it/s
step   52000 | VAL cos 0.5678 | VAL dec CE 3.5803
step   52050 | cos 0.5676 | thought 0.8935 dec_ce 1.9607 | 4.3 it/s
step   52100 | cos 0.5663 | thought 0.8948 dec_ce 1.8783 | 5.3 it/s
step   52150 | cos 0.5634 | thought 0.893 dec_ce 1.9211 | 5.3 it/s
step   52200 | cos 0.5677 | thought 0.8498 dec_ce 1.8172 | 5.5 it/s
step   52250 | cos 0.5657 | thought 0.9026 dec_ce 1.9999 | 5.1 it/s
step   52300 | cos 0.5649 | thought 0.898 dec_ce 1.842 | 5.3 it/s
step   52350 | cos 0.5658 | thought 0.8649 dec_ce 1.873 | 5.4 it/s
step   52400 | cos 0.5669 | thought 0.8612 dec_ce 1.8636 | 5.2 it/s
step   52450 | cos 0.5670 | thought 0.8524 dec_ce 1.9698 | 5.3 it/s
step   52500 | cos 0.5690 | thought 0.9318 dec_ce 2.0831 | 5.3 it/s
step   52550 | cos 0.5673 | thought 0.8779 dec_ce 1.8536 | 5.1 it/s
step   52600 | cos 0.5629 | thought 0.8617 dec_ce 1.8074 | 5.3 it/s
step   52650 | cos 0.5656 | thought 0.8534 dec_ce 1.8062 | 5.3 it/s
step   52700 | cos 0.5669 | thought 0.887 dec_ce 1.8777 | 5.3 it/s
step   52750 | cos 0.5653 | thought 0.8908 dec_ce 1.8131 | 5.2 it/s
step   52800 | cos 0.5628 | thought 0.8701 dec_ce 1.8802 | 5.4 it/s
step   52850 | cos 0.5676 | thought 0.927 dec_ce 1.9346 | 5.6 it/s
step   52900 | cos 0.5654 | thought 0.8443 dec_ce 1.8009 | 5.2 it/s
step   52950 | cos 0.5663 | thought 0.8861 dec_ce 1.9065 | 5.4 it/s
step   53000 | cos 0.5685 | thought 0.8947 dec_ce 1.8734 | 5.3 it/s
step   53050 | cos 0.5657 | thought 0.8553 dec_ce 1.7674 | 5.2 it/s
step   53100 | cos 0.5656 | thought 0.9145 dec_ce 1.8995 | 5.4 it/s
step   53150 | cos 0.5639 | thought 0.9438 dec_ce 1.893 | 5.5 it/s
step   53200 | cos 0.5655 | thought 0.8987 dec_ce 1.9248 | 5.4 it/s
step   53250 | cos 0.5694 | thought 0.8976 dec_ce 1.8369 | 5.3 it/s
step   53300 | cos 0.5630 | thought 0.9022 dec_ce 1.8827 | 5.4 it/s
step   53350 | cos 0.5692 | thought 0.9114 dec_ce 1.9878 | 5.6 it/s
step   53400 | cos 0.5636 | thought 0.9004 dec_ce 1.9418 | 5.5 it/s
step   53450 | cos 0.5636 | thought 0.8688 dec_ce 1.8146 | 5.5 it/s
step   53500 | cos 0.5654 | thought 0.9312 dec_ce 2.0422 | 5.4 it/s
step   53550 | cos 0.5636 | thought 0.9001 dec_ce 1.9939 | 5.3 it/s
step   53600 | cos 0.5668 | thought 0.9183 dec_ce 1.8613 | 5.5 it/s
step   53650 | cos 0.5659 | thought 0.8961 dec_ce 1.9146 | 5.5 it/s
step   53700 | cos 0.5633 | thought 0.9192 dec_ce 1.8735 | 5.5 it/s
step   53750 | cos 0.5663 | thought 0.8803 dec_ce 2.0312 | 5.4 it/s
step   53800 | cos 0.5699 | thought 0.9308 dec_ce 1.977 | 5.6 it/s
step   53850 | cos 0.5664 | thought 0.9508 dec_ce 1.9415 | 5.6 it/s
step   53900 | cos 0.5604 | thought 0.9102 dec_ce 1.9021 | 5.5 it/s
step   53950 | cos 0.5686 | thought 0.877 dec_ce 1.6878 | 5.5 it/s
step   54000 | cos 0.5655 | thought 0.8864 dec_ce 1.9334 | 5.5 it/s
step   54000 | VAL cos 0.5693 | VAL dec CE 3.5692
step   54050 | cos 0.5659 | thought 0.8804 dec_ce 1.8405 | 4.3 it/s
step   54100 | cos 0.5610 | thought 0.9524 dec_ce 1.8948 | 5.4 it/s
step   54150 | cos 0.5651 | thought 0.8709 dec_ce 1.8116 | 5.4 it/s
step   54200 | cos 0.5658 | thought 0.8757 dec_ce 1.7721 | 5.4 it/s
step   54250 | cos 0.5666 | thought 0.8585 dec_ce 1.9657 | 5.5 it/s
step   54300 | cos 0.5650 | thought 0.9305 dec_ce 1.9127 | 5.5 it/s
step   54350 | cos 0.5688 | thought 0.9035 dec_ce 1.9109 | 5.7 it/s
step   54400 | cos 0.5691 | thought 0.8168 dec_ce 1.8709 | 5.5 it/s
step   54450 | cos 0.5650 | thought 0.8445 dec_ce 1.7259 | 5.4 it/s
step   54500 | cos 0.5705 | thought 0.8802 dec_ce 2.041 | 5.6 it/s
step   54550 | cos 0.5669 | thought 0.9633 dec_ce 1.9517 | 5.3 it/s
step   54600 | cos 0.5642 | thought 0.9074 dec_ce 1.9136 | 5.5 it/s
step   54650 | cos 0.5639 | thought 0.8485 dec_ce 1.8113 | 5.6 it/s
step   54700 | cos 0.5653 | thought 0.8699 dec_ce 1.8956 | 5.6 it/s
step   54750 | cos 0.5642 | thought 0.8937 dec_ce 1.9132 | 5.7 it/s
step   54800 | cos 0.5640 | thought 0.9445 dec_ce 1.9746 | 5.7 it/s
step   54850 | cos 0.5647 | thought 0.9444 dec_ce 1.9906 | 5.5 it/s
step   54900 | cos 0.5688 | thought 0.86 dec_ce 1.727 | 5.6 it/s
step   54950 | cos 0.5663 | thought 0.8857 dec_ce 1.8389 | 5.5 it/s
step   55000 | cos 0.5651 | thought 0.8659 dec_ce 1.8995 | 5.5 it/s
step   55050 | cos 0.5654 | thought 0.824 dec_ce 1.8265 | 5.3 it/s
step   55100 | cos 0.5693 | thought 0.8911 dec_ce 1.8798 | 5.6 it/s
step   55150 | cos 0.5670 | thought 0.9335 dec_ce 2.0154 | 5.5 it/s
step   55200 | cos 0.5646 | thought 0.9063 dec_ce 1.8837 | 5.5 it/s
step   55250 | cos 0.5657 | thought 0.9191 dec_ce 1.9159 | 5.6 it/s
step   55300 | cos 0.5682 | thought 0.8567 dec_ce 1.7191 | 5.5 it/s
step   55350 | cos 0.5671 | thought 0.8474 dec_ce 1.7047 | 5.5 it/s
step   55400 | cos 0.5659 | thought 0.8795 dec_ce 1.8353 | 5.6 it/s
step   55450 | cos 0.5624 | thought 0.9201 dec_ce 1.9484 | 5.4 it/s
step   55500 | cos 0.5642 | thought 0.8782 dec_ce 1.8641 | 5.4 it/s
step   55550 | cos 0.5639 | thought 0.868 dec_ce 1.9157 | 5.4 it/s
step   55600 | cos 0.5658 | thought 0.9082 dec_ce 1.9412 | 5.5 it/s
step   55650 | cos 0.5629 | thought 0.9244 dec_ce 1.9037 | 5.6 it/s
step   55700 | cos 0.5676 | thought 0.9061 dec_ce 1.8725 | 5.5 it/s
step   55750 | cos 0.5708 | thought 0.8643 dec_ce 1.7241 | 5.7 it/s
step   55800 | cos 0.5663 | thought 0.8984 dec_ce 2.0257 | 5.5 it/s
step   55850 | cos 0.5643 | thought 0.8848 dec_ce 1.8003 | 5.6 it/s
step   55900 | cos 0.5642 | thought 0.875 dec_ce 1.8895 | 5.5 it/s
step   55950 | cos 0.5672 | thought 0.8949 dec_ce 1.939 | 5.6 it/s
step   56000 | cos 0.5714 | thought 0.852 dec_ce 1.7881 | 5.3 it/s
step   56000 | VAL cos 0.5687 | VAL dec CE 3.5773
step   56050 | cos 0.5719 | thought 0.8349 dec_ce 1.8079 | 4.5 it/s
step   56100 | cos 0.5691 | thought 0.8118 dec_ce 1.7779 | 5.6 it/s
step   56150 | cos 0.5655 | thought 0.8868 dec_ce 1.8687 | 5.4 it/s
step   56200 | cos 0.5670 | thought 0.859 dec_ce 1.8304 | 5.5 it/s
step   56250 | cos 0.5708 | thought 0.8622 dec_ce 1.8491 | 5.5 it/s
step   56300 | cos 0.5635 | thought 0.8354 dec_ce 1.8516 | 5.5 it/s
step   56350 | cos 0.5659 | thought 0.9073 dec_ce 1.8534 | 5.5 it/s
step   56400 | cos 0.5674 | thought 0.8391 dec_ce 1.7224 | 5.5 it/s
step   56450 | cos 0.5657 | thought 0.8719 dec_ce 1.7955 | 5.6 it/s
step   56500 | cos 0.5658 | thought 0.9517 dec_ce 2.0428 | 5.4 it/s
step   56550 | cos 0.5651 | thought 0.8647 dec_ce 1.7792 | 5.3 it/s
step   56600 | cos 0.5675 | thought 0.9267 dec_ce 1.9358 | 5.6 it/s
step   56650 | cos 0.5663 | thought 0.8522 dec_ce 1.7711 | 5.6 it/s
step   56700 | cos 0.5640 | thought 0.8877 dec_ce 1.7973 | 5.6 it/s
step   56750 | cos 0.5669 | thought 0.8768 dec_ce 1.8524 | 5.5 it/s
step   56800 | cos 0.5673 | thought 0.9153 dec_ce 1.9654 | 5.5 it/s
step   56850 | cos 0.5664 | thought 0.8711 dec_ce 1.8285 | 5.5 it/s
step   56900 | cos 0.5664 | thought 0.8747 dec_ce 1.7865 | 5.5 it/s
step   56950 | cos 0.5680 | thought 0.8785 dec_ce 1.8399 | 5.6 it/s
step   57000 | cos 0.5655 | thought 0.8815 dec_ce 1.9188 | 5.4 it/s
step   57050 | cos 0.5656 | thought 0.9163 dec_ce 2.0516 | 5.5 it/s
step   57100 | cos 0.5630 | thought 0.8944 dec_ce 1.8598 | 5.6 it/s
step   57150 | cos 0.5719 | thought 0.8702 dec_ce 1.8865 | 5.6 it/s
step   57200 | cos 0.5675 | thought 0.8378 dec_ce 1.8254 | 5.6 it/s
step   57250 | cos 0.5661 | thought 0.9373 dec_ce 1.9195 | 5.4 it/s
step   57300 | cos 0.5657 | thought 0.9419 dec_ce 2.0133 | 5.5 it/s
step   57350 | cos 0.5650 | thought 0.8619 dec_ce 1.8423 | 5.5 it/s
step   57400 | cos 0.5706 | thought 0.8861 dec_ce 1.9196 | 5.5 it/s
step   57450 | cos 0.5658 | thought 0.8316 dec_ce 1.7851 | 5.5 it/s
step   57500 | cos 0.5668 | thought 0.9181 dec_ce 2.0259 | 5.4 it/s
step   57550 | cos 0.5678 | thought 0.8864 dec_ce 1.8593 | 5.2 it/s
step   57600 | cos 0.5677 | thought 0.8841 dec_ce 1.8597 | 5.5 it/s
step   57650 | cos 0.5685 | thought 0.8709 dec_ce 1.811 | 5.4 it/s
step   57700 | cos 0.5632 | thought 0.9122 dec_ce 1.8526 | 5.4 it/s
step   57750 | cos 0.5656 | thought 0.8491 dec_ce 1.8149 | 5.4 it/s
step   57800 | cos 0.5675 | thought 0.8458 dec_ce 1.7936 | 5.5 it/s
step   57850 | cos 0.5660 | thought 0.8879 dec_ce 1.8396 | 5.4 it/s
step   57900 | cos 0.5676 | thought 0.9021 dec_ce 1.8481 | 5.4 it/s
step   57950 | cos 0.5636 | thought 0.8662 dec_ce 1.9085 | 5.5 it/s
step   58000 | cos 0.5663 | thought 0.8993 dec_ce 1.8517 | 5.4 it/s
step   58000 | VAL cos 0.5696 | VAL dec CE 3.5586
step   58050 | cos 0.5689 | thought 0.8584 dec_ce 1.9055 | 4.4 it/s
step   58100 | cos 0.5679 | thought 0.8355 dec_ce 1.7358 | 5.5 it/s
step   58150 | cos 0.5663 | thought 0.8664 dec_ce 1.8657 | 5.4 it/s
step   58200 | cos 0.5657 | thought 0.8713 dec_ce 1.781 | 5.6 it/s
step   58250 | cos 0.5658 | thought 0.8866 dec_ce 1.9087 | 5.6 it/s
step   58300 | cos 0.5667 | thought 0.8817 dec_ce 1.8083 | 5.7 it/s
step   58350 | cos 0.5651 | thought 0.8839 dec_ce 1.7865 | 5.5 it/s
step   58400 | cos 0.5664 | thought 0.8992 dec_ce 1.9899 | 5.7 it/s
step   58450 | cos 0.5657 | thought 0.8333 dec_ce 1.7868 | 5.6 it/s
step   58500 | cos 0.5658 | thought 0.869 dec_ce 1.8388 | 5.5 it/s
step   58550 | cos 0.5675 | thought 0.8645 dec_ce 1.8636 | 5.3 it/s
step   58600 | cos 0.5666 | thought 0.8757 dec_ce 1.8034 | 5.5 it/s
step   58650 | cos 0.5684 | thought 0.8465 dec_ce 1.7333 | 5.5 it/s
step   58700 | cos 0.5662 | thought 0.8848 dec_ce 1.8168 | 5.6 it/s
step   58750 | cos 0.5677 | thought 0.9539 dec_ce 2.042 | 5.4 it/s
step   58800 | cos 0.5640 | thought 0.9121 dec_ce 1.8916 | 5.5 it/s
step   58850 | cos 0.5676 | thought 0.8716 dec_ce 1.7624 | 5.5 it/s
step   58900 | cos 0.5665 | thought 0.8331 dec_ce 1.795 | 5.6 it/s
step   58950 | cos 0.5668 | thought 0.8685 dec_ce 1.8507 | 5.6 it/s
step   59000 | cos 0.5689 | thought 0.8896 dec_ce 1.8718 | 5.6 it/s
step   59050 | cos 0.5672 | thought 0.8546 dec_ce 1.7458 | 5.4 it/s
step   59100 | cos 0.5684 | thought 0.8549 dec_ce 1.7079 | 5.5 it/s
step   59150 | cos 0.5703 | thought 0.8004 dec_ce 1.6696 | 5.7 it/s
step   59200 | cos 0.5676 | thought 0.9147 dec_ce 1.947 | 5.5 it/s
step   59250 | cos 0.5719 | thought 0.8899 dec_ce 1.814 | 5.4 it/s
step   59300 | cos 0.5693 | thought 0.8945 dec_ce 1.8951 | 5.5 it/s
step   59350 | cos 0.5685 | thought 0.8596 dec_ce 1.7786 | 5.4 it/s
step   59400 | cos 0.5675 | thought 0.8823 dec_ce 1.8658 | 5.7 it/s
step   59450 | cos 0.5667 | thought 0.9316 dec_ce 1.986 | 5.6 it/s
step   59500 | cos 0.5663 | thought 0.9097 dec_ce 1.9012 | 5.6 it/s
step   59550 | cos 0.5715 | thought 0.8664 dec_ce 1.9013 | 5.5 it/s
step   59600 | cos 0.5669 | thought 0.8915 dec_ce 1.928 | 5.6 it/s
step   59650 | cos 0.5685 | thought 0.8913 dec_ce 1.8302 | 5.4 it/s
step   59700 | cos 0.5688 | thought 0.8912 dec_ce 1.8623 | 5.6 it/s
step   59750 | cos 0.5667 | thought 0.846 dec_ce 1.904 | 5.6 it/s
step   59800 | cos 0.5650 | thought 0.9031 dec_ce 1.8611 | 5.5 it/s
step   59850 | cos 0.5712 | thought 0.9142 dec_ce 1.8933 | 5.6 it/s
step   59900 | cos 0.5688 | thought 0.865 dec_ce 1.9026 | 5.5 it/s
step   59950 | cos 0.5694 | thought 0.8845 dec_ce 1.9851 | 5.5 it/s
step   60000 | cos 0.5671 | thought 0.8503 dec_ce 1.7711 | 5.6 it/s
step   60000 | VAL cos 0.5693 | VAL dec CE 3.5691
step   60050 | cos 0.5682 | thought 0.9383 dec_ce 1.9534 | 4.3 it/s
step   60100 | cos 0.5665 | thought 0.8972 dec_ce 1.8157 | 5.6 it/s
step   60150 | cos 0.5658 | thought 0.8769 dec_ce 1.8816 | 5.5 it/s
step   60200 | cos 0.5651 | thought 0.9187 dec_ce 1.9265 | 5.5 it/s
step   60250 | cos 0.5683 | thought 0.9015 dec_ce 2.0735 | 5.6 it/s
step   60300 | cos 0.5662 | thought 0.9224 dec_ce 1.9652 | 5.6 it/s
step   60350 | cos 0.5669 | thought 0.8817 dec_ce 1.7606 | 5.5 it/s
step   60400 | cos 0.5718 | thought 0.874 dec_ce 1.9304 | 5.7 it/s
step   60450 | cos 0.5693 | thought 0.8717 dec_ce 1.8003 | 5.6 it/s
step   60500 | cos 0.5699 | thought 0.8708 dec_ce 1.8313 | 5.4 it/s
step   60550 | cos 0.5682 | thought 0.8488 dec_ce 1.784 | 5.4 it/s
step   60600 | cos 0.5667 | thought 0.8511 dec_ce 1.6899 | 5.5 it/s
step   60650 | cos 0.5675 | thought 0.8869 dec_ce 1.8178 | 5.5 it/s
step   60700 | cos 0.5658 | thought 0.9563 dec_ce 2.0614 | 5.5 it/s
step   60750 | cos 0.5670 | thought 0.8984 dec_ce 1.8151 | 5.5 it/s
step   60800 | cos 0.5641 | thought 0.8736 dec_ce 1.8745 | 5.6 it/s
step   60850 | cos 0.5695 | thought 0.8695 dec_ce 1.8748 | 5.4 it/s
step   60900 | cos 0.5654 | thought 0.8845 dec_ce 1.9115 | 5.6 it/s
step   60950 | cos 0.5656 | thought 0.8535 dec_ce 1.8434 | 5.7 it/s
step   61000 | cos 0.5663 | thought 0.8982 dec_ce 1.8128 | 5.7 it/s
step   61050 | cos 0.5650 | thought 0.8876 dec_ce 2.0159 | 5.4 it/s
step   61100 | cos 0.5633 | thought 0.9262 dec_ce 1.9995 | 5.5 it/s
step   61150 | cos 0.5674 | thought 0.8462 dec_ce 1.8581 | 5.7 it/s
step   61200 | cos 0.5712 | thought 0.887 dec_ce 1.8694 | 5.5 it/s
step   61250 | cos 0.5689 | thought 0.8741 dec_ce 1.8371 | 5.6 it/s
step   61300 | cos 0.5666 | thought 0.9182 dec_ce 1.9219 | 5.6 it/s
step   61350 | cos 0.5706 | thought 0.8929 dec_ce 1.8653 | 5.7 it/s
step   61400 | cos 0.5670 | thought 0.9477 dec_ce 1.9721 | 5.3 it/s
step   61450 | cos 0.5707 | thought 0.9112 dec_ce 1.8569 | 5.7 it/s
step   61500 | cos 0.5693 | thought 0.8551 dec_ce 1.7382 | 5.6 it/s
step   61550 | cos 0.5678 | thought 0.9056 dec_ce 1.9331 | 5.4 it/s
step   61600 | cos 0.5677 | thought 0.908 dec_ce 1.975 | 5.5 it/s
step   61650 | cos 0.5683 | thought 0.8393 dec_ce 1.7261 | 5.5 it/s
step   61700 | cos 0.5701 | thought 0.8778 dec_ce 1.8908 | 5.5 it/s
step   61750 | cos 0.5648 | thought 0.8655 dec_ce 1.9348 | 5.3 it/s
step   61800 | cos 0.5674 | thought 0.9076 dec_ce 1.8603 | 5.4 it/s
step   61850 | cos 0.5662 | thought 0.8973 dec_ce 1.9125 | 5.6 it/s
step   61900 | cos 0.5685 | thought 0.8781 dec_ce 1.8756 | 5.7 it/s
step   61950 | cos 0.5670 | thought 0.8943 dec_ce 1.9071 | 5.5 it/s
step   62000 | cos 0.5637 | thought 0.896 dec_ce 1.9156 | 5.6 it/s
step   62000 | VAL cos 0.5696 | VAL dec CE 3.5615
step   62050 | cos 0.5677 | thought 0.8599 dec_ce 1.7964 | 4.4 it/s
step   62100 | cos 0.5674 | thought 0.8893 dec_ce 1.9439 | 5.4 it/s
step   62150 | cos 0.5703 | thought 0.8271 dec_ce 1.8013 | 5.5 it/s
step   62200 | cos 0.5703 | thought 0.9328 dec_ce 1.9828 | 5.7 it/s
step   62250 | cos 0.5651 | thought 0.8744 dec_ce 1.7976 | 5.5 it/s
step   62300 | cos 0.5664 | thought 0.8087 dec_ce 1.7061 | 5.5 it/s
step   62350 | cos 0.5703 | thought 0.937 dec_ce 1.9057 | 5.8 it/s
step   62400 | cos 0.5691 | thought 0.9051 dec_ce 1.8892 | 5.6 it/s
step   62450 | cos 0.5623 | thought 0.9097 dec_ce 1.9662 | 5.5 it/s
step   62500 | cos 0.5673 | thought 0.8465 dec_ce 1.6777 | 5.4 it/s
step   62550 | cos 0.5645 | thought 0.8955 dec_ce 1.8534 | 5.3 it/s
step   62600 | cos 0.5718 | thought 0.8465 dec_ce 1.7944 | 5.5 it/s
step   62650 | cos 0.5708 | thought 0.8714 dec_ce 1.7821 | 5.6 it/s
step   62700 | cos 0.5678 | thought 0.8761 dec_ce 1.8627 | 5.7 it/s
step   62750 | cos 0.5656 | thought 0.8502 dec_ce 1.8606 | 5.7 it/s
step   62800 | cos 0.5695 | thought 0.868 dec_ce 1.9103 | 5.6 it/s
step   62850 | cos 0.5660 | thought 0.9121 dec_ce 1.8318 | 5.5 it/s
step   62900 | cos 0.5661 | thought 0.9119 dec_ce 1.8981 | 5.5 it/s
step   62950 | cos 0.5713 | thought 0.856 dec_ce 1.7473 | 5.6 it/s
step   63000 | cos 0.5664 | thought 0.8573 dec_ce 1.8015 | 5.6 it/s
step   63050 | cos 0.5702 | thought 0.8459 dec_ce 1.7582 | 5.6 it/s
step   63100 | cos 0.5686 | thought 0.8752 dec_ce 1.7896 | 5.5 it/s
step   63150 | cos 0.5713 | thought 0.8938 dec_ce 1.9327 | 5.5 it/s
step   63200 | cos 0.5655 | thought 0.8884 dec_ce 1.8402 | 5.5 it/s
step   63250 | cos 0.5667 | thought 0.8857 dec_ce 1.9649 | 5.7 it/s
step   63300 | cos 0.5692 | thought 0.8203 dec_ce 1.7006 | 5.7 it/s
step   63350 | cos 0.5669 | thought 0.9062 dec_ce 1.91 | 5.5 it/s
step   63400 | cos 0.5695 | thought 0.8816 dec_ce 1.8838 | 5.4 it/s
step   63450 | cos 0.5664 | thought 0.846 dec_ce 1.8343 | 5.4 it/s
step   63500 | cos 0.5684 | thought 0.902 dec_ce 1.8344 | 5.5 it/s
step   63550 | cos 0.5708 | thought 0.9223 dec_ce 1.9726 | 5.6 it/s
step   63600 | cos 0.5692 | thought 0.8193 dec_ce 1.7199 | 5.7 it/s
step   63650 | cos 0.5679 | thought 0.8688 dec_ce 1.7513 | 5.6 it/s
step   63700 | cos 0.5674 | thought 0.8338 dec_ce 1.833 | 5.4 it/s
step   63750 | cos 0.5674 | thought 0.9006 dec_ce 1.9735 | 5.5 it/s
step   63800 | cos 0.5685 | thought 0.9067 dec_ce 1.8462 | 5.5 it/s
step   63850 | cos 0.5673 | thought 0.8381 dec_ce 1.8231 | 5.5 it/s
step   63900 | cos 0.5652 | thought 0.8879 dec_ce 1.8051 | 5.4 it/s
step   63950 | cos 0.5676 | thought 0.9139 dec_ce 1.9539 | 5.6 it/s
step   64000 | cos 0.5648 | thought 0.881 dec_ce 1.923 | 5.4 it/s
step   64000 | VAL cos 0.5701 | VAL dec CE 3.5621
step   64050 | cos 0.5678 | thought 0.8881 dec_ce 1.8814 | 4.5 it/s
step   64100 | cos 0.5688 | thought 0.851 dec_ce 1.7297 | 5.5 it/s
step   64150 | cos 0.5631 | thought 0.9081 dec_ce 1.8934 | 5.5 it/s
step   64200 | cos 0.5671 | thought 0.8507 dec_ce 1.7316 | 5.5 it/s
step   64250 | cos 0.5665 | thought 0.8896 dec_ce 1.7993 | 5.5 it/s
step   64300 | cos 0.5657 | thought 0.8278 dec_ce 1.6775 | 5.4 it/s
step   64350 | cos 0.5695 | thought 0.9287 dec_ce 2.0967 | 5.7 it/s
step   64400 | cos 0.5716 | thought 0.9069 dec_ce 1.9254 | 5.6 it/s
step   64450 | cos 0.5698 | thought 0.9064 dec_ce 1.8686 | 5.6 it/s
step   64500 | cos 0.5713 | thought 0.8567 dec_ce 1.8644 | 5.7 it/s
step   64550 | cos 0.5687 | thought 0.8831 dec_ce 1.8185 | 5.3 it/s
step   64600 | cos 0.5677 | thought 0.874 dec_ce 1.791 | 5.5 it/s
step   64650 | cos 0.5636 | thought 0.8508 dec_ce 1.8581 | 5.4 it/s
step   64700 | cos 0.5630 | thought 0.8694 dec_ce 1.6906 | 5.5 it/s
step   64750 | cos 0.5647 | thought 0.81 dec_ce 1.7133 | 5.7 it/s
step   64800 | cos 0.5686 | thought 0.8908 dec_ce 1.9158 | 5.4 it/s
step   64850 | cos 0.5682 | thought 0.9171 dec_ce 1.8353 | 5.5 it/s
step   64900 | cos 0.5679 | thought 0.8844 dec_ce 1.8518 | 5.5 it/s
step   64950 | cos 0.5672 | thought 0.8742 dec_ce 1.8372 | 5.4 it/s
step   65000 | cos 0.5676 | thought 0.854 dec_ce 1.7517 | 5.5 it/s
step   65050 | cos 0.5644 | thought 0.9317 dec_ce 1.9084 | 5.2 it/s
step   65100 | cos 0.5671 | thought 0.8412 dec_ce 1.683 | 5.6 it/s
step   65150 | cos 0.5674 | thought 0.913 dec_ce 1.979 | 5.5 it/s
step   65200 | cos 0.5700 | thought 0.8989 dec_ce 2.0226 | 5.5 it/s
step   65250 | cos 0.5709 | thought 0.879 dec_ce 1.9316 | 5.5 it/s
step   65300 | cos 0.5659 | thought 0.855 dec_ce 1.7924 | 5.5 it/s
step   65350 | cos 0.5675 | thought 0.869 dec_ce 1.7141 | 5.6 it/s
step   65400 | cos 0.5686 | thought 0.8978 dec_ce 1.7834 | 5.5 it/s
step   65450 | cos 0.5651 | thought 0.8773 dec_ce 1.8269 | 5.4 it/s
step   65500 | cos 0.5684 | thought 0.8813 dec_ce 1.8558 | 5.6 it/s
step   65550 | cos 0.5677 | thought 0.8607 dec_ce 1.8212 | 5.5 it/s
step   65600 | cos 0.5660 | thought 0.8558 dec_ce 1.7848 | 5.4 it/s
step   65650 | cos 0.5674 | thought 0.8622 dec_ce 1.8837 | 5.5 it/s
step   65700 | cos 0.5668 | thought 0.8999 dec_ce 1.8848 | 5.5 it/s
step   65750 | cos 0.5663 | thought 0.8585 dec_ce 1.849 | 5.6 it/s
step   65800 | cos 0.5668 | thought 0.8954 dec_ce 1.8748 | 5.7 it/s
step   65850 | cos 0.5679 | thought 0.8364 dec_ce 1.7715 | 5.7 it/s
step   65900 | cos 0.5680 | thought 0.8812 dec_ce 1.8236 | 5.5 it/s
step   65950 | cos 0.5664 | thought 0.8612 dec_ce 1.825 | 5.5 it/s
step   66000 | cos 0.5740 | thought 0.8394 dec_ce 1.785 | 5.6 it/s
step   66000 | VAL cos 0.5708 | VAL dec CE 3.5541
step   66050 | cos 0.5713 | thought 0.8225 dec_ce 1.7675 | 4.4 it/s
step   66100 | cos 0.5686 | thought 0.8401 dec_ce 1.686 | 5.6 it/s
step   66150 | cos 0.5696 | thought 0.8888 dec_ce 1.8399 | 5.5 it/s
step   66200 | cos 0.5659 | thought 0.9086 dec_ce 1.9108 | 5.6 it/s
step   66250 | cos 0.5687 | thought 0.8945 dec_ce 1.8926 | 5.5 it/s
step   66300 | cos 0.5706 | thought 0.8956 dec_ce 1.8816 | 5.6 it/s
step   66350 | cos 0.5698 | thought 0.8208 dec_ce 1.8046 | 5.6 it/s
step   66400 | cos 0.5717 | thought 0.8968 dec_ce 1.8518 | 5.5 it/s
step   66450 | cos 0.5704 | thought 0.8729 dec_ce 1.7934 | 5.5 it/s
step   66500 | cos 0.5682 | thought 0.933 dec_ce 2.031 | 5.5 it/s
step   66550 | cos 0.5676 | thought 0.8846 dec_ce 1.8873 | 5.2 it/s
step   66600 | cos 0.5689 | thought 0.8798 dec_ce 1.9297 | 5.6 it/s
step   66650 | cos 0.5708 | thought 0.9043 dec_ce 1.9534 | 5.7 it/s
step   66700 | cos 0.5730 | thought 0.875 dec_ce 1.8682 | 5.5 it/s
step   66750 | cos 0.5714 | thought 0.8971 dec_ce 1.8878 | 5.6 it/s
step   66800 | cos 0.5680 | thought 0.8377 dec_ce 1.8117 | 5.6 it/s
step   66850 | cos 0.5702 | thought 0.8978 dec_ce 1.8086 | 5.5 it/s
step   66900 | cos 0.5691 | thought 0.8891 dec_ce 1.8865 | 5.5 it/s
step   66950 | cos 0.5663 | thought 0.899 dec_ce 1.8921 | 5.6 it/s
step   67000 | cos 0.5706 | thought 0.8835 dec_ce 1.9791 | 5.6 it/s
step   67050 | cos 0.5702 | thought 0.8713 dec_ce 1.8389 | 5.3 it/s
step   67100 | cos 0.5675 | thought 0.7989 dec_ce 1.5977 | 5.5 it/s
step   67150 | cos 0.5680 | thought 0.8139 dec_ce 1.7796 | 5.7 it/s
step   67200 | cos 0.5664 | thought 0.8992 dec_ce 2.0164 | 5.5 it/s
step   67250 | cos 0.5716 | thought 0.8415 dec_ce 1.7892 | 5.6 it/s
step   67300 | cos 0.5699 | thought 0.9378 dec_ce 2.1394 | 5.5 it/s
step   67350 | cos 0.5691 | thought 0.8755 dec_ce 1.7608 | 5.6 it/s
step   67400 | cos 0.5698 | thought 0.8705 dec_ce 1.7944 | 5.7 it/s
step   67450 | cos 0.5654 | thought 0.939 dec_ce 2.0707 | 5.5 it/s
step   67500 | cos 0.5653 | thought 0.9145 dec_ce 1.9545 | 5.5 it/s
step   67550 | cos 0.5708 | thought 0.9371 dec_ce 1.96 | 5.5 it/s
step   67600 | cos 0.5660 | thought 0.903 dec_ce 1.862 | 5.4 it/s
step   67650 | cos 0.5656 | thought 0.8901 dec_ce 1.9126 | 5.5 it/s
step   67700 | cos 0.5686 | thought 0.9119 dec_ce 1.8959 | 5.6 it/s
step   67750 | cos 0.5676 | thought 0.8503 dec_ce 1.882 | 5.5 it/s
step   67800 | cos 0.5667 | thought 0.8542 dec_ce 1.7685 | 5.5 it/s
step   67850 | cos 0.5699 | thought 0.924 dec_ce 1.9846 | 5.6 it/s
step   67900 | cos 0.5720 | thought 0.8657 dec_ce 1.7799 | 5.6 it/s
step   67950 | cos 0.5693 | thought 0.876 dec_ce 1.8924 | 5.6 it/s
step   68000 | cos 0.5698 | thought 0.9219 dec_ce 2.0121 | 5.5 it/s
step   68000 | VAL cos 0.5718 | VAL dec CE 3.5497
step   68050 | cos 0.5682 | thought 0.8964 dec_ce 1.8711 | 3.9 it/s
step   68100 | cos 0.5710 | thought 0.8386 dec_ce 1.7906 | 5.5 it/s
step   68150 | cos 0.5699 | thought 0.9139 dec_ce 2.0167 | 5.6 it/s
step   68200 | cos 0.5688 | thought 0.8376 dec_ce 1.7173 | 5.4 it/s
step   68250 | cos 0.5671 | thought 0.911 dec_ce 1.8962 | 5.5 it/s
step   68300 | cos 0.5673 | thought 0.8842 dec_ce 1.8966 | 5.5 it/s
step   68350 | cos 0.5683 | thought 0.9253 dec_ce 1.8797 | 5.5 it/s
step   68400 | cos 0.5683 | thought 0.879 dec_ce 1.9259 | 5.5 it/s
step   68450 | cos 0.5687 | thought 0.9038 dec_ce 1.9772 | 5.5 it/s
step   68500 | cos 0.5715 | thought 0.8614 dec_ce 1.8189 | 5.5 it/s
step   68550 | cos 0.5645 | thought 0.8918 dec_ce 1.8308 | 5.4 it/s
step   68600 | cos 0.5683 | thought 0.8886 dec_ce 1.8329 | 5.6 it/s
step   68650 | cos 0.5688 | thought 0.9053 dec_ce 1.9507 | 5.6 it/s
step   68700 | cos 0.5655 | thought 0.8633 dec_ce 1.9906 | 5.5 it/s
step   68750 | cos 0.5671 | thought 0.9166 dec_ce 1.9969 | 5.4 it/s
step   68800 | cos 0.5677 | thought 0.8896 dec_ce 1.8457 | 5.5 it/s
step   68850 | cos 0.5669 | thought 0.9088 dec_ce 1.8871 | 5.6 it/s
step   68900 | cos 0.5654 | thought 0.8773 dec_ce 2.0475 | 5.4 it/s
step   68950 | cos 0.5657 | thought 0.9001 dec_ce 1.9396 | 5.4 it/s
step   69000 | cos 0.5697 | thought 0.8904 dec_ce 1.9171 | 5.6 it/s
step   69050 | cos 0.5696 | thought 0.8754 dec_ce 1.8768 | 5.5 it/s
step   69100 | cos 0.5706 | thought 0.8466 dec_ce 1.7782 | 5.6 it/s
step   69150 | cos 0.5675 | thought 0.9115 dec_ce 2.0308 | 5.4 it/s
step   69200 | cos 0.5684 | thought 0.8937 dec_ce 1.8501 | 5.5 it/s
step   69250 | cos 0.5730 | thought 0.8723 dec_ce 1.8181 | 5.6 it/s
step   69300 | cos 0.5676 | thought 0.8658 dec_ce 1.804 | 5.4 it/s
step   69350 | cos 0.5705 | thought 0.8743 dec_ce 1.8545 | 5.6 it/s
step   69400 | cos 0.5685 | thought 0.8849 dec_ce 1.8775 | 5.6 it/s
step   69450 | cos 0.5680 | thought 0.8999 dec_ce 1.8403 | 5.5 it/s
step   69500 | cos 0.5695 | thought 0.883 dec_ce 1.8366 | 5.6 it/s
step   69550 | cos 0.5667 | thought 0.9156 dec_ce 1.9764 | 5.5 it/s
step   69600 | cos 0.5664 | thought 0.8407 dec_ce 1.8715 | 5.5 it/s
step   69650 | cos 0.5676 | thought 0.8628 dec_ce 1.7553 | 5.5 it/s
step   69700 | cos 0.5713 | thought 0.8738 dec_ce 1.7793 | 5.6 it/s
step   69750 | cos 0.5714 | thought 0.8708 dec_ce 1.943 | 5.6 it/s
step   69800 | cos 0.5674 | thought 0.8808 dec_ce 1.8684 | 5.6 it/s
step   69850 | cos 0.5677 | thought 0.9171 dec_ce 1.9313 | 5.6 it/s
step   69900 | cos 0.5685 | thought 0.8835 dec_ce 1.8652 | 5.6 it/s
step   69950 | cos 0.5678 | thought 0.8731 dec_ce 1.7238 | 5.6 it/s
step   70000 | cos 0.5662 | thought 0.8483 dec_ce 1.7011 | 5.5 it/s
step   70000 | VAL cos 0.5714 | VAL dec CE 3.5444
step   70050 | cos 0.5707 | thought 0.8822 dec_ce 1.782 | 4.2 it/s
step   70100 | cos 0.5657 | thought 0.8683 dec_ce 1.8077 | 5.6 it/s
step   70150 | cos 0.5677 | thought 0.8825 dec_ce 1.8804 | 5.5 it/s
step   70200 | cos 0.5681 | thought 0.8726 dec_ce 1.8696 | 5.3 it/s
step   70250 | cos 0.5666 | thought 0.8832 dec_ce 1.8904 | 5.5 it/s
step   70300 | cos 0.5673 | thought 0.927 dec_ce 1.8519 | 5.6 it/s
step   70350 | cos 0.5683 | thought 0.8792 dec_ce 1.8645 | 5.6 it/s
step   70400 | cos 0.5699 | thought 0.8813 dec_ce 1.91 | 5.6 it/s
step   70450 | cos 0.5696 | thought 0.8924 dec_ce 1.8341 | 5.4 it/s
step   70500 | cos 0.5735 | thought 0.8148 dec_ce 1.6765 | 5.7 it/s
step   70550 | cos 0.5730 | thought 0.8855 dec_ce 1.8267 | 5.4 it/s
step   70600 | cos 0.5663 | thought 0.9135 dec_ce 1.9678 | 5.5 it/s
step   70650 | cos 0.5666 | thought 0.9164 dec_ce 1.9209 | 5.5 it/s
step   70700 | cos 0.5685 | thought 0.865 dec_ce 1.7565 | 5.4 it/s
step   70750 | cos 0.5705 | thought 0.8763 dec_ce 1.8877 | 5.5 it/s
step   70800 | cos 0.5685 | thought 0.8417 dec_ce 1.7855 | 5.6 it/s
step   70850 | cos 0.5701 | thought 0.8728 dec_ce 1.8658 | 5.5 it/s
step   70900 | cos 0.5673 | thought 0.8932 dec_ce 1.8491 | 5.6 it/s
step   70950 | cos 0.5703 | thought 0.9205 dec_ce 1.8593 | 5.5 it/s
step   71000 | cos 0.5705 | thought 0.876 dec_ce 1.9197 | 5.5 it/s
step   71050 | cos 0.5666 | thought 0.894 dec_ce 1.7585 | 5.3 it/s
step   71100 | cos 0.5706 | thought 0.9198 dec_ce 1.973 | 5.6 it/s
step   71150 | cos 0.5702 | thought 0.9043 dec_ce 1.9446 | 5.6 it/s
step   71200 | cos 0.5706 | thought 0.9203 dec_ce 1.9619 | 5.7 it/s
step   71250 | cos 0.5676 | thought 0.8839 dec_ce 1.8419 | 5.5 it/s
step   71300 | cos 0.5677 | thought 0.9269 dec_ce 1.8512 | 5.5 it/s
step   71350 | cos 0.5698 | thought 0.9094 dec_ce 1.974 | 5.7 it/s
step   71400 | cos 0.5702 | thought 0.8643 dec_ce 1.7924 | 5.7 it/s
step   71450 | cos 0.5695 | thought 0.907 dec_ce 2.0156 | 5.5 it/s
step   71500 | cos 0.5683 | thought 0.8893 dec_ce 1.895 | 5.5 it/s
step   71550 | cos 0.5705 | thought 0.8763 dec_ce 1.8062 | 5.2 it/s
step   71600 | cos 0.5689 | thought 0.9254 dec_ce 1.955 | 5.5 it/s
step   71650 | cos 0.5675 | thought 0.8947 dec_ce 1.8882 | 5.6 it/s
step   71700 | cos 0.5674 | thought 0.8688 dec_ce 1.7993 | 5.5 it/s
step   71750 | cos 0.5740 | thought 0.8589 dec_ce 1.7971 | 5.7 it/s
step   71800 | cos 0.5675 | thought 0.8607 dec_ce 1.7331 | 5.7 it/s
step   71850 | cos 0.5686 | thought 0.8585 dec_ce 1.7889 | 5.4 it/s
step   71900 | cos 0.5670 | thought 0.8528 dec_ce 1.7757 | 5.6 it/s
step   71950 | cos 0.5720 | thought 0.8437 dec_ce 1.7287 | 5.5 it/s
step   72000 | cos 0.5680 | thought 0.8794 dec_ce 1.9028 | 5.5 it/s
step   72000 | VAL cos 0.5710 | VAL dec CE 3.5479
step   72050 | cos 0.5677 | thought 0.8674 dec_ce 1.7793 | 4.4 it/s
step   72100 | cos 0.5657 | thought 0.8797 dec_ce 1.921 | 5.6 it/s
step   72150 | cos 0.5685 | thought 0.8403 dec_ce 1.8916 | 5.5 it/s
step   72200 | cos 0.5676 | thought 0.8787 dec_ce 1.8716 | 5.4 it/s
step   72250 | cos 0.5692 | thought 0.8755 dec_ce 1.8492 | 5.5 it/s
step   72300 | cos 0.5707 | thought 0.8322 dec_ce 1.6982 | 5.5 it/s
step   72350 | cos 0.5714 | thought 0.8645 dec_ce 1.8204 | 5.5 it/s
step   72400 | cos 0.5698 | thought 0.896 dec_ce 1.8334 | 5.6 it/s
step   72450 | cos 0.5672 | thought 0.8433 dec_ce 1.9088 | 5.5 it/s
step   72500 | cos 0.5691 | thought 0.9145 dec_ce 1.8832 | 5.7 it/s
step   72550 | cos 0.5672 | thought 0.8403 dec_ce 1.7819 | 5.5 it/s
step   72600 | cos 0.5692 | thought 0.8159 dec_ce 1.6284 | 5.5 it/s
step   72650 | cos 0.5650 | thought 0.8626 dec_ce 1.8059 | 5.6 it/s
step   72700 | cos 0.5732 | thought 0.8394 dec_ce 1.9526 | 5.6 it/s
step   72750 | cos 0.5704 | thought 0.862 dec_ce 1.8452 | 5.6 it/s
step   72800 | cos 0.5720 | thought 0.8942 dec_ce 1.8127 | 5.4 it/s
step   72850 | cos 0.5714 | thought 0.8488 dec_ce 1.616 | 5.6 it/s
step   72900 | cos 0.5681 | thought 0.8152 dec_ce 1.6937 | 5.4 it/s
step   72950 | cos 0.5724 | thought 0.875 dec_ce 1.9259 | 5.7 it/s
step   73000 | cos 0.5676 | thought 0.8474 dec_ce 1.7678 | 5.4 it/s
step   73050 | cos 0.5664 | thought 0.9253 dec_ce 1.8873 | 5.5 it/s
step   73100 | cos 0.5681 | thought 0.9475 dec_ce 2.038 | 5.4 it/s
step   73150 | cos 0.5724 | thought 0.8808 dec_ce 1.945 | 5.5 it/s
step   73200 | cos 0.5702 | thought 0.8901 dec_ce 1.8641 | 5.5 it/s
step   73250 | cos 0.5707 | thought 0.8907 dec_ce 1.8181 | 5.5 it/s
step   73300 | cos 0.5691 | thought 0.9018 dec_ce 1.9616 | 5.5 it/s
step   73350 | cos 0.5668 | thought 0.8779 dec_ce 1.8473 | 5.5 it/s
step   73400 | cos 0.5676 | thought 0.9139 dec_ce 1.8954 | 5.4 it/s
step   73450 | cos 0.5721 | thought 0.8612 dec_ce 1.7568 | 5.6 it/s
step   73500 | cos 0.5740 | thought 0.9457 dec_ce 1.9824 | 5.5 it/s
step   73550 | cos 0.5679 | thought 0.9169 dec_ce 1.8532 | 5.5 it/s
step   73600 | cos 0.5678 | thought 0.9017 dec_ce 1.9523 | 5.5 it/s
step   73650 | cos 0.5717 | thought 0.9239 dec_ce 2.0139 | 5.5 it/s
step   73700 | cos 0.5741 | thought 0.843 dec_ce 1.6908 | 5.7 it/s
step   73750 | cos 0.5707 | thought 0.8301 dec_ce 1.7877 | 5.5 it/s
step   73800 | cos 0.5682 | thought 0.826 dec_ce 1.7999 | 5.6 it/s
step   73850 | cos 0.5704 | thought 0.8363 dec_ce 1.7757 | 5.5 it/s
step   73900 | cos 0.5705 | thought 0.9246 dec_ce 1.9648 | 5.7 it/s
step   73950 | cos 0.5727 | thought 0.8609 dec_ce 1.8176 | 5.5 it/s
step   74000 | cos 0.5700 | thought 0.8723 dec_ce 1.8971 | 5.5 it/s
step   74000 | VAL cos 0.5719 | VAL dec CE 3.5466
step   74050 | cos 0.5713 | thought 0.86 dec_ce 1.7958 | 4.4 it/s
step   74100 | cos 0.5710 | thought 0.8752 dec_ce 1.832 | 5.4 it/s
step   74150 | cos 0.5702 | thought 0.863 dec_ce 1.9636 | 5.3 it/s
step   74200 | cos 0.5692 | thought 0.8747 dec_ce 1.8034 | 5.6 it/s
step   74250 | cos 0.5737 | thought 0.8961 dec_ce 1.9549 | 5.5 it/s
step   74300 | cos 0.5655 | thought 0.8571 dec_ce 1.8799 | 5.4 it/s
step   74350 | cos 0.5725 | thought 0.8905 dec_ce 1.8465 | 5.7 it/s
step   74400 | cos 0.5674 | thought 0.86 dec_ce 1.8348 | 5.6 it/s
step   74450 | cos 0.5662 | thought 0.9097 dec_ce 1.9905 | 5.6 it/s
step   74500 | cos 0.5702 | thought 0.9164 dec_ce 1.9922 | 5.6 it/s
step   74550 | cos 0.5680 | thought 0.9029 dec_ce 1.9822 | 5.4 it/s
step   74600 | cos 0.5723 | thought 0.9279 dec_ce 1.869 | 5.8 it/s
step   74650 | cos 0.5685 | thought 0.881 dec_ce 1.8261 | 5.5 it/s
step   74700 | cos 0.5725 | thought 0.8748 dec_ce 1.7063 | 5.5 it/s
step   74750 | cos 0.5645 | thought 0.881 dec_ce 1.8523 | 5.6 it/s
step   74800 | cos 0.5697 | thought 0.9132 dec_ce 1.8511 | 5.6 it/s
step   74850 | cos 0.5712 | thought 0.8668 dec_ce 1.8465 | 5.6 it/s
step   74900 | cos 0.5684 | thought 0.8388 dec_ce 1.8518 | 5.5 it/s
step   74950 | cos 0.5725 | thought 0.8285 dec_ce 1.6605 | 5.4 it/s
step   75000 | cos 0.5678 | thought 0.8625 dec_ce 1.841 | 5.5 it/s
step   75050 | cos 0.5738 | thought 0.9014 dec_ce 1.8487 | 5.4 it/s
step   75100 | cos 0.5719 | thought 0.8899 dec_ce 1.9541 | 5.4 it/s
step   75150 | cos 0.5687 | thought 0.8875 dec_ce 1.7604 | 5.5 it/s
step   75200 | cos 0.5673 | thought 0.8809 dec_ce 1.8527 | 5.5 it/s
step   75250 | cos 0.5733 | thought 0.8385 dec_ce 1.8414 | 5.6 it/s
step   75300 | cos 0.5683 | thought 0.8738 dec_ce 1.8689 | 5.6 it/s
step   75350 | cos 0.5679 | thought 0.8784 dec_ce 1.7692 | 5.6 it/s
step   75400 | cos 0.5656 | thought 0.8882 dec_ce 1.7669 | 5.6 it/s
step   75450 | cos 0.5686 | thought 0.8937 dec_ce 1.9045 | 5.4 it/s
step   75500 | cos 0.5759 | thought 0.8805 dec_ce 1.7879 | 5.6 it/s
step   75550 | cos 0.5712 | thought 0.8389 dec_ce 1.6771 | 5.4 it/s
step   75600 | cos 0.5721 | thought 0.8275 dec_ce 1.7818 | 5.4 it/s
step   75650 | cos 0.5687 | thought 0.8627 dec_ce 1.7799 | 5.6 it/s
step   75700 | cos 0.5666 | thought 0.8939 dec_ce 1.8339 | 5.4 it/s
step   75750 | cos 0.5716 | thought 0.8548 dec_ce 1.7608 | 5.5 it/s
step   75800 | cos 0.5713 | thought 0.826 dec_ce 1.6821 | 5.6 it/s
step   75850 | cos 0.5722 | thought 0.8608 dec_ce 1.8297 | 5.5 it/s
step   75900 | cos 0.5704 | thought 0.9284 dec_ce 2.0083 | 5.6 it/s
step   75950 | cos 0.5692 | thought 0.8712 dec_ce 1.8457 | 5.5 it/s
step   76000 | cos 0.5683 | thought 0.8187 dec_ce 1.9399 | 5.3 it/s
step   76000 | VAL cos 0.5721 | VAL dec CE 3.5407
step   76050 | cos 0.5683 | thought 0.9211 dec_ce 1.9549 | 4.4 it/s
step   76100 | cos 0.5711 | thought 0.8957 dec_ce 1.8772 | 5.5 it/s
step   76150 | cos 0.5657 | thought 0.9099 dec_ce 1.9127 | 5.6 it/s
step   76200 | cos 0.5692 | thought 0.8307 dec_ce 1.6438 | 5.2 it/s
step   76250 | cos 0.5725 | thought 0.8703 dec_ce 1.8493 | 5.7 it/s
step   76300 | cos 0.5723 | thought 0.8775 dec_ce 1.8808 | 5.7 it/s
step   76350 | cos 0.5701 | thought 0.864 dec_ce 1.8381 | 5.6 it/s
step   76400 | cos 0.5676 | thought 0.8586 dec_ce 1.7616 | 5.6 it/s
step   76450 | cos 0.5695 | thought 0.9366 dec_ce 2.0216 | 5.5 it/s
step   76500 | cos 0.5687 | thought 0.8882 dec_ce 1.8211 | 5.6 it/s
step   76550 | cos 0.5656 | thought 0.847 dec_ce 1.8363 | 5.3 it/s
step   76600 | cos 0.5725 | thought 0.8466 dec_ce 1.6964 | 5.6 it/s
step   76650 | cos 0.5698 | thought 0.8251 dec_ce 1.6569 | 5.3 it/s
step   76700 | cos 0.5666 | thought 0.8606 dec_ce 1.8186 | 5.5 it/s
step   76750 | cos 0.5666 | thought 0.8904 dec_ce 1.9115 | 5.6 it/s
step   76800 | cos 0.5704 | thought 0.8558 dec_ce 1.7698 | 5.7 it/s
step   76850 | cos 0.5703 | thought 0.8329 dec_ce 1.7076 | 5.4 it/s
step   76900 | cos 0.5687 | thought 0.8996 dec_ce 1.9816 | 5.4 it/s
step   76950 | cos 0.5686 | thought 0.8825 dec_ce 1.8656 | 5.4 it/s
step   77000 | cos 0.5678 | thought 0.8673 dec_ce 1.7698 | 5.4 it/s
step   77050 | cos 0.5700 | thought 0.8901 dec_ce 1.8168 | 5.5 it/s
step   77100 | cos 0.5718 | thought 0.8511 dec_ce 1.7847 | 5.7 it/s
step   77150 | cos 0.5677 | thought 0.8858 dec_ce 1.8658 | 5.4 it/s
step   77200 | cos 0.5707 | thought 0.9066 dec_ce 1.9338 | 5.7 it/s
step   77250 | cos 0.5724 | thought 0.8636 dec_ce 1.8002 | 5.6 it/s
step   77300 | cos 0.5687 | thought 0.9107 dec_ce 1.9456 | 5.5 it/s
step   77350 | cos 0.5699 | thought 0.8644 dec_ce 1.7647 | 5.6 it/s
step   77400 | cos 0.5695 | thought 0.8842 dec_ce 1.9616 | 5.6 it/s
step   77450 | cos 0.5693 | thought 0.8568 dec_ce 1.7752 | 5.5 it/s
step   77500 | cos 0.5750 | thought 0.8352 dec_ce 1.7921 | 5.5 it/s
step   77550 | cos 0.5677 | thought 0.8493 dec_ce 1.7997 | 5.4 it/s
step   77600 | cos 0.5721 | thought 0.8709 dec_ce 1.7816 | 5.7 it/s
step   77650 | cos 0.5714 | thought 0.8746 dec_ce 1.841 | 5.5 it/s
step   77700 | cos 0.5725 | thought 0.8267 dec_ce 1.7245 | 5.6 it/s
step   77750 | cos 0.5702 | thought 0.9249 dec_ce 1.8328 | 5.5 it/s
step   77800 | cos 0.5694 | thought 0.8998 dec_ce 1.916 | 5.5 it/s
step   77850 | cos 0.5713 | thought 0.8416 dec_ce 1.8693 | 5.6 it/s
step   77900 | cos 0.5702 | thought 0.8633 dec_ce 1.8958 | 5.5 it/s
step   77950 | cos 0.5685 | thought 0.8631 dec_ce 1.86 | 5.5 it/s
step   78000 | cos 0.5697 | thought 0.8706 dec_ce 1.8312 | 5.6 it/s
step   78000 | VAL cos 0.5715 | VAL dec CE 3.5353
step   78050 | cos 0.5692 | thought 0.8554 dec_ce 1.792 | 4.4 it/s
step   78100 | cos 0.5738 | thought 0.8875 dec_ce 1.9162 | 5.5 it/s
step   78150 | cos 0.5707 | thought 0.8743 dec_ce 1.8249 | 5.7 it/s
step   78200 | cos 0.5711 | thought 0.891 dec_ce 1.8801 | 5.5 it/s
step   78250 | cos 0.5679 | thought 0.8838 dec_ce 1.7308 | 5.6 it/s
step   78300 | cos 0.5712 | thought 0.8652 dec_ce 1.8285 | 5.6 it/s
step   78350 | cos 0.5703 | thought 0.8495 dec_ce 1.7787 | 5.4 it/s
step   78400 | cos 0.5717 | thought 0.8355 dec_ce 1.6294 | 5.6 it/s
step   78450 | cos 0.5712 | thought 0.8987 dec_ce 2.0845 | 5.5 it/s
step   78500 | cos 0.5705 | thought 0.8612 dec_ce 1.7764 | 5.4 it/s
step   78550 | cos 0.5684 | thought 0.8763 dec_ce 1.776 | 5.4 it/s
step   78600 | cos 0.5705 | thought 0.8116 dec_ce 1.7285 | 5.6 it/s
step   78650 | cos 0.5695 | thought 0.8997 dec_ce 1.8915 | 5.5 it/s
step   78700 | cos 0.5717 | thought 0.9044 dec_ce 1.9159 | 5.5 it/s
step   78750 | cos 0.5717 | thought 0.8891 dec_ce 1.9375 | 5.7 it/s
step   78800 | cos 0.5698 | thought 0.8975 dec_ce 1.8516 | 5.5 it/s
step   78850 | cos 0.5675 | thought 0.8835 dec_ce 1.8663 | 5.6 it/s
step   78900 | cos 0.5701 | thought 0.8707 dec_ce 1.9784 | 5.6 it/s
step   78950 | cos 0.5727 | thought 0.8529 dec_ce 1.742 | 5.5 it/s
step   79000 | cos 0.5699 | thought 0.8889 dec_ce 1.869 | 5.6 it/s
step   79050 | cos 0.5701 | thought 0.9447 dec_ce 1.9051 | 5.3 it/s
step   79100 | cos 0.5703 | thought 0.8866 dec_ce 1.8138 | 5.7 it/s
step   79150 | cos 0.5680 | thought 0.8764 dec_ce 1.8963 | 5.6 it/s
step   79200 | cos 0.5707 | thought 0.8868 dec_ce 1.7714 | 5.6 it/s
step   79250 | cos 0.5726 | thought 0.8636 dec_ce 1.8869 | 5.6 it/s
step   79300 | cos 0.5730 | thought 0.9168 dec_ce 1.9805 | 5.4 it/s
step   79350 | cos 0.5683 | thought 0.8967 dec_ce 1.8756 | 5.5 it/s
step   79400 | cos 0.5692 | thought 0.89 dec_ce 1.9297 | 5.4 it/s
step   79450 | cos 0.5715 | thought 0.867 dec_ce 1.7759 | 5.4 it/s
step   79500 | cos 0.5706 | thought 0.9192 dec_ce 1.9376 | 5.7 it/s
step   79550 | cos 0.5671 | thought 0.9086 dec_ce 1.9081 | 5.4 it/s
step   79600 | cos 0.5721 | thought 0.894 dec_ce 1.8201 | 5.5 it/s
step   79650 | cos 0.5693 | thought 0.8939 dec_ce 1.9039 | 5.4 it/s
step   79700 | cos 0.5722 | thought 0.9373 dec_ce 1.9971 | 5.7 it/s
step   79750 | cos 0.5678 | thought 0.8631 dec_ce 1.7609 | 5.5 it/s
step   79800 | cos 0.5677 | thought 0.9256 dec_ce 1.8518 | 5.6 it/s
step   79850 | cos 0.5717 | thought 0.8576 dec_ce 1.8131 | 5.5 it/s
step   79900 | cos 0.5687 | thought 0.8861 dec_ce 1.8979 | 5.6 it/s
step   79950 | cos 0.5682 | thought 0.8402 dec_ce 1.7644 | 5.4 it/s
step   80000 | cos 0.5699 | thought 0.8722 dec_ce 1.7903 | 5.4 it/s
step   80000 | VAL cos 0.5741 | VAL dec CE 3.5249
step   80050 | cos 0.5666 | thought 0.9001 dec_ce 1.838 | 4.3 it/s
step   80100 | cos 0.5691 | thought 0.8961 dec_ce 1.8872 | 5.6 it/s
step   80150 | cos 0.5733 | thought 0.8613 dec_ce 1.8916 | 5.6 it/s
step   80200 | cos 0.5730 | thought 0.8684 dec_ce 1.8126 | 5.7 it/s
step   80250 | cos 0.5705 | thought 0.8974 dec_ce 1.8754 | 5.4 it/s
step   80300 | cos 0.5718 | thought 0.9003 dec_ce 1.8962 | 5.5 it/s
step   80350 | cos 0.5691 | thought 0.8368 dec_ce 1.7095 | 5.4 it/s
step   80400 | cos 0.5745 | thought 0.8692 dec_ce 1.9153 | 5.5 it/s
step   80450 | cos 0.5745 | thought 0.9154 dec_ce 1.8853 | 5.5 it/s
step   80500 | cos 0.5705 | thought 0.8749 dec_ce 1.8187 | 5.4 it/s
step   80550 | cos 0.5703 | thought 0.8935 dec_ce 1.9979 | 5.5 it/s
step   80600 | cos 0.5681 | thought 0.8866 dec_ce 1.6961 | 5.4 it/s
step   80650 | cos 0.5696 | thought 0.9046 dec_ce 1.8832 | 5.6 it/s
step   80700 | cos 0.5684 | thought 0.903 dec_ce 1.9713 | 5.5 it/s
step   80750 | cos 0.5676 | thought 0.8975 dec_ce 1.9492 | 5.5 it/s
step   80800 | cos 0.5689 | thought 0.8467 dec_ce 1.7465 | 5.5 it/s
step   80850 | cos 0.5710 | thought 0.9034 dec_ce 1.864 | 5.5 it/s
step   80900 | cos 0.5710 | thought 0.8885 dec_ce 1.9306 | 5.7 it/s
step   80950 | cos 0.5731 | thought 0.9356 dec_ce 1.9492 | 5.6 it/s
step   81000 | cos 0.5715 | thought 0.8453 dec_ce 1.7616 | 5.7 it/s
step   81050 | cos 0.5716 | thought 0.8263 dec_ce 1.7459 | 5.2 it/s
step   81100 | cos 0.5662 | thought 0.8988 dec_ce 1.8208 | 5.6 it/s
step   81150 | cos 0.5735 | thought 0.9084 dec_ce 1.9006 | 5.5 it/s
step   81200 | cos 0.5692 | thought 0.9228 dec_ce 1.8921 | 5.6 it/s
step   81250 | cos 0.5690 | thought 0.9073 dec_ce 1.8668 | 5.6 it/s
step   81300 | cos 0.5680 | thought 0.8606 dec_ce 1.7787 | 5.6 it/s
step   81350 | cos 0.5702 | thought 0.8903 dec_ce 1.9038 | 5.6 it/s
step   81400 | cos 0.5694 | thought 0.8839 dec_ce 1.7646 | 5.7 it/s
step   81450 | cos 0.5706 | thought 0.8437 dec_ce 1.897 | 5.6 it/s
step   81500 | cos 0.5704 | thought 0.9194 dec_ce 1.9364 | 5.5 it/s
step   81550 | cos 0.5709 | thought 0.8629 dec_ce 1.7622 | 5.3 it/s
step   81600 | cos 0.5683 | thought 0.8928 dec_ce 1.7436 | 5.6 it/s
step   81650 | cos 0.5725 | thought 0.8879 dec_ce 1.7581 | 5.5 it/s
step   81700 | cos 0.5733 | thought 0.9297 dec_ce 2.0579 | 5.6 it/s
step   81750 | cos 0.5696 | thought 0.8543 dec_ce 1.837 | 5.6 it/s
step   81800 | cos 0.5754 | thought 0.8154 dec_ce 1.7215 | 5.4 it/s
step   81850 | cos 0.5726 | thought 0.8236 dec_ce 1.7697 | 5.6 it/s
step   81900 | cos 0.5702 | thought 0.8575 dec_ce 1.7118 | 5.6 it/s
step   81950 | cos 0.5705 | thought 0.8688 dec_ce 1.8928 | 5.4 it/s
step   82000 | cos 0.5714 | thought 0.8923 dec_ce 1.8481 | 5.6 it/s
step   82000 | VAL cos 0.5729 | VAL dec CE 3.5302
step   82050 | cos 0.5711 | thought 0.8211 dec_ce 1.7075 | 4.5 it/s
step   82100 | cos 0.5721 | thought 0.851 dec_ce 1.8136 | 5.5 it/s
step   82150 | cos 0.5713 | thought 0.8777 dec_ce 1.9223 | 5.3 it/s
step   82200 | cos 0.5708 | thought 0.8406 dec_ce 1.8032 | 5.6 it/s
step   82250 | cos 0.5711 | thought 0.8835 dec_ce 1.8723 | 5.6 it/s
step   82300 | cos 0.5765 | thought 0.8949 dec_ce 1.8706 | 5.7 it/s
step   82350 | cos 0.5697 | thought 0.8196 dec_ce 1.6775 | 5.5 it/s
step   82400 | cos 0.5728 | thought 0.8415 dec_ce 1.7608 | 5.7 it/s
step   82450 | cos 0.5700 | thought 0.9056 dec_ce 2.0525 | 5.5 it/s
step   82500 | cos 0.5709 | thought 0.8488 dec_ce 1.7726 | 5.5 it/s
step   82550 | cos 0.5673 | thought 0.8527 dec_ce 1.7671 | 5.3 it/s
step   82600 | cos 0.5706 | thought 0.8703 dec_ce 1.831 | 5.7 it/s
step   82650 | cos 0.5707 | thought 0.8805 dec_ce 1.813 | 5.6 it/s
step   82700 | cos 0.5739 | thought 0.9124 dec_ce 1.908 | 5.5 it/s
step   82750 | cos 0.5716 | thought 0.9489 dec_ce 1.9268 | 5.6 it/s
step   82800 | cos 0.5735 | thought 0.8682 dec_ce 1.8532 | 5.5 it/s
step   82850 | cos 0.5726 | thought 0.8993 dec_ce 1.9255 | 5.5 it/s
step   82900 | cos 0.5702 | thought 0.8736 dec_ce 1.7902 | 5.4 it/s
step   82950 | cos 0.5707 | thought 0.8967 dec_ce 1.8878 | 5.4 it/s
step   83000 | cos 0.5720 | thought 0.8837 dec_ce 1.8402 | 5.7 it/s
step   83050 | cos 0.5671 | thought 0.8901 dec_ce 1.8778 | 5.5 it/s
step   83100 | cos 0.5709 | thought 0.9741 dec_ce 1.9763 | 5.4 it/s
step   83150 | cos 0.5668 | thought 0.8632 dec_ce 1.7544 | 5.5 it/s
step   83200 | cos 0.5708 | thought 0.8534 dec_ce 1.7781 | 5.5 it/s
step   83250 | cos 0.5717 | thought 0.9231 dec_ce 1.8674 | 5.7 it/s
step   83300 | cos 0.5706 | thought 0.8764 dec_ce 1.9073 | 5.6 it/s
step   83350 | cos 0.5708 | thought 0.891 dec_ce 1.8993 | 5.6 it/s
step   83400 | cos 0.5662 | thought 0.9248 dec_ce 1.9713 | 5.5 it/s
step   83450 | cos 0.5698 | thought 0.8621 dec_ce 1.7997 | 5.6 it/s
step   83500 | cos 0.5695 | thought 0.8812 dec_ce 2.0314 | 5.6 it/s
step   83550 | cos 0.5681 | thought 0.904 dec_ce 1.8386 | 5.3 it/s
step   83600 | cos 0.5709 | thought 0.8536 dec_ce 1.7502 | 5.6 it/s
step   83650 | cos 0.5678 | thought 0.9123 dec_ce 1.964 | 5.6 it/s
step   83700 | cos 0.5695 | thought 0.9051 dec_ce 1.9173 | 5.6 it/s
step   83750 | cos 0.5724 | thought 0.8782 dec_ce 1.9396 | 5.5 it/s
step   83800 | cos 0.5646 | thought 0.9045 dec_ce 1.9812 | 5.4 it/s
step   83850 | cos 0.5648 | thought 0.8982 dec_ce 1.8989 | 5.3 it/s
step   83900 | cos 0.5704 | thought 0.877 dec_ce 1.7871 | 5.6 it/s
step   83950 | cos 0.5699 | thought 0.8612 dec_ce 1.6922 | 5.7 it/s
step   84000 | cos 0.5702 | thought 0.8478 dec_ce 1.9033 | 5.3 it/s
step   84000 | VAL cos 0.5736 | VAL dec CE 3.5325
step   84050 | cos 0.5702 | thought 0.9354 dec_ce 2.0109 | 4.4 it/s
step   84100 | cos 0.5670 | thought 0.9218 dec_ce 1.9534 | 5.4 it/s
step   84150 | cos 0.5701 | thought 0.8775 dec_ce 1.8002 | 5.5 it/s
step   84200 | cos 0.5688 | thought 0.8719 dec_ce 1.7852 | 5.5 it/s
step   84250 | cos 0.5711 | thought 0.9314 dec_ce 1.939 | 5.7 it/s
step   84300 | cos 0.5707 | thought 0.9108 dec_ce 1.9598 | 5.6 it/s
step   84350 | cos 0.5730 | thought 0.8828 dec_ce 1.8945 | 5.4 it/s
step   84400 | cos 0.5706 | thought 0.8758 dec_ce 1.9409 | 5.6 it/s
step   84450 | cos 0.5674 | thought 0.8928 dec_ce 1.9484 | 5.5 it/s
step   84500 | cos 0.5700 | thought 0.8854 dec_ce 1.8545 | 5.5 it/s
step   84550 | cos 0.5707 | thought 0.92 dec_ce 1.961 | 5.4 it/s
step   84600 | cos 0.5694 | thought 0.8735 dec_ce 1.7662 | 5.6 it/s
step   84650 | cos 0.5760 | thought 0.8188 dec_ce 1.6329 | 5.8 it/s
step   84700 | cos 0.5703 | thought 0.875 dec_ce 1.8159 | 5.5 it/s
step   84750 | cos 0.5732 | thought 0.8899 dec_ce 1.8827 | 5.5 it/s
step   84800 | cos 0.5674 | thought 0.8533 dec_ce 1.7545 | 5.5 it/s
step   84850 | cos 0.5727 | thought 0.8596 dec_ce 1.8213 | 5.4 it/s
step   84900 | cos 0.5719 | thought 0.9008 dec_ce 1.8326 | 5.6 it/s
step   84950 | cos 0.5695 | thought 0.906 dec_ce 1.8644 | 5.6 it/s
step   85000 | cos 0.5757 | thought 0.8445 dec_ce 1.73 | 5.7 it/s
step   85050 | cos 0.5672 | thought 0.9062 dec_ce 1.8667 | 5.3 it/s
step   85100 | cos 0.5730 | thought 0.8485 dec_ce 1.7409 | 5.6 it/s
step   85150 | cos 0.5706 | thought 0.857 dec_ce 1.7855 | 5.7 it/s
step   85200 | cos 0.5700 | thought 0.905 dec_ce 1.9869 | 5.4 it/s
step   85250 | cos 0.5719 | thought 0.8592 dec_ce 1.7 | 5.5 it/s
step   85300 | cos 0.5733 | thought 0.9033 dec_ce 1.8572 | 5.5 it/s
step   85350 | cos 0.5702 | thought 0.9064 dec_ce 1.9141 | 5.6 it/s
step   85400 | cos 0.5656 | thought 0.9205 dec_ce 2.044 | 5.5 it/s
step   85450 | cos 0.5739 | thought 0.8708 dec_ce 1.9651 | 5.6 it/s
step   85500 | cos 0.5747 | thought 0.902 dec_ce 1.9406 | 5.5 it/s
step   85550 | cos 0.5748 | thought 0.8149 dec_ce 1.7599 | 5.4 it/s
step   85600 | cos 0.5708 | thought 0.8573 dec_ce 1.7999 | 5.5 it/s
step   85650 | cos 0.5719 | thought 0.8293 dec_ce 1.6087 | 5.6 it/s
step   85700 | cos 0.5675 | thought 0.8478 dec_ce 1.8821 | 5.4 it/s
step   85750 | cos 0.5688 | thought 0.9521 dec_ce 2.0054 | 5.5 it/s
step   85800 | cos 0.5700 | thought 0.8921 dec_ce 1.8045 | 5.5 it/s
step   85850 | cos 0.5753 | thought 0.8788 dec_ce 1.7299 | 5.7 it/s
step   85900 | cos 0.5702 | thought 0.8769 dec_ce 1.8248 | 5.3 it/s
step   85950 | cos 0.5720 | thought 0.8807 dec_ce 1.8367 | 5.5 it/s
step   86000 | cos 0.5707 | thought 0.845 dec_ce 1.7795 | 5.4 it/s
step   86000 | VAL cos 0.5747 | VAL dec CE 3.5250
step   86050 | cos 0.5719 | thought 0.9168 dec_ce 1.8653 | 4.3 it/s
step   86100 | cos 0.5702 | thought 0.8435 dec_ce 1.7774 | 5.6 it/s
step   86150 | cos 0.5760 | thought 0.8562 dec_ce 1.8912 | 5.4 it/s
step   86200 | cos 0.5704 | thought 0.8506 dec_ce 1.919 | 5.5 it/s
step   86250 | cos 0.5735 | thought 0.8505 dec_ce 1.8187 | 5.7 it/s
step   86300 | cos 0.5703 | thought 0.8789 dec_ce 1.8409 | 5.6 it/s
step   86350 | cos 0.5706 | thought 0.8737 dec_ce 1.8258 | 5.4 it/s
step   86400 | cos 0.5701 | thought 0.8699 dec_ce 1.8129 | 5.5 it/s
step   86450 | cos 0.5687 | thought 0.8886 dec_ce 1.7728 | 5.7 it/s
step   86500 | cos 0.5681 | thought 0.89 dec_ce 1.8881 | 5.5 it/s
step   86550 | cos 0.5688 | thought 0.909 dec_ce 1.8433 | 5.4 it/s
step   86600 | cos 0.5701 | thought 0.867 dec_ce 1.8643 | 5.6 it/s
step   86650 | cos 0.5710 | thought 0.844 dec_ce 1.6175 | 5.4 it/s
step   86700 | cos 0.5745 | thought 0.877 dec_ce 1.8053 | 5.5 it/s
step   86750 | cos 0.5758 | thought 0.8239 dec_ce 1.7427 | 5.6 it/s
step   86800 | cos 0.5676 | thought 0.9142 dec_ce 1.8903 | 5.5 it/s
step   86850 | cos 0.5705 | thought 0.8606 dec_ce 1.8235 | 5.7 it/s
step   86900 | cos 0.5696 | thought 0.9214 dec_ce 1.9231 | 5.3 it/s
step   86950 | cos 0.5687 | thought 0.8971 dec_ce 1.8926 | 5.5 it/s
step   87000 | cos 0.5729 | thought 0.8649 dec_ce 1.9856 | 5.4 it/s
step   87050 | cos 0.5692 | thought 0.8595 dec_ce 1.8196 | 5.5 it/s
step   87100 | cos 0.5716 | thought 0.8515 dec_ce 1.8096 | 5.6 it/s
step   87150 | cos 0.5728 | thought 0.8429 dec_ce 1.7277 | 5.5 it/s
step   87200 | cos 0.5709 | thought 0.8325 dec_ce 1.7179 | 5.6 it/s
step   87250 | cos 0.5755 | thought 0.8488 dec_ce 1.8287 | 5.6 it/s
step   87300 | cos 0.5719 | thought 0.8875 dec_ce 1.8592 | 5.5 it/s
step   87350 | cos 0.5711 | thought 0.8801 dec_ce 1.875 | 5.6 it/s
step   87400 | cos 0.5726 | thought 0.9172 dec_ce 1.9545 | 5.3 it/s
step   87450 | cos 0.5734 | thought 0.92 dec_ce 1.9778 | 5.4 it/s
step   87500 | cos 0.5696 | thought 0.8871 dec_ce 1.8379 | 5.6 it/s
step   87550 | cos 0.5695 | thought 0.8638 dec_ce 1.7302 | 5.3 it/s
step   87600 | cos 0.5736 | thought 0.8649 dec_ce 1.8348 | 5.4 it/s
step   87650 | cos 0.5702 | thought 0.8793 dec_ce 1.7301 | 5.6 it/s
step   87700 | cos 0.5693 | thought 0.9069 dec_ce 1.9065 | 5.6 it/s
step   87750 | cos 0.5704 | thought 0.8434 dec_ce 1.7367 | 5.5 it/s
step   87800 | cos 0.5721 | thought 0.9019 dec_ce 1.9818 | 5.4 it/s
step   87850 | cos 0.5730 | thought 0.8462 dec_ce 1.687 | 5.7 it/s
step   87900 | cos 0.5687 | thought 0.8883 dec_ce 1.9194 | 5.5 it/s
step   87950 | cos 0.5696 | thought 0.8249 dec_ce 1.81 | 5.4 it/s
step   88000 | cos 0.5729 | thought 0.8679 dec_ce 1.8392 | 5.4 it/s
step   88000 | VAL cos 0.5735 | VAL dec CE 3.5242
step   88050 | cos 0.5720 | thought 0.8736 dec_ce 1.8328 | 4.3 it/s
step   88100 | cos 0.5716 | thought 0.872 dec_ce 1.8801 | 5.6 it/s
step   88150 | cos 0.5730 | thought 0.8752 dec_ce 1.7363 | 5.5 it/s
step   88200 | cos 0.5723 | thought 0.9622 dec_ce 2.0089 | 5.6 it/s
step   88250 | cos 0.5738 | thought 0.8446 dec_ce 1.806 | 5.6 it/s
step   88300 | cos 0.5752 | thought 0.8488 dec_ce 1.6682 | 5.5 it/s
step   88350 | cos 0.5736 | thought 0.8745 dec_ce 1.7833 | 5.5 it/s
step   88400 | cos 0.5741 | thought 0.8986 dec_ce 1.853 | 5.6 it/s
step   88450 | cos 0.5708 | thought 0.9398 dec_ce 2.1189 | 5.7 it/s
step   88500 | cos 0.5728 | thought 0.8547 dec_ce 1.8633 | 5.7 it/s
step   88550 | cos 0.5720 | thought 0.9169 dec_ce 1.7865 | 5.2 it/s
step   88600 | cos 0.5688 | thought 0.8725 dec_ce 1.7208 | 5.5 it/s
step   88650 | cos 0.5708 | thought 0.8408 dec_ce 1.8152 | 5.6 it/s
step   88700 | cos 0.5738 | thought 0.8929 dec_ce 1.8465 | 5.7 it/s
step   88750 | cos 0.5752 | thought 0.8455 dec_ce 1.6708 | 5.5 it/s
step   88800 | cos 0.5720 | thought 0.8818 dec_ce 2.0019 | 5.5 it/s
step   88850 | cos 0.5692 | thought 0.8685 dec_ce 1.8357 | 5.5 it/s
step   88900 | cos 0.5737 | thought 0.8887 dec_ce 1.8913 | 5.4 it/s
step   88950 | cos 0.5723 | thought 0.851 dec_ce 1.8435 | 5.7 it/s
step   89000 | cos 0.5695 | thought 0.8627 dec_ce 1.8426 | 5.5 it/s
step   89050 | cos 0.5691 | thought 0.8407 dec_ce 1.7226 | 5.3 it/s
step   89100 | cos 0.5694 | thought 0.8795 dec_ce 1.8693 | 5.5 it/s
step   89150 | cos 0.5705 | thought 0.8212 dec_ce 1.6818 | 5.5 it/s
step   89200 | cos 0.5753 | thought 0.8588 dec_ce 1.7593 | 5.4 it/s
step   89250 | cos 0.5753 | thought 0.8022 dec_ce 1.7852 | 5.6 it/s
step   89300 | cos 0.5737 | thought 0.8525 dec_ce 1.8814 | 5.7 it/s
step   89350 | cos 0.5725 | thought 0.8826 dec_ce 1.8817 | 5.6 it/s
step   89400 | cos 0.5698 | thought 0.872 dec_ce 1.8724 | 5.7 it/s
step   89450 | cos 0.5716 | thought 0.8817 dec_ce 1.8319 | 5.5 it/s
step   89500 | cos 0.5726 | thought 0.8889 dec_ce 1.8045 | 5.4 it/s
step   89550 | cos 0.5695 | thought 0.8889 dec_ce 1.8627 | 5.3 it/s
step   89600 | cos 0.5734 | thought 0.8386 dec_ce 1.8151 | 5.6 it/s
step   89650 | cos 0.5695 | thought 0.9239 dec_ce 1.8512 | 5.5 it/s
step   89700 | cos 0.5714 | thought 0.8638 dec_ce 1.8383 | 5.5 it/s
step   89750 | cos 0.5694 | thought 0.8448 dec_ce 1.8533 | 5.5 it/s
step   89800 | cos 0.5732 | thought 0.8764 dec_ce 1.7991 | 5.4 it/s
step   89850 | cos 0.5722 | thought 0.8661 dec_ce 1.7765 | 5.4 it/s
step   89900 | cos 0.5720 | thought 0.9159 dec_ce 1.955 | 5.8 it/s
step   89950 | cos 0.5710 | thought 0.8216 dec_ce 1.7539 | 5.6 it/s
step   90000 | cos 0.5712 | thought 0.8889 dec_ce 1.8191 | 5.5 it/s
step   90000 | VAL cos 0.5745 | VAL dec CE 3.5158
step   90050 | cos 0.5723 | thought 0.9046 dec_ce 1.9651 | 4.2 it/s
step   90100 | cos 0.5716 | thought 0.9006 dec_ce 1.8925 | 5.4 it/s
step   90150 | cos 0.5707 | thought 0.9074 dec_ce 1.9179 | 5.4 it/s
step   90200 | cos 0.5758 | thought 0.8689 dec_ce 1.8981 | 5.4 it/s
step   90250 | cos 0.5718 | thought 0.826 dec_ce 1.7106 | 5.5 it/s
step   90300 | cos 0.5735 | thought 0.9118 dec_ce 1.9534 | 5.7 it/s
step   90350 | cos 0.5749 | thought 0.893 dec_ce 1.8846 | 5.6 it/s
step   90400 | cos 0.5725 | thought 0.8853 dec_ce 1.8137 | 5.5 it/s
step   90450 | cos 0.5673 | thought 0.9138 dec_ce 1.9234 | 5.5 it/s
step   90500 | cos 0.5746 | thought 0.9233 dec_ce 1.9466 | 5.5 it/s
step   90550 | cos 0.5758 | thought 0.8614 dec_ce 1.755 | 5.4 it/s
step   90600 | cos 0.5743 | thought 0.9159 dec_ce 1.8152 | 5.6 it/s
step   90650 | cos 0.5737 | thought 0.8576 dec_ce 1.8091 | 5.7 it/s
step   90700 | cos 0.5724 | thought 0.8823 dec_ce 1.7783 | 5.6 it/s
step   90750 | cos 0.5747 | thought 0.8606 dec_ce 1.7219 | 5.6 it/s
step   90800 | cos 0.5731 | thought 0.8767 dec_ce 1.9652 | 5.6 it/s
step   90850 | cos 0.5746 | thought 0.8231 dec_ce 1.6484 | 5.6 it/s
step   90900 | cos 0.5726 | thought 0.8941 dec_ce 1.972 | 5.5 it/s
step   90950 | cos 0.5730 | thought 0.923 dec_ce 2.0218 | 5.6 it/s
step   91000 | cos 0.5733 | thought 0.8735 dec_ce 1.7574 | 5.5 it/s
step   91050 | cos 0.5738 | thought 0.8938 dec_ce 1.9224 | 5.4 it/s
step   91100 | cos 0.5724 | thought 0.8619 dec_ce 1.8438 | 5.4 it/s
step   91150 | cos 0.5706 | thought 0.8428 dec_ce 1.9621 | 5.5 it/s
step   91200 | cos 0.5729 | thought 0.9062 dec_ce 1.9094 | 5.3 it/s
step   91250 | cos 0.5729 | thought 0.8513 dec_ce 1.697 | 5.6 it/s
step   91300 | cos 0.5720 | thought 0.8724 dec_ce 1.7735 | 5.6 it/s
step   91350 | cos 0.5739 | thought 0.868 dec_ce 1.8136 | 5.5 it/s
step   91400 | cos 0.5737 | thought 0.8702 dec_ce 1.9351 | 5.5 it/s
step   91450 | cos 0.5738 | thought 0.8852 dec_ce 1.8891 | 5.4 it/s
step   91500 | cos 0.5694 | thought 0.8955 dec_ce 1.8897 | 5.5 it/s
step   91550 | cos 0.5739 | thought 0.8591 dec_ce 1.7669 | 5.3 it/s
step   91600 | cos 0.5748 | thought 0.8626 dec_ce 1.8753 | 5.7 it/s
step   91650 | cos 0.5785 | thought 0.8866 dec_ce 1.9035 | 5.6 it/s
step   91700 | cos 0.5767 | thought 0.8298 dec_ce 1.7837 | 5.5 it/s
step   91750 | cos 0.5724 | thought 0.8719 dec_ce 1.7916 | 5.6 it/s
step   91800 | cos 0.5768 | thought 0.8797 dec_ce 1.9639 | 5.7 it/s
step   91850 | cos 0.5731 | thought 0.8635 dec_ce 1.8101 | 5.6 it/s
step   91900 | cos 0.5744 | thought 0.9144 dec_ce 1.8741 | 5.6 it/s
step   91950 | cos 0.5791 | thought 0.8859 dec_ce 1.8369 | 5.6 it/s
step   92000 | cos 0.5709 | thought 0.8331 dec_ce 1.8077 | 5.6 it/s
step   92000 | VAL cos 0.5764 | VAL dec CE 3.5087
step   92050 | cos 0.5728 | thought 0.8287 dec_ce 1.7551 | 4.4 it/s
step   92100 | cos 0.5686 | thought 0.883 dec_ce 1.7448 | 5.4 it/s
step   92150 | cos 0.5687 | thought 0.8643 dec_ce 1.8207 | 5.5 it/s
step   92200 | cos 0.5745 | thought 0.9174 dec_ce 1.8718 | 5.5 it/s
step   92250 | cos 0.5693 | thought 0.9035 dec_ce 1.873 | 5.5 it/s
step   92300 | cos 0.5726 | thought 0.882 dec_ce 1.7759 | 5.5 it/s
step   92350 | cos 0.5758 | thought 0.8716 dec_ce 1.779 | 5.6 it/s
step   92400 | cos 0.5699 | thought 0.8748 dec_ce 1.7481 | 5.6 it/s
step   92450 | cos 0.5726 | thought 0.8369 dec_ce 1.8317 | 5.5 it/s
step   92500 | cos 0.5746 | thought 0.9084 dec_ce 1.935 | 5.4 it/s
step   92550 | cos 0.5747 | thought 0.8857 dec_ce 1.9391 | 5.5 it/s
step   92600 | cos 0.5713 | thought 0.9046 dec_ce 1.9433 | 5.5 it/s
step   92650 | cos 0.5752 | thought 0.8678 dec_ce 1.8277 | 5.5 it/s
step   92700 | cos 0.5737 | thought 0.9017 dec_ce 1.891 | 5.4 it/s
step   92750 | cos 0.5677 | thought 0.8506 dec_ce 1.734 | 5.5 it/s
step   92800 | cos 0.5762 | thought 0.8541 dec_ce 1.8585 | 5.5 it/s
step   92850 | cos 0.5761 | thought 0.8684 dec_ce 1.7386 | 5.6 it/s
step   92900 | cos 0.5731 | thought 0.914 dec_ce 1.8977 | 5.5 it/s
step   92950 | cos 0.5734 | thought 0.8907 dec_ce 1.8825 | 5.6 it/s
step   93000 | cos 0.5729 | thought 0.8465 dec_ce 1.7763 | 5.6 it/s
step   93050 | cos 0.5736 | thought 0.8802 dec_ce 1.807 | 5.5 it/s
step   93100 | cos 0.5712 | thought 0.8512 dec_ce 1.9903 | 5.4 it/s
step   93150 | cos 0.5731 | thought 0.8379 dec_ce 1.7512 | 5.7 it/s
step   93200 | cos 0.5765 | thought 0.8608 dec_ce 1.7845 | 5.6 it/s
step   93250 | cos 0.5735 | thought 0.8397 dec_ce 1.8023 | 5.4 it/s
step   93300 | cos 0.5716 | thought 0.8635 dec_ce 1.7668 | 5.6 it/s
step   93350 | cos 0.5707 | thought 0.8455 dec_ce 1.8257 | 5.6 it/s
step   93400 | cos 0.5708 | thought 0.8883 dec_ce 1.9365 | 5.5 it/s
step   93450 | cos 0.5740 | thought 0.8359 dec_ce 1.6869 | 5.6 it/s
step   93500 | cos 0.5754 | thought 0.8647 dec_ce 1.9493 | 5.5 it/s
step   93550 | cos 0.5745 | thought 0.879 dec_ce 1.7693 | 5.4 it/s
step   93600 | cos 0.5739 | thought 0.8397 dec_ce 1.8537 | 5.6 it/s
step   93650 | cos 0.5733 | thought 0.8756 dec_ce 1.8698 | 5.7 it/s
step   93700 | cos 0.5719 | thought 0.8605 dec_ce 1.8128 | 5.3 it/s
step   93750 | cos 0.5719 | thought 0.9145 dec_ce 1.9442 | 5.5 it/s
step   93800 | cos 0.5700 | thought 0.7968 dec_ce 1.6763 | 5.5 it/s
step   93850 | cos 0.5725 | thought 0.839 dec_ce 1.7792 | 5.7 it/s
step   93900 | cos 0.5776 | thought 0.8724 dec_ce 1.87 | 5.5 it/s
step   93950 | cos 0.5725 | thought 0.8949 dec_ce 2.0605 | 5.7 it/s
step   94000 | cos 0.5759 | thought 0.8918 dec_ce 1.8864 | 5.6 it/s
step   94000 | VAL cos 0.5759 | VAL dec CE 3.5165
step   94050 | cos 0.5740 | thought 0.8664 dec_ce 1.7894 | 4.4 it/s
step   94100 | cos 0.5740 | thought 0.8592 dec_ce 1.767 | 5.4 it/s
step   94150 | cos 0.5720 | thought 0.8651 dec_ce 1.884 | 5.4 it/s
step   94200 | cos 0.5748 | thought 0.8628 dec_ce 1.8546 | 5.7 it/s
step   94250 | cos 0.5781 | thought 0.871 dec_ce 1.8732 | 5.5 it/s
step   94300 | cos 0.5720 | thought 0.8701 dec_ce 1.7886 | 5.5 it/s
step   94350 | cos 0.5743 | thought 0.8268 dec_ce 1.6455 | 5.5 it/s
step   94400 | cos 0.5700 | thought 0.8649 dec_ce 1.9113 | 5.5 it/s
step   94450 | cos 0.5731 | thought 0.8917 dec_ce 1.7287 | 5.5 it/s
step   94500 | cos 0.5720 | thought 0.8275 dec_ce 1.8214 | 5.4 it/s
step   94550 | cos 0.5771 | thought 0.917 dec_ce 1.8935 | 5.5 it/s
step   94600 | cos 0.5746 | thought 0.842 dec_ce 1.7843 | 5.4 it/s
step   94650 | cos 0.5704 | thought 0.9 dec_ce 1.8223 | 5.5 it/s
step   94700 | cos 0.5730 | thought 0.8338 dec_ce 1.7611 | 5.6 it/s
step   94750 | cos 0.5717 | thought 0.8908 dec_ce 1.9068 | 5.6 it/s
step   94800 | cos 0.5729 | thought 0.8309 dec_ce 1.705 | 5.6 it/s
step   94850 | cos 0.5720 | thought 0.8858 dec_ce 1.9099 | 5.5 it/s
step   94900 | cos 0.5728 | thought 0.9128 dec_ce 1.9028 | 5.6 it/s
step   94950 | cos 0.5709 | thought 0.8861 dec_ce 1.7655 | 5.5 it/s
step   95000 | cos 0.5763 | thought 0.9043 dec_ce 1.9028 | 5.6 it/s
step   95050 | cos 0.5763 | thought 0.9019 dec_ce 1.8685 | 5.3 it/s
step   95100 | cos 0.5741 | thought 0.8824 dec_ce 1.8867 | 5.6 it/s
step   95150 | cos 0.5742 | thought 0.9276 dec_ce 1.9536 | 5.7 it/s
step   95200 | cos 0.5692 | thought 0.8776 dec_ce 1.8427 | 5.4 it/s
step   95250 | cos 0.5725 | thought 0.8686 dec_ce 1.8437 | 5.5 it/s
step   95300 | cos 0.5700 | thought 0.8671 dec_ce 1.9234 | 5.4 it/s
step   95350 | cos 0.5740 | thought 0.8874 dec_ce 1.8706 | 5.3 it/s
step   95400 | cos 0.5713 | thought 0.9002 dec_ce 1.9273 | 5.4 it/s
step   95450 | cos 0.5716 | thought 0.8239 dec_ce 1.6167 | 5.5 it/s
step   95500 | cos 0.5710 | thought 0.8721 dec_ce 1.7676 | 5.6 it/s
step   95550 | cos 0.5711 | thought 0.8628 dec_ce 1.7813 | 5.4 it/s
step   95600 | cos 0.5760 | thought 0.9078 dec_ce 2.0461 | 5.5 it/s
step   95650 | cos 0.5741 | thought 0.8873 dec_ce 1.9554 | 5.7 it/s
step   95700 | cos 0.5745 | thought 0.8791 dec_ce 1.7993 | 5.6 it/s
step   95750 | cos 0.5746 | thought 0.9173 dec_ce 1.8289 | 5.5 it/s
step   95800 | cos 0.5674 | thought 0.9157 dec_ce 1.9338 | 5.4 it/s
step   95850 | cos 0.5740 | thought 0.9169 dec_ce 2.0346 | 5.5 it/s
step   95900 | cos 0.5723 | thought 0.9262 dec_ce 1.8888 | 5.4 it/s
step   95950 | cos 0.5742 | thought 0.892 dec_ce 1.8894 | 5.5 it/s
step   96000 | cos 0.5709 | thought 0.8394 dec_ce 1.7315 | 5.6 it/s
step   96000 | VAL cos 0.5755 | VAL dec CE 3.5161
step   96050 | cos 0.5722 | thought 0.8844 dec_ce 1.8747 | 4.4 it/s
step   96100 | cos 0.5749 | thought 0.9106 dec_ce 1.8743 | 5.5 it/s
step   96150 | cos 0.5733 | thought 0.8634 dec_ce 1.7098 | 5.6 it/s
step   96200 | cos 0.5726 | thought 0.8553 dec_ce 1.8189 | 5.6 it/s
step   96250 | cos 0.5704 | thought 0.8604 dec_ce 1.8104 | 5.6 it/s
step   96300 | cos 0.5765 | thought 0.8821 dec_ce 1.8571 | 5.7 it/s
step   96350 | cos 0.5736 | thought 0.8469 dec_ce 1.8288 | 5.6 it/s
step   96400 | cos 0.5708 | thought 0.8448 dec_ce 1.7484 | 5.5 it/s
step   96450 | cos 0.5743 | thought 0.9013 dec_ce 1.7687 | 5.6 it/s
step   96500 | cos 0.5731 | thought 0.8771 dec_ce 1.9066 | 5.4 it/s
step   96550 | cos 0.5708 | thought 0.8856 dec_ce 1.7491 | 5.5 it/s
step   96600 | cos 0.5724 | thought 0.9305 dec_ce 2.0164 | 5.5 it/s
step   96650 | cos 0.5730 | thought 0.8807 dec_ce 1.837 | 5.5 it/s
step   96700 | cos 0.5769 | thought 0.8009 dec_ce 1.7001 | 5.5 it/s
step   96750 | cos 0.5735 | thought 0.9041 dec_ce 1.9278 | 5.5 it/s
step   96800 | cos 0.5747 | thought 0.8746 dec_ce 1.8859 | 5.5 it/s
step   96850 | cos 0.5737 | thought 0.874 dec_ce 1.7994 | 5.5 it/s
step   96900 | cos 0.5736 | thought 0.8945 dec_ce 1.8769 | 5.6 it/s
step   96950 | cos 0.5732 | thought 0.8911 dec_ce 1.9219 | 5.5 it/s
step   97000 | cos 0.5716 | thought 0.8412 dec_ce 1.7643 | 5.5 it/s
step   97050 | cos 0.5717 | thought 0.8868 dec_ce 1.8355 | 5.4 it/s
step   97100 | cos 0.5733 | thought 0.8722 dec_ce 1.8146 | 5.4 it/s
step   97150 | cos 0.5720 | thought 0.8725 dec_ce 1.9971 | 5.5 it/s
step   97200 | cos 0.5749 | thought 0.8973 dec_ce 1.8577 | 5.5 it/s
step   97250 | cos 0.5728 | thought 0.8634 dec_ce 1.7084 | 5.5 it/s
step   97300 | cos 0.5781 | thought 0.8365 dec_ce 1.7581 | 5.6 it/s
step   97350 | cos 0.5727 | thought 0.8351 dec_ce 1.685 | 5.5 it/s
step   97400 | cos 0.5755 | thought 0.891 dec_ce 1.8686 | 5.6 it/s
step   97450 | cos 0.5723 | thought 0.8671 dec_ce 1.8237 | 5.7 it/s
step   97500 | cos 0.5722 | thought 0.8729 dec_ce 1.7155 | 5.6 it/s
step   97550 | cos 0.5721 | thought 0.8657 dec_ce 1.7709 | 5.4 it/s
step   97600 | cos 0.5765 | thought 0.8666 dec_ce 1.6877 | 5.7 it/s
step   97650 | cos 0.5768 | thought 0.8296 dec_ce 1.8866 | 5.5 it/s
step   97700 | cos 0.5720 | thought 0.8744 dec_ce 1.9267 | 5.5 it/s
step   97750 | cos 0.5711 | thought 0.8227 dec_ce 1.6408 | 5.4 it/s
step   97800 | cos 0.5741 | thought 0.826 dec_ce 1.7792 | 5.7 it/s
step   97850 | cos 0.5710 | thought 0.8648 dec_ce 1.7791 | 5.6 it/s
step   97900 | cos 0.5728 | thought 0.8735 dec_ce 1.7131 | 5.5 it/s
step   97950 | cos 0.5738 | thought 0.9137 dec_ce 1.767 | 5.5 it/s
step   98000 | cos 0.5723 | thought 0.8636 dec_ce 1.7256 | 5.5 it/s
step   98000 | VAL cos 0.5757 | VAL dec CE 3.5158
step   98050 | cos 0.5759 | thought 0.8451 dec_ce 1.7854 | 4.5 it/s
step   98100 | cos 0.5701 | thought 0.8783 dec_ce 1.8487 | 5.4 it/s
step   98150 | cos 0.5733 | thought 0.8715 dec_ce 1.8762 | 5.5 it/s
step   98200 | cos 0.5712 | thought 0.8969 dec_ce 1.9584 | 5.5 it/s
step   98250 | cos 0.5750 | thought 0.8497 dec_ce 1.8111 | 5.6 it/s
step   98300 | cos 0.5755 | thought 0.8415 dec_ce 1.8198 | 5.6 it/s
step   98350 | cos 0.5692 | thought 0.8467 dec_ce 1.6914 | 5.6 it/s
step   98400 | cos 0.5705 | thought 0.8524 dec_ce 1.9026 | 5.5 it/s
step   98450 | cos 0.5731 | thought 0.8635 dec_ce 1.8641 | 5.6 it/s
step   98500 | cos 0.5746 | thought 0.882 dec_ce 1.8686 | 5.4 it/s
step   98550 | cos 0.5742 | thought 0.9035 dec_ce 1.7793 | 5.3 it/s
step   98600 | cos 0.5752 | thought 0.8378 dec_ce 1.7591 | 5.5 it/s
step   98650 | cos 0.5765 | thought 0.8779 dec_ce 1.7188 | 5.6 it/s
step   98700 | cos 0.5740 | thought 0.8862 dec_ce 1.9008 | 5.7 it/s
step   98750 | cos 0.5713 | thought 0.8767 dec_ce 1.926 | 5.7 it/s
step   98800 | cos 0.5741 | thought 0.8545 dec_ce 1.7619 | 5.5 it/s
step   98850 | cos 0.5773 | thought 0.8717 dec_ce 1.7563 | 5.5 it/s
step   98900 | cos 0.5688 | thought 0.8622 dec_ce 1.7554 | 5.6 it/s
step   98950 | cos 0.5735 | thought 0.855 dec_ce 1.7285 | 5.5 it/s
step   99000 | cos 0.5740 | thought 0.8586 dec_ce 1.736 | 5.5 it/s
step   99050 | cos 0.5754 | thought 0.847 dec_ce 1.7264 | 5.4 it/s
step   99100 | cos 0.5739 | thought 0.8845 dec_ce 1.8725 | 5.6 it/s
step   99150 | cos 0.5732 | thought 0.8436 dec_ce 1.8061 | 5.5 it/s
step   99200 | cos 0.5709 | thought 0.9107 dec_ce 1.854 | 5.5 it/s
step   99250 | cos 0.5731 | thought 0.8313 dec_ce 1.7556 | 5.7 it/s
step   99300 | cos 0.5750 | thought 0.7625 dec_ce 1.6256 | 5.5 it/s
step   99350 | cos 0.5730 | thought 0.8509 dec_ce 1.7197 | 5.7 it/s
step   99400 | cos 0.5739 | thought 0.8858 dec_ce 1.8481 | 5.6 it/s
step   99450 | cos 0.5762 | thought 0.8676 dec_ce 1.9122 | 5.6 it/s
step   99500 | cos 0.5698 | thought 0.8481 dec_ce 1.6465 | 5.5 it/s
step   99550 | cos 0.5750 | thought 0.8693 dec_ce 1.8102 | 5.5 it/s
step   99600 | cos 0.5787 | thought 0.8451 dec_ce 1.7339 | 5.6 it/s
step   99650 | cos 0.5735 | thought 0.8795 dec_ce 1.7701 | 5.7 it/s
step   99700 | cos 0.5729 | thought 0.8541 dec_ce 1.9243 | 5.4 it/s
step   99750 | cos 0.5733 | thought 0.8705 dec_ce 1.8769 | 5.5 it/s
step   99800 | cos 0.5737 | thought 0.883 dec_ce 1.9025 | 5.4 it/s
step   99850 | cos 0.5720 | thought 0.8997 dec_ce 1.9516 | 5.4 it/s
step   99900 | cos 0.5734 | thought 0.8533 dec_ce 1.9549 | 5.5 it/s
step   99950 | cos 0.5697 | thought 0.8881 dec_ce 1.7595 | 5.4 it/s
step  100000 | cos 0.5722 | thought 0.8813 dec_ce 1.8622 | 5.6 it/s
step  100000 | VAL cos 0.5757 | VAL dec CE 3.5060
step  100050 | cos 0.5758 | thought 0.8841 dec_ce 1.798 | 4.2 it/s
step  100100 | cos 0.5747 | thought 0.9063 dec_ce 1.843 | 5.5 it/s
step  100150 | cos 0.5722 | thought 0.8746 dec_ce 2.0049 | 5.5 it/s
step  100200 | cos 0.5713 | thought 0.9085 dec_ce 1.9253 | 5.6 it/s
step  100250 | cos 0.5754 | thought 0.8612 dec_ce 1.827 | 5.7 it/s
step  100300 | cos 0.5731 | thought 0.9187 dec_ce 1.9519 | 5.5 it/s
step  100350 | cos 0.5752 | thought 0.7944 dec_ce 1.6306 | 5.6 it/s
step  100400 | cos 0.5753 | thought 0.8705 dec_ce 1.8372 | 5.8 it/s
step  100450 | cos 0.5714 | thought 0.8809 dec_ce 1.707 | 5.5 it/s
step  100500 | cos 0.5751 | thought 0.8353 dec_ce 1.735 | 5.7 it/s
step  100550 | cos 0.5767 | thought 0.8845 dec_ce 1.9101 | 5.3 it/s
step  100600 | cos 0.5761 | thought 0.8579 dec_ce 1.9794 | 5.4 it/s
step  100650 | cos 0.5715 | thought 0.9277 dec_ce 2.0072 | 5.5 it/s
step  100700 | cos 0.5717 | thought 0.9029 dec_ce 1.8292 | 5.5 it/s
step  100750 | cos 0.5777 | thought 0.8446 dec_ce 1.7501 | 5.7 it/s
step  100800 | cos 0.5726 | thought 0.8722 dec_ce 1.987 | 5.5 it/s
step  100850 | cos 0.5727 | thought 0.8553 dec_ce 1.8223 | 5.6 it/s
step  100900 | cos 0.5732 | thought 0.8339 dec_ce 1.7844 | 5.4 it/s
step  100950 | cos 0.5755 | thought 0.8813 dec_ce 1.7587 | 5.5 it/s
step  101000 | cos 0.5767 | thought 0.8884 dec_ce 1.8912 | 5.5 it/s
step  101050 | cos 0.5747 | thought 0.8167 dec_ce 1.7364 | 5.3 it/s
step  101100 | cos 0.5726 | thought 0.8503 dec_ce 1.834 | 5.7 it/s
step  101150 | cos 0.5746 | thought 0.8004 dec_ce 1.7009 | 5.8 it/s
step  101200 | cos 0.5701 | thought 0.8898 dec_ce 1.8315 | 5.5 it/s
step  101250 | cos 0.5775 | thought 0.8869 dec_ce 1.8075 | 5.6 it/s
step  101300 | cos 0.5730 | thought 0.8594 dec_ce 1.7467 | 5.5 it/s
step  101350 | cos 0.5761 | thought 0.8985 dec_ce 1.95 | 5.5 it/s
step  101400 | cos 0.5754 | thought 0.8571 dec_ce 1.827 | 5.6 it/s
step  101450 | cos 0.5732 | thought 0.8614 dec_ce 1.7314 | 5.4 it/s
step  101500 | cos 0.5757 | thought 0.921 dec_ce 1.9652 | 5.6 it/s
step  101550 | cos 0.5745 | thought 0.8803 dec_ce 1.8095 | 5.5 it/s
step  101600 | cos 0.5752 | thought 0.8812 dec_ce 1.8347 | 5.4 it/s
step  101650 | cos 0.5744 | thought 0.8494 dec_ce 1.7818 | 5.6 it/s
step  101700 | cos 0.5746 | thought 0.8528 dec_ce 1.7179 | 5.5 it/s
step  101750 | cos 0.5725 | thought 0.8318 dec_ce 1.6892 | 5.5 it/s
step  101800 | cos 0.5765 | thought 0.8357 dec_ce 1.7599 | 5.6 it/s
step  101850 | cos 0.5751 | thought 0.8667 dec_ce 1.764 | 5.6 it/s
step  101900 | cos 0.5769 | thought 0.8845 dec_ce 1.8648 | 5.7 it/s
step  101950 | cos 0.5738 | thought 0.8554 dec_ce 1.7586 | 5.4 it/s
step  102000 | cos 0.5742 | thought 0.7981 dec_ce 1.6694 | 5.5 it/s
step  102000 | VAL cos 0.5766 | VAL dec CE 3.5092
step  102050 | cos 0.5708 | thought 0.8919 dec_ce 1.8888 | 4.4 it/s
step  102100 | cos 0.5721 | thought 0.7896 dec_ce 1.7495 | 5.3 it/s
step  102150 | cos 0.5734 | thought 0.8428 dec_ce 1.7467 | 5.5 it/s
step  102200 | cos 0.5775 | thought 0.8516 dec_ce 1.7872 | 5.6 it/s
step  102250 | cos 0.5738 | thought 0.8833 dec_ce 1.7939 | 5.4 it/s
step  102300 | cos 0.5739 | thought 0.8137 dec_ce 1.5831 | 5.5 it/s
step  102350 | cos 0.5747 | thought 0.8641 dec_ce 1.9005 | 5.6 it/s
step  102400 | cos 0.5761 | thought 0.8709 dec_ce 1.8595 | 5.6 it/s
step  102450 | cos 0.5715 | thought 0.8524 dec_ce 1.8211 | 5.5 it/s
step  102500 | cos 0.5768 | thought 0.8697 dec_ce 1.8352 | 5.5 it/s
step  102550 | cos 0.5713 | thought 0.8552 dec_ce 1.7233 | 5.3 it/s
step  102600 | cos 0.5758 | thought 0.8088 dec_ce 1.649 | 5.6 it/s
step  102650 | cos 0.5739 | thought 0.9293 dec_ce 1.9405 | 5.6 it/s
step  102700 | cos 0.5761 | thought 0.9022 dec_ce 1.792 | 5.5 it/s
step  102750 | cos 0.5732 | thought 0.8961 dec_ce 1.7355 | 5.4 it/s
step  102800 | cos 0.5697 | thought 0.8986 dec_ce 1.8932 | 5.4 it/s
step  102850 | cos 0.5714 | thought 0.8612 dec_ce 1.8205 | 5.6 it/s
step  102900 | cos 0.5745 | thought 0.8365 dec_ce 1.9313 | 5.5 it/s
step  102950 | cos 0.5750 | thought 0.823 dec_ce 1.7841 | 5.5 it/s
step  103000 | cos 0.5766 | thought 0.897 dec_ce 1.9231 | 5.5 it/s
step  103050 | cos 0.5783 | thought 0.7903 dec_ce 1.6688 | 5.4 it/s
step  103100 | cos 0.5724 | thought 0.8882 dec_ce 1.7955 | 5.5 it/s
step  103150 | cos 0.5733 | thought 0.8188 dec_ce 1.7541 | 5.5 it/s
step  103200 | cos 0.5750 | thought 0.901 dec_ce 1.8077 | 5.6 it/s
step  103250 | cos 0.5780 | thought 0.8664 dec_ce 1.8168 | 5.6 it/s
step  103300 | cos 0.5755 | thought 0.8617 dec_ce 1.8546 | 5.6 it/s
step  103350 | cos 0.5752 | thought 0.8126 dec_ce 1.7544 | 5.5 it/s
step  103400 | cos 0.5763 | thought 0.873 dec_ce 1.7545 | 5.6 it/s
step  103450 | cos 0.5759 | thought 0.8743 dec_ce 1.7404 | 5.6 it/s
step  103500 | cos 0.5713 | thought 0.8511 dec_ce 1.8082 | 5.6 it/s
step  103550 | cos 0.5737 | thought 0.8829 dec_ce 1.9324 | 5.4 it/s
step  103600 | cos 0.5740 | thought 0.8942 dec_ce 1.8376 | 5.5 it/s
step  103650 | cos 0.5730 | thought 0.8746 dec_ce 1.7848 | 5.6 it/s
step  103700 | cos 0.5735 | thought 0.7975 dec_ce 1.6102 | 5.7 it/s
step  103750 | cos 0.5751 | thought 0.917 dec_ce 1.8283 | 5.6 it/s
step  103800 | cos 0.5778 | thought 0.8685 dec_ce 1.869 | 5.7 it/s
step  103850 | cos 0.5739 | thought 0.8595 dec_ce 1.7872 | 5.7 it/s
step  103900 | cos 0.5768 | thought 0.9062 dec_ce 1.9962 | 5.6 it/s
step  103950 | cos 0.5732 | thought 0.8439 dec_ce 1.7284 | 5.8 it/s
step  104000 | cos 0.5764 | thought 0.8322 dec_ce 1.7949 | 5.5 it/s
step  104000 | VAL cos 0.5767 | VAL dec CE 3.5124
step  104050 | cos 0.5754 | thought 0.8461 dec_ce 1.7759 | 4.4 it/s
step  104100 | cos 0.5754 | thought 0.8838 dec_ce 1.855 | 5.6 it/s
step  104150 | cos 0.5772 | thought 0.8857 dec_ce 1.7812 | 5.6 it/s
step  104200 | cos 0.5725 | thought 0.8524 dec_ce 1.8396 | 5.5 it/s
step  104250 | cos 0.5742 | thought 0.8672 dec_ce 1.8132 | 5.7 it/s
step  104300 | cos 0.5732 | thought 0.883 dec_ce 1.7793 | 5.5 it/s
step  104350 | cos 0.5767 | thought 0.8724 dec_ce 1.8887 | 5.5 it/s
step  104400 | cos 0.5767 | thought 0.8433 dec_ce 1.75 | 5.6 it/s
step  104450 | cos 0.5734 | thought 0.8252 dec_ce 1.7402 | 5.5 it/s
step  104500 | cos 0.5717 | thought 0.8755 dec_ce 1.8058 | 5.5 it/s
step  104550 | cos 0.5749 | thought 0.8947 dec_ce 1.921 | 5.4 it/s
step  104600 | cos 0.5735 | thought 0.844 dec_ce 1.8313 | 5.6 it/s
step  104650 | cos 0.5737 | thought 0.8863 dec_ce 1.8955 | 5.5 it/s
step  104700 | cos 0.5757 | thought 0.9045 dec_ce 1.8915 | 5.6 it/s
step  104750 | cos 0.5739 | thought 0.8628 dec_ce 1.7504 | 5.7 it/s
step  104800 | cos 0.5721 | thought 0.8854 dec_ce 1.842 | 5.6 it/s
step  104850 | cos 0.5762 | thought 0.8413 dec_ce 1.8243 | 5.5 it/s
step  104900 | cos 0.5780 | thought 0.877 dec_ce 1.944 | 5.5 it/s
step  104950 | cos 0.5729 | thought 0.8798 dec_ce 1.857 | 5.6 it/s
step  105000 | cos 0.5735 | thought 0.8749 dec_ce 1.7417 | 5.6 it/s
step  105050 | cos 0.5727 | thought 0.8709 dec_ce 1.7393 | 5.1 it/s
step  105100 | cos 0.5732 | thought 0.9011 dec_ce 1.9925 | 5.4 it/s
step  105150 | cos 0.5778 | thought 0.8956 dec_ce 1.8767 | 5.6 it/s
step  105200 | cos 0.5755 | thought 0.9147 dec_ce 1.8849 | 5.5 it/s
step  105250 | cos 0.5691 | thought 0.8347 dec_ce 1.6602 | 5.4 it/s
step  105300 | cos 0.5754 | thought 0.867 dec_ce 1.8007 | 5.5 it/s
step  105350 | cos 0.5727 | thought 0.9216 dec_ce 1.89 | 5.4 it/s
step  105400 | cos 0.5757 | thought 0.9111 dec_ce 1.8719 | 5.5 it/s
step  105450 | cos 0.5724 | thought 0.871 dec_ce 1.8279 | 5.5 it/s
step  105500 | cos 0.5726 | thought 0.8458 dec_ce 1.8092 | 5.6 it/s
step  105550 | cos 0.5753 | thought 0.8644 dec_ce 1.8204 | 5.3 it/s
step  105600 | cos 0.5742 | thought 0.845 dec_ce 1.7631 | 5.6 it/s
step  105650 | cos 0.5741 | thought 0.8734 dec_ce 1.8495 | 5.5 it/s
step  105700 | cos 0.5757 | thought 0.904 dec_ce 1.9159 | 5.6 it/s
step  105750 | cos 0.5739 | thought 0.8874 dec_ce 1.8951 | 5.4 it/s
step  105800 | cos 0.5739 | thought 0.8923 dec_ce 1.8207 | 5.4 it/s
step  105850 | cos 0.5795 | thought 0.8556 dec_ce 1.8077 | 5.7 it/s
step  105900 | cos 0.5785 | thought 0.8762 dec_ce 1.8202 | 5.5 it/s
step  105950 | cos 0.5755 | thought 0.8708 dec_ce 1.8336 | 5.6 it/s
step  106000 | cos 0.5749 | thought 0.8729 dec_ce 1.7733 | 5.7 it/s
step  106000 | VAL cos 0.5764 | VAL dec CE 3.5061
step  106050 | cos 0.5744 | thought 0.9064 dec_ce 1.8598 | 4.4 it/s
step  106100 | cos 0.5731 | thought 0.8486 dec_ce 1.7704 | 5.4 it/s
step  106150 | cos 0.5735 | thought 0.8604 dec_ce 1.6861 | 5.6 it/s
step  106200 | cos 0.5781 | thought 0.8866 dec_ce 1.854 | 5.6 it/s
step  106250 | cos 0.5759 | thought 0.8476 dec_ce 1.788 | 5.7 it/s
step  106300 | cos 0.5723 | thought 0.883 dec_ce 1.7884 | 5.6 it/s
step  106350 | cos 0.5712 | thought 0.8865 dec_ce 1.8112 | 5.5 it/s
step  106400 | cos 0.5741 | thought 0.829 dec_ce 1.8592 | 5.4 it/s
step  106450 | cos 0.5731 | thought 0.8442 dec_ce 1.7113 | 5.6 it/s
step  106500 | cos 0.5714 | thought 0.8415 dec_ce 1.7443 | 5.6 it/s
step  106550 | cos 0.5741 | thought 0.903 dec_ce 1.7988 | 5.3 it/s
step  106600 | cos 0.5739 | thought 0.8648 dec_ce 1.8203 | 5.4 it/s
step  106650 | cos 0.5767 | thought 0.8785 dec_ce 1.8326 | 5.5 it/s
step  106700 | cos 0.5719 | thought 0.8413 dec_ce 1.8835 | 5.5 it/s
step  106750 | cos 0.5763 | thought 0.9335 dec_ce 1.9114 | 5.6 it/s
step  106800 | cos 0.5740 | thought 0.8723 dec_ce 1.8864 | 5.6 it/s
step  106850 | cos 0.5777 | thought 0.8272 dec_ce 1.7789 | 5.7 it/s
step  106900 | cos 0.5758 | thought 0.8929 dec_ce 1.8734 | 5.4 it/s
step  106950 | cos 0.5705 | thought 0.8962 dec_ce 1.8581 | 5.6 it/s
step  107000 | cos 0.5703 | thought 0.8363 dec_ce 1.7467 | 5.3 it/s
step  107050 | cos 0.5740 | thought 0.7915 dec_ce 1.649 | 5.3 it/s
step  107100 | cos 0.5742 | thought 0.8865 dec_ce 1.889 | 5.6 it/s
step  107150 | cos 0.5746 | thought 0.8274 dec_ce 1.7261 | 5.6 it/s
step  107200 | cos 0.5754 | thought 0.8669 dec_ce 1.813 | 5.6 it/s
step  107250 | cos 0.5709 | thought 0.8767 dec_ce 1.8135 | 5.5 it/s
step  107300 | cos 0.5779 | thought 0.8521 dec_ce 1.8003 | 5.6 it/s
step  107350 | cos 0.5799 | thought 0.8624 dec_ce 1.7891 | 5.5 it/s
step  107400 | cos 0.5749 | thought 0.9003 dec_ce 1.9194 | 5.5 it/s
step  107450 | cos 0.5716 | thought 0.8754 dec_ce 1.7894 | 5.7 it/s
step  107500 | cos 0.5765 | thought 0.892 dec_ce 1.851 | 5.6 it/s
step  107550 | cos 0.5766 | thought 0.9097 dec_ce 1.8593 | 5.4 it/s
step  107600 | cos 0.5767 | thought 0.8739 dec_ce 1.8357 | 5.5 it/s
step  107650 | cos 0.5759 | thought 0.8751 dec_ce 1.8305 | 5.7 it/s
step  107700 | cos 0.5733 | thought 0.8841 dec_ce 1.8761 | 5.5 it/s
step  107750 | cos 0.5753 | thought 0.8743 dec_ce 1.8779 | 5.5 it/s
step  107800 | cos 0.5747 | thought 0.8355 dec_ce 1.8175 | 5.5 it/s
step  107850 | cos 0.5755 | thought 0.8817 dec_ce 1.813 | 5.6 it/s
step  107900 | cos 0.5741 | thought 0.8932 dec_ce 1.7908 | 5.6 it/s
step  107950 | cos 0.5757 | thought 0.8667 dec_ce 1.7459 | 5.7 it/s
step  108000 | cos 0.5702 | thought 0.8612 dec_ce 1.7793 | 5.5 it/s
step  108000 | VAL cos 0.5762 | VAL dec CE 3.5018
step  108050 | cos 0.5729 | thought 0.8762 dec_ce 1.8309 | 4.2 it/s
step  108100 | cos 0.5766 | thought 0.8376 dec_ce 1.7344 | 5.6 it/s
step  108150 | cos 0.5784 | thought 0.8197 dec_ce 1.7163 | 5.6 it/s
step  108200 | cos 0.5737 | thought 0.865 dec_ce 1.695 | 5.7 it/s
step  108250 | cos 0.5729 | thought 0.8063 dec_ce 1.8126 | 5.5 it/s
step  108300 | cos 0.5746 | thought 0.9436 dec_ce 1.9629 | 5.5 it/s
step  108350 | cos 0.5754 | thought 0.8874 dec_ce 1.8025 | 5.5 it/s
step  108400 | cos 0.5744 | thought 0.9011 dec_ce 1.9232 | 5.5 it/s
step  108450 | cos 0.5770 | thought 0.8338 dec_ce 1.7922 | 5.6 it/s
step  108500 | cos 0.5763 | thought 0.8834 dec_ce 1.7859 | 5.6 it/s
step  108550 | cos 0.5791 | thought 0.961 dec_ce 1.9543 | 5.5 it/s
step  108600 | cos 0.5741 | thought 0.9163 dec_ce 1.9312 | 5.5 it/s
step  108650 | cos 0.5760 | thought 0.8475 dec_ce 1.7933 | 5.5 it/s
step  108700 | cos 0.5721 | thought 0.8888 dec_ce 1.9112 | 5.5 it/s
step  108750 | cos 0.5742 | thought 0.8766 dec_ce 1.8085 | 5.6 it/s
step  108800 | cos 0.5779 | thought 0.845 dec_ce 1.6692 | 5.7 it/s
step  108850 | cos 0.5747 | thought 0.8395 dec_ce 1.7796 | 5.5 it/s
step  108900 | cos 0.5775 | thought 0.8612 dec_ce 1.7286 | 5.5 it/s
step  108950 | cos 0.5759 | thought 0.8395 dec_ce 1.7448 | 5.5 it/s
step  109000 | cos 0.5750 | thought 0.8541 dec_ce 1.8772 | 5.5 it/s
step  109050 | cos 0.5765 | thought 0.821 dec_ce 1.6737 | 5.5 it/s
step  109100 | cos 0.5750 | thought 0.8021 dec_ce 1.6721 | 5.6 it/s
step  109150 | cos 0.5771 | thought 0.873 dec_ce 1.8499 | 5.6 it/s
step  109200 | cos 0.5761 | thought 0.8785 dec_ce 1.8234 | 5.5 it/s
step  109250 | cos 0.5741 | thought 0.9251 dec_ce 1.8902 | 5.4 it/s
step  109300 | cos 0.5727 | thought 0.8501 dec_ce 1.7694 | 5.4 it/s
step  109350 | cos 0.5764 | thought 0.9044 dec_ce 1.8931 | 5.4 it/s
step  109400 | cos 0.5741 | thought 0.8687 dec_ce 1.8287 | 5.6 it/s
step  109450 | cos 0.5754 | thought 0.8879 dec_ce 1.8384 | 5.6 it/s
step  109500 | cos 0.5730 | thought 0.8107 dec_ce 1.7127 | 5.4 it/s
step  109550 | cos 0.5749 | thought 0.8591 dec_ce 1.8671 | 5.5 it/s
step  109600 | cos 0.5750 | thought 0.847 dec_ce 1.8827 | 5.5 it/s
step  109650 | cos 0.5730 | thought 0.8668 dec_ce 1.8477 | 5.4 it/s
step  109700 | cos 0.5771 | thought 0.8531 dec_ce 1.7776 | 5.6 it/s
step  109750 | cos 0.5718 | thought 0.88 dec_ce 1.8954 | 5.5 it/s
step  109800 | cos 0.5714 | thought 0.9327 dec_ce 1.9112 | 5.6 it/s
step  109850 | cos 0.5713 | thought 0.8436 dec_ce 1.9087 | 5.5 it/s
step  109900 | cos 0.5765 | thought 0.8784 dec_ce 1.8556 | 5.7 it/s
step  109950 | cos 0.5733 | thought 0.864 dec_ce 1.8512 | 5.5 it/s
step  110000 | cos 0.5724 | thought 0.8648 dec_ce 1.7979 | 5.6 it/s
step  110000 | VAL cos 0.5766 | VAL dec CE 3.4955
step  110050 | cos 0.5761 | thought 0.8078 dec_ce 1.6143 | 4.2 it/s
step  110100 | cos 0.5706 | thought 0.8264 dec_ce 1.6745 | 5.5 it/s
step  110150 | cos 0.5764 | thought 0.8257 dec_ce 1.7799 | 5.5 it/s
step  110200 | cos 0.5740 | thought 0.8519 dec_ce 1.8295 | 5.5 it/s
step  110250 | cos 0.5771 | thought 0.9257 dec_ce 1.8094 | 5.6 it/s
step  110300 | cos 0.5756 | thought 0.8951 dec_ce 1.8435 | 5.6 it/s
step  110350 | cos 0.5736 | thought 0.8917 dec_ce 1.8976 | 5.5 it/s
step  110400 | cos 0.5757 | thought 0.8236 dec_ce 1.6745 | 5.6 it/s
step  110450 | cos 0.5768 | thought 0.894 dec_ce 1.8764 | 5.5 it/s
step  110500 | cos 0.5822 | thought 0.9003 dec_ce 1.8408 | 5.7 it/s
step  110550 | cos 0.5728 | thought 0.9157 dec_ce 1.9837 | 5.4 it/s
step  110600 | cos 0.5775 | thought 0.8964 dec_ce 1.8779 | 5.7 it/s
step  110650 | cos 0.5768 | thought 0.9086 dec_ce 1.7945 | 5.6 it/s
step  110700 | cos 0.5716 | thought 0.8733 dec_ce 1.9102 | 5.5 it/s
step  110750 | cos 0.5757 | thought 0.831 dec_ce 1.6756 | 5.7 it/s
step  110800 | cos 0.5732 | thought 0.8959 dec_ce 1.8275 | 5.6 it/s
step  110850 | cos 0.5701 | thought 0.8982 dec_ce 1.8593 | 5.5 it/s
step  110900 | cos 0.5802 | thought 0.8485 dec_ce 1.6909 | 5.6 it/s
step  110950 | cos 0.5770 | thought 0.8815 dec_ce 1.7726 | 5.5 it/s
step  111000 | cos 0.5743 | thought 0.8849 dec_ce 1.9358 | 5.5 it/s
step  111050 | cos 0.5752 | thought 0.8396 dec_ce 1.7929 | 5.5 it/s
step  111100 | cos 0.5721 | thought 0.8124 dec_ce 1.6923 | 5.7 it/s
step  111150 | cos 0.5699 | thought 0.8566 dec_ce 1.881 | 5.6 it/s
step  111200 | cos 0.5742 | thought 0.8868 dec_ce 1.9317 | 5.4 it/s
step  111250 | cos 0.5743 | thought 0.8936 dec_ce 1.8415 | 5.6 it/s
step  111300 | cos 0.5735 | thought 0.878 dec_ce 1.9578 | 5.6 it/s
step  111350 | cos 0.5734 | thought 0.8685 dec_ce 1.8158 | 5.7 it/s
step  111400 | cos 0.5738 | thought 0.8308 dec_ce 1.9075 | 5.4 it/s
step  111450 | cos 0.5735 | thought 0.8935 dec_ce 1.8546 | 5.5 it/s
step  111500 | cos 0.5722 | thought 0.896 dec_ce 1.9781 | 5.5 it/s
step  111550 | cos 0.5776 | thought 0.8635 dec_ce 1.9718 | 5.3 it/s
step  111600 | cos 0.5746 | thought 0.8899 dec_ce 1.7724 | 5.6 it/s
step  111650 | cos 0.5734 | thought 0.8506 dec_ce 1.8413 | 5.6 it/s
step  111700 | cos 0.5751 | thought 0.8803 dec_ce 1.8258 | 5.7 it/s
step  111750 | cos 0.5789 | thought 0.7986 dec_ce 1.5695 | 5.7 it/s
step  111800 | cos 0.5769 | thought 0.8798 dec_ce 1.8852 | 5.6 it/s
step  111850 | cos 0.5742 | thought 0.8269 dec_ce 1.6873 | 5.6 it/s
step  111900 | cos 0.5729 | thought 0.8888 dec_ce 1.9384 | 5.4 it/s
step  111950 | cos 0.5754 | thought 0.8898 dec_ce 1.8178 | 5.5 it/s
step  112000 | cos 0.5762 | thought 0.8936 dec_ce 1.8645 | 5.5 it/s
step  112000 | VAL cos 0.5768 | VAL dec CE 3.4949
step  112050 | cos 0.5741 | thought 0.875 dec_ce 1.9222 | 4.3 it/s
step  112100 | cos 0.5753 | thought 0.8327 dec_ce 1.6078 | 5.5 it/s
step  112150 | cos 0.5747 | thought 0.8664 dec_ce 1.8649 | 5.5 it/s
step  112200 | cos 0.5751 | thought 0.8751 dec_ce 1.8667 | 5.4 it/s
step  112250 | cos 0.5750 | thought 0.8051 dec_ce 1.5893 | 5.4 it/s
step  112300 | cos 0.5745 | thought 0.8846 dec_ce 1.8035 | 5.4 it/s
step  112350 | cos 0.5715 | thought 0.8514 dec_ce 1.8384 | 5.5 it/s
step  112400 | cos 0.5751 | thought 0.886 dec_ce 1.8669 | 5.6 it/s
step  112450 | cos 0.5692 | thought 0.8607 dec_ce 1.8167 | 5.6 it/s
step  112500 | cos 0.5759 | thought 0.8758 dec_ce 1.8283 | 5.6 it/s
step  112550 | cos 0.5774 | thought 0.8473 dec_ce 1.8357 | 5.3 it/s
step  112600 | cos 0.5754 | thought 0.8842 dec_ce 1.8262 | 5.5 it/s
step  112650 | cos 0.5766 | thought 0.8932 dec_ce 1.8314 | 5.7 it/s
step  112700 | cos 0.5766 | thought 0.8663 dec_ce 1.9253 | 5.6 it/s
step  112750 | cos 0.5761 | thought 0.8771 dec_ce 1.7006 | 5.7 it/s
step  112800 | cos 0.5740 | thought 0.9138 dec_ce 1.9036 | 5.5 it/s
step  112850 | cos 0.5786 | thought 0.8746 dec_ce 1.87 | 5.6 it/s
step  112900 | cos 0.5796 | thought 0.8873 dec_ce 1.8063 | 5.6 it/s
step  112950 | cos 0.5741 | thought 0.9053 dec_ce 1.9656 | 5.6 it/s
step  113000 | cos 0.5731 | thought 0.8742 dec_ce 1.7634 | 5.4 it/s
step  113050 | cos 0.5801 | thought 0.8481 dec_ce 1.7542 | 5.3 it/s
step  113100 | cos 0.5759 | thought 0.871 dec_ce 1.8875 | 5.4 it/s
step  113150 | cos 0.5740 | thought 0.8172 dec_ce 1.6105 | 5.6 it/s
step  113200 | cos 0.5797 | thought 0.8335 dec_ce 1.7739 | 5.5 it/s
step  113250 | cos 0.5740 | thought 0.8088 dec_ce 1.7213 | 5.6 it/s
step  113300 | cos 0.5724 | thought 0.8352 dec_ce 1.7117 | 5.7 it/s
step  113350 | cos 0.5719 | thought 0.8769 dec_ce 1.9343 | 5.5 it/s
step  113400 | cos 0.5772 | thought 0.8973 dec_ce 1.8931 | 5.6 it/s
step  113450 | cos 0.5795 | thought 0.8929 dec_ce 1.8919 | 5.7 it/s
step  113500 | cos 0.5747 | thought 0.8265 dec_ce 1.7103 | 5.7 it/s
step  113550 | cos 0.5754 | thought 0.8824 dec_ce 1.7191 | 5.4 it/s
step  113600 | cos 0.5781 | thought 0.8652 dec_ce 1.8688 | 5.5 it/s
step  113650 | cos 0.5729 | thought 0.8712 dec_ce 1.8102 | 5.4 it/s
step  113700 | cos 0.5765 | thought 0.9247 dec_ce 1.9719 | 5.4 it/s
step  113750 | cos 0.5771 | thought 0.9045 dec_ce 1.807 | 5.6 it/s
step  113800 | cos 0.5751 | thought 0.8464 dec_ce 1.8066 | 5.6 it/s
step  113850 | cos 0.5751 | thought 0.8821 dec_ce 1.9422 | 5.7 it/s
step  113900 | cos 0.5741 | thought 0.8395 dec_ce 1.7896 | 5.4 it/s
step  113950 | cos 0.5719 | thought 0.8899 dec_ce 1.8245 | 5.4 it/s
step  114000 | cos 0.5728 | thought 0.8578 dec_ce 1.8345 | 5.7 it/s
step  114000 | VAL cos 0.5774 | VAL dec CE 3.4825
step  114050 | cos 0.5727 | thought 0.9116 dec_ce 1.8921 | 4.2 it/s
step  114100 | cos 0.5736 | thought 0.7865 dec_ce 1.6781 | 5.6 it/s
step  114150 | cos 0.5730 | thought 0.8731 dec_ce 1.7662 | 5.5 it/s
step  114200 | cos 0.5769 | thought 0.8072 dec_ce 1.5953 | 5.6 it/s
step  114250 | cos 0.5716 | thought 0.932 dec_ce 1.914 | 5.5 it/s
step  114300 | cos 0.5756 | thought 0.8426 dec_ce 1.7881 | 5.5 it/s
step  114350 | cos 0.5746 | thought 0.8749 dec_ce 1.8506 | 5.6 it/s
step  114400 | cos 0.5759 | thought 0.7754 dec_ce 1.73 | 5.5 it/s
step  114450 | cos 0.5747 | thought 0.8294 dec_ce 1.752 | 5.6 it/s
step  114500 | cos 0.5727 | thought 0.9099 dec_ce 1.9155 | 5.7 it/s
step  114550 | cos 0.5712 | thought 0.8623 dec_ce 1.8989 | 5.4 it/s
step  114600 | cos 0.5778 | thought 0.9343 dec_ce 2.0054 | 5.7 it/s
step  114650 | cos 0.5730 | thought 0.8582 dec_ce 1.6905 | 5.4 it/s
step  114700 | cos 0.5780 | thought 0.8923 dec_ce 1.8175 | 5.5 it/s
step  114750 | cos 0.5758 | thought 0.8773 dec_ce 1.8815 | 5.5 it/s
step  114800 | cos 0.5752 | thought 0.8314 dec_ce 1.8319 | 5.5 it/s
step  114850 | cos 0.5810 | thought 0.855 dec_ce 1.6443 | 5.7 it/s
step  114900 | cos 0.5744 | thought 0.907 dec_ce 1.8759 | 5.6 it/s
step  114950 | cos 0.5778 | thought 0.9196 dec_ce 1.9859 | 5.7 it/s
step  115000 | cos 0.5769 | thought 0.8614 dec_ce 1.781 | 5.6 it/s
step  115050 | cos 0.5756 | thought 0.8256 dec_ce 1.625 | 5.3 it/s
step  115100 | cos 0.5782 | thought 0.8331 dec_ce 1.8111 | 5.5 it/s
step  115150 | cos 0.5727 | thought 0.8598 dec_ce 1.7537 | 5.4 it/s
step  115200 | cos 0.5734 | thought 0.8818 dec_ce 1.755 | 5.4 it/s
step  115250 | cos 0.5700 | thought 0.8793 dec_ce 1.851 | 5.3 it/s
step  115300 | cos 0.5752 | thought 0.8885 dec_ce 1.8452 | 5.6 it/s
step  115350 | cos 0.5758 | thought 0.871 dec_ce 1.8537 | 5.5 it/s
step  115400 | cos 0.5723 | thought 0.8868 dec_ce 1.8183 | 5.6 it/s
step  115450 | cos 0.5737 | thought 0.8883 dec_ce 1.8296 | 5.5 it/s
step  115500 | cos 0.5726 | thought 0.8506 dec_ce 1.7654 | 5.5 it/s
step  115550 | cos 0.5767 | thought 0.8561 dec_ce 1.7527 | 5.3 it/s
step  115600 | cos 0.5730 | thought 0.8431 dec_ce 1.6668 | 5.4 it/s
step  115650 | cos 0.5784 | thought 0.8827 dec_ce 1.8669 | 5.5 it/s
step  115700 | cos 0.5755 | thought 0.8627 dec_ce 1.8396 | 5.5 it/s
step  115750 | cos 0.5774 | thought 0.8377 dec_ce 1.7527 | 5.6 it/s
step  115800 | cos 0.5721 | thought 0.8682 dec_ce 1.8199 | 5.4 it/s
step  115850 | cos 0.5738 | thought 0.8349 dec_ce 1.7533 | 5.6 it/s
step  115900 | cos 0.5755 | thought 0.9128 dec_ce 1.9022 | 5.5 it/s
step  115950 | cos 0.5729 | thought 0.8585 dec_ce 1.785 | 5.6 it/s
step  116000 | cos 0.5719 | thought 0.9208 dec_ce 1.9939 | 5.6 it/s
step  116000 | VAL cos 0.5780 | VAL dec CE 3.4744
step  116050 | cos 0.5757 | thought 0.825 dec_ce 1.6986 | 4.3 it/s
step  116100 | cos 0.5742 | thought 0.9004 dec_ce 1.8911 | 5.6 it/s
step  116150 | cos 0.5779 | thought 0.8847 dec_ce 1.8567 | 5.6 it/s
step  116200 | cos 0.5784 | thought 0.8965 dec_ce 1.934 | 5.6 it/s
step  116250 | cos 0.5743 | thought 0.8634 dec_ce 1.8856 | 5.5 it/s
step  116300 | cos 0.5732 | thought 0.8653 dec_ce 1.8861 | 5.7 it/s
step  116350 | cos 0.5771 | thought 0.9457 dec_ce 1.9949 | 5.4 it/s
step  116400 | cos 0.5706 | thought 0.8518 dec_ce 1.7499 | 5.5 it/s
step  116450 | cos 0.5753 | thought 0.8475 dec_ce 1.8666 | 5.5 it/s
step  116500 | cos 0.5723 | thought 0.8227 dec_ce 1.7907 | 5.5 it/s
step  116550 | cos 0.5725 | thought 0.8613 dec_ce 1.7906 | 5.4 it/s
step  116600 | cos 0.5813 | thought 0.8065 dec_ce 1.6833 | 5.7 it/s
step  116650 | cos 0.5773 | thought 0.8626 dec_ce 1.9228 | 5.5 it/s
step  116700 | cos 0.5729 | thought 0.9154 dec_ce 1.9419 | 5.6 it/s
step  116750 | cos 0.5776 | thought 0.8431 dec_ce 1.7699 | 5.4 it/s
step  116800 | cos 0.5759 | thought 0.8767 dec_ce 1.7799 | 5.7 it/s
step  116850 | cos 0.5723 | thought 0.9132 dec_ce 1.9722 | 5.5 it/s
step  116900 | cos 0.5742 | thought 0.8783 dec_ce 1.9665 | 5.4 it/s
step  116950 | cos 0.5793 | thought 0.8613 dec_ce 1.701 | 5.7 it/s
step  117000 | cos 0.5746 | thought 0.8298 dec_ce 1.7105 | 5.5 it/s
step  117050 | cos 0.5744 | thought 0.8507 dec_ce 1.7459 | 5.4 it/s
step  117100 | cos 0.5741 | thought 0.8952 dec_ce 1.8805 | 5.5 it/s
step  117150 | cos 0.5721 | thought 0.8812 dec_ce 1.9003 | 5.6 it/s
step  117200 | cos 0.5757 | thought 0.8987 dec_ce 1.8617 | 5.6 it/s
step  117250 | cos 0.5809 | thought 0.8744 dec_ce 1.8445 | 5.5 it/s
step  117300 | cos 0.5741 | thought 0.8691 dec_ce 1.8131 | 5.5 it/s
step  117350 | cos 0.5761 | thought 0.8575 dec_ce 1.7887 | 5.4 it/s
step  117400 | cos 0.5741 | thought 0.7949 dec_ce 1.6399 | 5.5 it/s
step  117450 | cos 0.5747 | thought 0.8654 dec_ce 1.8713 | 5.6 it/s
step  117500 | cos 0.5798 | thought 0.7836 dec_ce 1.6987 | 5.5 it/s
step  117550 | cos 0.5753 | thought 0.8084 dec_ce 1.6829 | 5.4 it/s
step  117600 | cos 0.5761 | thought 0.842 dec_ce 1.7821 | 5.5 it/s
step  117650 | cos 0.5792 | thought 0.9132 dec_ce 1.7698 | 5.5 it/s
step  117700 | cos 0.5747 | thought 0.8859 dec_ce 1.8564 | 5.5 it/s
step  117750 | cos 0.5754 | thought 0.861 dec_ce 1.8072 | 5.6 it/s
step  117800 | cos 0.5734 | thought 0.8734 dec_ce 1.7712 | 5.7 it/s
step  117850 | cos 0.5751 | thought 0.8427 dec_ce 1.7972 | 5.6 it/s
step  117900 | cos 0.5786 | thought 0.8589 dec_ce 1.8025 | 5.6 it/s
step  117950 | cos 0.5744 | thought 0.8985 dec_ce 1.8628 | 5.6 it/s
step  118000 | cos 0.5784 | thought 0.8574 dec_ce 1.7632 | 5.5 it/s
step  118000 | VAL cos 0.5789 | VAL dec CE 3.4790
step  118050 | cos 0.5738 | thought 0.841 dec_ce 1.8036 | 4.5 it/s
step  118100 | cos 0.5743 | thought 0.8823 dec_ce 1.795 | 5.5 it/s
step  118150 | cos 0.5777 | thought 0.8167 dec_ce 1.7466 | 5.6 it/s
step  118200 | cos 0.5740 | thought 0.8669 dec_ce 1.8326 | 5.4 it/s
step  118250 | cos 0.5771 | thought 0.8626 dec_ce 1.7216 | 5.6 it/s
step  118300 | cos 0.5727 | thought 0.8573 dec_ce 1.8164 | 5.5 it/s
step  118350 | cos 0.5742 | thought 0.8193 dec_ce 1.7891 | 5.3 it/s
step  118400 | cos 0.5807 | thought 0.8482 dec_ce 1.7221 | 5.7 it/s
step  118450 | cos 0.5748 | thought 0.8901 dec_ce 1.7997 | 5.6 it/s
step  118500 | cos 0.5747 | thought 0.824 dec_ce 1.6983 | 5.6 it/s
step  118550 | cos 0.5778 | thought 0.8678 dec_ce 1.9364 | 5.4 it/s
step  118600 | cos 0.5742 | thought 0.857 dec_ce 1.7048 | 5.6 it/s
step  118650 | cos 0.5729 | thought 0.8723 dec_ce 1.9366 | 5.4 it/s
step  118700 | cos 0.5784 | thought 0.8261 dec_ce 1.7021 | 5.6 it/s
step  118750 | cos 0.5749 | thought 0.8527 dec_ce 1.8037 | 5.5 it/s
step  118800 | cos 0.5759 | thought 0.8307 dec_ce 1.7018 | 5.6 it/s
step  118850 | cos 0.5787 | thought 0.9043 dec_ce 1.871 | 5.6 it/s
step  118900 | cos 0.5796 | thought 0.8709 dec_ce 1.7875 | 5.4 it/s
step  118950 | cos 0.5752 | thought 0.8913 dec_ce 1.8318 | 5.5 it/s
step  119000 | cos 0.5786 | thought 0.8386 dec_ce 1.7349 | 5.5 it/s
step  119050 | cos 0.5739 | thought 0.7914 dec_ce 1.6476 | 5.3 it/s
step  119100 | cos 0.5754 | thought 0.8793 dec_ce 1.9018 | 5.4 it/s
step  119150 | cos 0.5726 | thought 0.9047 dec_ce 1.8851 | 5.6 it/s
step  119200 | cos 0.5769 | thought 0.8433 dec_ce 1.7449 | 5.6 it/s
step  119250 | cos 0.5755 | thought 0.8645 dec_ce 1.8631 | 5.4 it/s
step  119300 | cos 0.5772 | thought 0.8598 dec_ce 1.6871 | 5.5 it/s
step  119350 | cos 0.5801 | thought 0.8549 dec_ce 1.7751 | 5.6 it/s
step  119400 | cos 0.5779 | thought 0.8775 dec_ce 1.8161 | 5.5 it/s
step  119450 | cos 0.5752 | thought 0.8296 dec_ce 1.8781 | 5.6 it/s
step  119500 | cos 0.5745 | thought 0.7969 dec_ce 1.6302 | 5.6 it/s
step  119550 | cos 0.5777 | thought 0.9048 dec_ce 1.8448 | 5.4 it/s
step  119600 | cos 0.5773 | thought 0.9124 dec_ce 2.0353 | 5.7 it/s
step  119650 | cos 0.5760 | thought 0.8474 dec_ce 1.7897 | 5.5 it/s
step  119700 | cos 0.5767 | thought 0.854 dec_ce 1.8193 | 5.4 it/s
step  119750 | cos 0.5746 | thought 0.8764 dec_ce 1.8849 | 5.6 it/s
step  119800 | cos 0.5771 | thought 0.8611 dec_ce 1.8208 | 5.4 it/s
step  119850 | cos 0.5776 | thought 0.9123 dec_ce 1.9026 | 5.5 it/s
step  119900 | cos 0.5769 | thought 0.7985 dec_ce 1.6253 | 5.6 it/s
step  119950 | cos 0.5768 | thought 0.8533 dec_ce 1.8084 | 5.5 it/s
step  120000 | cos 0.5723 | thought 0.8689 dec_ce 1.8095 | 5.5 it/s
step  120000 | VAL cos 0.5782 | VAL dec CE 3.4813
step  120050 | cos 0.5735 | thought 0.9092 dec_ce 1.9785 | 4.4 it/s
step  120100 | cos 0.5751 | thought 0.8849 dec_ce 1.9318 | 5.5 it/s
step  120150 | cos 0.5773 | thought 0.8231 dec_ce 1.6683 | 5.8 it/s
step  120200 | cos 0.5779 | thought 0.8786 dec_ce 1.7988 | 5.5 it/s
step  120250 | cos 0.5770 | thought 0.8957 dec_ce 1.9619 | 5.6 it/s
step  120300 | cos 0.5739 | thought 0.9174 dec_ce 1.9429 | 5.6 it/s
step  120350 | cos 0.5743 | thought 0.8417 dec_ce 1.7919 | 5.5 it/s
step  120400 | cos 0.5746 | thought 0.8739 dec_ce 1.9354 | 5.5 it/s
step  120450 | cos 0.5758 | thought 0.8538 dec_ce 1.8537 | 5.5 it/s
step  120500 | cos 0.5714 | thought 0.8729 dec_ce 1.7871 | 5.5 it/s
step  120550 | cos 0.5737 | thought 0.9116 dec_ce 1.8867 | 5.3 it/s
step  120600 | cos 0.5745 | thought 0.8915 dec_ce 1.9292 | 5.5 it/s
step  120650 | cos 0.5790 | thought 0.8652 dec_ce 1.8049 | 5.7 it/s
step  120700 | cos 0.5785 | thought 0.8794 dec_ce 1.8396 | 5.5 it/s
step  120750 | cos 0.5743 | thought 0.8258 dec_ce 1.7531 | 5.6 it/s
step  120800 | cos 0.5752 | thought 0.9001 dec_ce 1.9082 | 5.4 it/s
step  120850 | cos 0.5725 | thought 0.9027 dec_ce 1.9429 | 5.3 it/s
step  120900 | cos 0.5752 | thought 0.8975 dec_ce 1.8831 | 5.6 it/s
step  120950 | cos 0.5781 | thought 0.8487 dec_ce 1.709 | 5.6 it/s
step  121000 | cos 0.5769 | thought 0.8915 dec_ce 1.9428 | 5.5 it/s
step  121050 | cos 0.5749 | thought 0.8645 dec_ce 1.7888 | 5.3 it/s
step  121100 | cos 0.5716 | thought 0.8222 dec_ce 1.7866 | 5.5 it/s
step  121150 | cos 0.5717 | thought 0.8208 dec_ce 1.6719 | 5.6 it/s
step  121200 | cos 0.5809 | thought 0.8432 dec_ce 1.8492 | 5.6 it/s
step  121250 | cos 0.5760 | thought 0.8238 dec_ce 1.8296 | 5.3 it/s
step  121300 | cos 0.5761 | thought 0.8242 dec_ce 1.8473 | 5.6 it/s
step  121350 | cos 0.5769 | thought 0.8795 dec_ce 1.7644 | 5.5 it/s
step  121400 | cos 0.5731 | thought 0.8853 dec_ce 1.7936 | 5.6 it/s
step  121450 | cos 0.5779 | thought 0.8322 dec_ce 1.7406 | 5.6 it/s
step  121500 | cos 0.5752 | thought 0.8688 dec_ce 1.7919 | 5.5 it/s
step  121550 | cos 0.5788 | thought 0.8318 dec_ce 1.6842 | 5.4 it/s
step  121600 | cos 0.5747 | thought 0.8861 dec_ce 1.9398 | 5.5 it/s
step  121650 | cos 0.5762 | thought 0.8411 dec_ce 1.7645 | 5.7 it/s
step  121700 | cos 0.5795 | thought 0.8602 dec_ce 1.7716 | 5.5 it/s
step  121750 | cos 0.5726 | thought 0.908 dec_ce 1.8198 | 5.7 it/s
step  121800 | cos 0.5775 | thought 0.8949 dec_ce 1.9164 | 5.4 it/s
step  121850 | cos 0.5732 | thought 0.9052 dec_ce 1.9785 | 5.4 it/s
step  121900 | cos 0.5781 | thought 0.8471 dec_ce 1.8415 | 5.6 it/s
step  121950 | cos 0.5793 | thought 0.8307 dec_ce 1.6935 | 5.5 it/s
step  122000 | cos 0.5741 | thought 0.8392 dec_ce 1.7763 | 5.5 it/s
step  122000 | VAL cos 0.5786 | VAL dec CE 3.4803
step  122050 | cos 0.5725 | thought 0.9013 dec_ce 1.8279 | 4.5 it/s
step  122100 | cos 0.5754 | thought 0.8741 dec_ce 1.8172 | 5.5 it/s
step  122150 | cos 0.5740 | thought 0.8453 dec_ce 1.7953 | 5.7 it/s
step  122200 | cos 0.5758 | thought 0.9086 dec_ce 1.8726 | 5.6 it/s
step  122250 | cos 0.5731 | thought 0.8251 dec_ce 1.7552 | 5.6 it/s
step  122300 | cos 0.5786 | thought 0.8235 dec_ce 1.7967 | 5.5 it/s
step  122350 | cos 0.5762 | thought 0.868 dec_ce 1.8504 | 5.5 it/s
step  122400 | cos 0.5780 | thought 0.8572 dec_ce 1.8066 | 5.5 it/s
step  122450 | cos 0.5712 | thought 0.923 dec_ce 1.9413 | 5.5 it/s
step  122500 | cos 0.5776 | thought 0.8526 dec_ce 1.8626 | 5.5 it/s
step  122550 | cos 0.5740 | thought 0.8473 dec_ce 1.7712 | 5.3 it/s
step  122600 | cos 0.5733 | thought 0.8932 dec_ce 1.8906 | 5.6 it/s
step  122650 | cos 0.5751 | thought 0.8825 dec_ce 1.8455 | 5.4 it/s
step  122700 | cos 0.5785 | thought 0.8304 dec_ce 1.7864 | 5.4 it/s
step  122750 | cos 0.5729 | thought 0.8721 dec_ce 1.8348 | 5.6 it/s
step  122800 | cos 0.5793 | thought 0.8751 dec_ce 1.8049 | 5.6 it/s
step  122850 | cos 0.5728 | thought 0.8693 dec_ce 1.8015 | 5.6 it/s
step  122900 | cos 0.5777 | thought 0.8527 dec_ce 1.7245 | 5.5 it/s
step  122950 | cos 0.5738 | thought 0.8299 dec_ce 1.748 | 5.5 it/s
step  123000 | cos 0.5737 | thought 0.9005 dec_ce 1.8398 | 5.7 it/s
step  123050 | cos 0.5755 | thought 0.858 dec_ce 1.7773 | 5.4 it/s
step  123100 | cos 0.5737 | thought 0.8521 dec_ce 1.8017 | 5.7 it/s
step  123150 | cos 0.5772 | thought 0.893 dec_ce 1.8171 | 5.6 it/s
step  123200 | cos 0.5744 | thought 0.8486 dec_ce 1.7121 | 5.4 it/s
step  123250 | cos 0.5742 | thought 0.8427 dec_ce 1.8037 | 5.7 it/s
step  123300 | cos 0.5745 | thought 0.8383 dec_ce 1.7749 | 5.5 it/s
step  123350 | cos 0.5798 | thought 0.8255 dec_ce 1.8604 | 5.5 it/s
step  123400 | cos 0.5762 | thought 0.8774 dec_ce 1.7481 | 5.6 it/s
step  123450 | cos 0.5785 | thought 0.8539 dec_ce 1.8566 | 5.6 it/s
step  123500 | cos 0.5761 | thought 0.8956 dec_ce 1.9645 | 5.5 it/s
step  123550 | cos 0.5780 | thought 0.8943 dec_ce 1.9793 | 5.5 it/s
step  123600 | cos 0.5730 | thought 0.8805 dec_ce 1.7855 | 5.5 it/s
step  123650 | cos 0.5777 | thought 0.8793 dec_ce 1.844 | 5.5 it/s
step  123700 | cos 0.5746 | thought 0.9218 dec_ce 1.8912 | 5.4 it/s
step  123750 | cos 0.5723 | thought 0.8987 dec_ce 1.9453 | 5.5 it/s
step  123800 | cos 0.5774 | thought 0.9021 dec_ce 1.836 | 5.4 it/s
step  123850 | cos 0.5749 | thought 0.8532 dec_ce 1.7662 | 5.5 it/s
step  123900 | cos 0.5749 | thought 0.936 dec_ce 1.9221 | 5.5 it/s
step  123950 | cos 0.5766 | thought 0.8997 dec_ce 1.8057 | 5.6 it/s
step  124000 | cos 0.5783 | thought 0.8632 dec_ce 1.9361 | 5.5 it/s
step  124000 | VAL cos 0.5786 | VAL dec CE 3.4798
step  124050 | cos 0.5744 | thought 0.897 dec_ce 1.8811 | 4.5 it/s
step  124100 | cos 0.5744 | thought 0.9233 dec_ce 1.9312 | 5.4 it/s
step  124150 | cos 0.5766 | thought 0.8684 dec_ce 1.7649 | 5.3 it/s
step  124200 | cos 0.5737 | thought 0.8963 dec_ce 1.8754 | 5.5 it/s
step  124250 | cos 0.5735 | thought 0.8906 dec_ce 1.8889 | 5.4 it/s
step  124300 | cos 0.5792 | thought 0.8276 dec_ce 1.7292 | 5.7 it/s
step  124350 | cos 0.5753 | thought 0.8851 dec_ce 1.7969 | 5.4 it/s
step  124400 | cos 0.5773 | thought 0.8872 dec_ce 1.7751 | 5.5 it/s
step  124450 | cos 0.5753 | thought 0.8593 dec_ce 1.799 | 5.4 it/s
step  124500 | cos 0.5781 | thought 0.9394 dec_ce 1.8827 | 5.6 it/s
step  124550 | cos 0.5774 | thought 0.867 dec_ce 1.7628 | 5.5 it/s
step  124600 | cos 0.5773 | thought 0.8461 dec_ce 1.7532 | 5.5 it/s
step  124650 | cos 0.5787 | thought 0.9137 dec_ce 1.8844 | 5.6 it/s
step  124700 | cos 0.5767 | thought 0.8501 dec_ce 1.7483 | 5.6 it/s
step  124750 | cos 0.5788 | thought 0.8514 dec_ce 1.8712 | 5.5 it/s
step  124800 | cos 0.5784 | thought 0.875 dec_ce 1.8757 | 5.5 it/s
step  124850 | cos 0.5772 | thought 0.8511 dec_ce 1.7548 | 5.6 it/s
step  124900 | cos 0.5775 | thought 0.8238 dec_ce 1.6663 | 5.6 it/s
step  124950 | cos 0.5743 | thought 0.8614 dec_ce 1.7652 | 5.5 it/s
step  125000 | cos 0.5776 | thought 0.8292 dec_ce 1.6544 | 5.6 it/s
step  125050 | cos 0.5753 | thought 0.8437 dec_ce 1.8153 | 5.3 it/s
step  125100 | cos 0.5766 | thought 0.8554 dec_ce 1.7102 | 5.5 it/s
step  125150 | cos 0.5748 | thought 0.8795 dec_ce 1.8958 | 5.5 it/s
step  125200 | cos 0.5723 | thought 0.8945 dec_ce 1.9825 | 5.5 it/s
step  125250 | cos 0.5803 | thought 0.8477 dec_ce 1.8158 | 5.5 it/s
step  125300 | cos 0.5788 | thought 0.9289 dec_ce 1.9634 | 5.7 it/s
step  125350 | cos 0.5731 | thought 0.8671 dec_ce 1.7308 | 5.4 it/s
step  125400 | cos 0.5747 | thought 0.9091 dec_ce 1.9594 | 5.6 it/s
step  125450 | cos 0.5780 | thought 0.8569 dec_ce 1.7661 | 5.5 it/s
step  125500 | cos 0.5780 | thought 0.8686 dec_ce 1.869 | 5.6 it/s
step  125550 | cos 0.5759 | thought 0.8923 dec_ce 1.9049 | 5.3 it/s
step  125600 | cos 0.5756 | thought 0.8984 dec_ce 1.7965 | 5.5 it/s
step  125650 | cos 0.5767 | thought 0.8271 dec_ce 1.7777 | 5.6 it/s
step  125700 | cos 0.5779 | thought 0.8716 dec_ce 1.8554 | 5.5 it/s
step  125750 | cos 0.5721 | thought 0.908 dec_ce 1.8444 | 5.5 it/s
step  125800 | cos 0.5754 | thought 0.8797 dec_ce 1.888 | 5.5 it/s
step  125850 | cos 0.5744 | thought 0.8597 dec_ce 1.8897 | 5.7 it/s
step  125900 | cos 0.5733 | thought 0.8807 dec_ce 1.7706 | 5.5 it/s
step  125950 | cos 0.5743 | thought 0.8582 dec_ce 1.8406 | 5.5 it/s
step  126000 | cos 0.5752 | thought 0.8641 dec_ce 1.8004 | 5.5 it/s
step  126000 | VAL cos 0.5782 | VAL dec CE 3.4788
step  126050 | cos 0.5804 | thought 0.8485 dec_ce 1.8633 | 4.5 it/s
step  126100 | cos 0.5734 | thought 0.8786 dec_ce 1.8501 | 5.4 it/s
step  126150 | cos 0.5765 | thought 0.887 dec_ce 1.8649 | 5.5 it/s
step  126200 | cos 0.5775 | thought 0.8482 dec_ce 1.6841 | 5.6 it/s
step  126250 | cos 0.5752 | thought 0.8794 dec_ce 1.7913 | 5.5 it/s
step  126300 | cos 0.5763 | thought 0.8922 dec_ce 1.9001 | 5.6 it/s
step  126350 | cos 0.5773 | thought 0.8507 dec_ce 1.8451 | 5.6 it/s
step  126400 | cos 0.5746 | thought 0.9066 dec_ce 1.9104 | 5.5 it/s
step  126450 | cos 0.5762 | thought 0.8528 dec_ce 1.7331 | 5.5 it/s
step  126500 | cos 0.5787 | thought 0.8699 dec_ce 1.7988 | 5.4 it/s
step  126550 | cos 0.5780 | thought 0.8514 dec_ce 1.8279 | 5.4 it/s
step  126600 | cos 0.5754 | thought 0.9437 dec_ce 1.9202 | 5.4 it/s
step  126650 | cos 0.5771 | thought 0.9234 dec_ce 1.9135 | 5.7 it/s
step  126700 | cos 0.5781 | thought 0.841 dec_ce 1.8268 | 5.6 it/s
step  126750 | cos 0.5779 | thought 0.862 dec_ce 1.8888 | 5.7 it/s
step  126800 | cos 0.5818 | thought 0.8739 dec_ce 1.8194 | 5.6 it/s
step  126850 | cos 0.5775 | thought 0.8819 dec_ce 1.8332 | 5.5 it/s
step  126900 | cos 0.5718 | thought 0.8844 dec_ce 1.9139 | 5.5 it/s
step  126950 | cos 0.5824 | thought 0.862 dec_ce 1.833 | 5.6 it/s
step  127000 | cos 0.5762 | thought 0.8483 dec_ce 1.8068 | 5.5 it/s
step  127050 | cos 0.5756 | thought 0.8166 dec_ce 1.6548 | 5.3 it/s
step  127100 | cos 0.5756 | thought 0.8542 dec_ce 1.7983 | 5.4 it/s
step  127150 | cos 0.5759 | thought 0.9049 dec_ce 1.9258 | 5.5 it/s
step  127200 | cos 0.5765 | thought 0.8494 dec_ce 1.7541 | 5.6 it/s
step  127250 | cos 0.5763 | thought 0.8832 dec_ce 1.7638 | 5.5 it/s
step  127300 | cos 0.5749 | thought 0.8924 dec_ce 1.8815 | 5.5 it/s
step  127350 | cos 0.5775 | thought 0.8758 dec_ce 1.6988 | 5.6 it/s
step  127400 | cos 0.5754 | thought 0.8747 dec_ce 1.8155 | 5.6 it/s
step  127450 | cos 0.5770 | thought 0.8302 dec_ce 1.7667 | 5.4 it/s
step  127500 | cos 0.5781 | thought 0.8249 dec_ce 1.6775 | 5.6 it/s
step  127550 | cos 0.5738 | thought 0.9032 dec_ce 1.871 | 5.4 it/s
step  127600 | cos 0.5789 | thought 0.8817 dec_ce 1.9388 | 5.6 it/s
step  127650 | cos 0.5753 | thought 0.8857 dec_ce 1.8647 | 5.6 it/s
step  127700 | cos 0.5742 | thought 0.9458 dec_ce 1.9379 | 5.6 it/s
step  127750 | cos 0.5727 | thought 0.8817 dec_ce 1.8285 | 5.5 it/s
step  127800 | cos 0.5741 | thought 0.8557 dec_ce 1.7983 | 5.6 it/s
step  127850 | cos 0.5757 | thought 0.8999 dec_ce 1.869 | 5.6 it/s
step  127900 | cos 0.5763 | thought 0.8887 dec_ce 1.7865 | 5.6 it/s
step  127950 | cos 0.5765 | thought 0.8979 dec_ce 1.9565 | 5.5 it/s
step  128000 | cos 0.5741 | thought 0.8738 dec_ce 1.696 | 5.5 it/s
step  128000 | VAL cos 0.5796 | VAL dec CE 3.4758
step  128050 | cos 0.5722 | thought 0.8723 dec_ce 1.8773 | 4.4 it/s
step  128100 | cos 0.5752 | thought 0.9113 dec_ce 1.8532 | 5.6 it/s
step  128150 | cos 0.5776 | thought 0.8665 dec_ce 1.9043 | 5.5 it/s
step  128200 | cos 0.5728 | thought 0.8724 dec_ce 1.7778 | 5.5 it/s
step  128250 | cos 0.5784 | thought 0.8976 dec_ce 2.0425 | 5.6 it/s
step  128300 | cos 0.5785 | thought 0.8729 dec_ce 1.8989 | 5.5 it/s
step  128350 | cos 0.5775 | thought 0.8162 dec_ce 1.7426 | 5.4 it/s
step  128400 | cos 0.5779 | thought 0.898 dec_ce 1.9266 | 5.5 it/s
step  128450 | cos 0.5776 | thought 0.8757 dec_ce 1.8237 | 5.5 it/s
step  128500 | cos 0.5770 | thought 0.7945 dec_ce 1.6774 | 5.5 it/s
step  128550 | cos 0.5793 | thought 0.9122 dec_ce 1.9037 | 5.4 it/s
step  128600 | cos 0.5776 | thought 0.866 dec_ce 1.7055 | 5.5 it/s
step  128650 | cos 0.5792 | thought 0.8328 dec_ce 1.7935 | 5.5 it/s
step  128700 | cos 0.5760 | thought 0.8611 dec_ce 1.8601 | 5.5 it/s
step  128750 | cos 0.5745 | thought 0.8808 dec_ce 2.0737 | 5.6 it/s
step  128800 | cos 0.5748 | thought 0.8457 dec_ce 1.8874 | 5.5 it/s
step  128850 | cos 0.5779 | thought 0.9108 dec_ce 1.9834 | 5.5 it/s
step  128900 | cos 0.5753 | thought 0.83 dec_ce 1.7733 | 5.5 it/s
step  128950 | cos 0.5735 | thought 0.864 dec_ce 1.8736 | 5.4 it/s
step  129000 | cos 0.5753 | thought 0.8938 dec_ce 1.8238 | 5.5 it/s
step  129050 | cos 0.5757 | thought 0.8765 dec_ce 1.7925 | 5.2 it/s
step  129100 | cos 0.5739 | thought 0.8703 dec_ce 1.9014 | 5.5 it/s
step  129150 | cos 0.5739 | thought 0.8517 dec_ce 1.682 | 5.5 it/s
step  129200 | cos 0.5775 | thought 0.8687 dec_ce 1.8341 | 5.5 it/s
step  129250 | cos 0.5766 | thought 0.8874 dec_ce 1.8134 | 5.5 it/s
step  129300 | cos 0.5737 | thought 0.8677 dec_ce 1.9522 | 5.5 it/s
step  129350 | cos 0.5781 | thought 0.8643 dec_ce 1.8584 | 5.5 it/s
step  129400 | cos 0.5779 | thought 0.8674 dec_ce 1.7781 | 5.6 it/s
step  129450 | cos 0.5762 | thought 0.8782 dec_ce 1.8716 | 5.5 it/s
step  129500 | cos 0.5767 | thought 0.8919 dec_ce 1.8579 | 5.7 it/s
step  129550 | cos 0.5781 | thought 0.8839 dec_ce 1.8527 | 5.5 it/s
step  129600 | cos 0.5766 | thought 0.9164 dec_ce 1.971 | 5.5 it/s
step  129650 | cos 0.5733 | thought 0.876 dec_ce 1.6781 | 5.5 it/s
step  129700 | cos 0.5777 | thought 0.8381 dec_ce 1.7153 | 5.5 it/s
step  129750 | cos 0.5744 | thought 0.9073 dec_ce 1.8309 | 5.5 it/s
step  129800 | cos 0.5808 | thought 0.8316 dec_ce 1.7172 | 5.6 it/s
step  129850 | cos 0.5751 | thought 0.8572 dec_ce 1.8763 | 5.5 it/s
step  129900 | cos 0.5738 | thought 0.8677 dec_ce 1.8184 | 5.5 it/s
step  129950 | cos 0.5823 | thought 0.8408 dec_ce 1.8669 | 5.5 it/s
step  130000 | cos 0.5740 | thought 0.8584 dec_ce 1.6853 | 5.5 it/s
step  130000 | VAL cos 0.5798 | VAL dec CE 3.4724
step  130050 | cos 0.5771 | thought 0.8705 dec_ce 1.8228 | 4.4 it/s
step  130100 | cos 0.5810 | thought 0.8135 dec_ce 1.5766 | 5.6 it/s
step  130150 | cos 0.5738 | thought 0.8603 dec_ce 1.8284 | 5.5 it/s
step  130200 | cos 0.5774 | thought 0.8368 dec_ce 1.7488 | 5.4 it/s
step  130250 | cos 0.5715 | thought 0.8675 dec_ce 1.7749 | 5.5 it/s
step  130300 | cos 0.5733 | thought 0.9042 dec_ce 1.9226 | 5.4 it/s
step  130350 | cos 0.5791 | thought 0.8489 dec_ce 1.7863 | 5.5 it/s
step  130400 | cos 0.5770 | thought 0.8637 dec_ce 1.7262 | 5.5 it/s
step  130450 | cos 0.5735 | thought 0.9024 dec_ce 1.9274 | 5.7 it/s
step  130500 | cos 0.5777 | thought 0.8383 dec_ce 1.7061 | 5.8 it/s
step  130550 | cos 0.5752 | thought 0.9035 dec_ce 1.8468 | 5.3 it/s
step  130600 | cos 0.5770 | thought 0.8939 dec_ce 1.8557 | 5.6 it/s
step  130650 | cos 0.5753 | thought 0.8529 dec_ce 1.8864 | 5.5 it/s
step  130700 | cos 0.5814 | thought 0.8656 dec_ce 1.789 | 5.5 it/s
step  130750 | cos 0.5779 | thought 0.8766 dec_ce 1.8563 | 5.6 it/s
step  130800 | cos 0.5763 | thought 0.8371 dec_ce 1.7533 | 5.5 it/s
step  130850 | cos 0.5772 | thought 0.8696 dec_ce 1.7021 | 5.6 it/s
step  130900 | cos 0.5767 | thought 0.8818 dec_ce 1.8157 | 5.4 it/s
step  130950 | cos 0.5774 | thought 0.81 dec_ce 1.7009 | 5.4 it/s
step  131000 | cos 0.5709 | thought 0.9063 dec_ce 1.741 | 5.5 it/s
step  131050 | cos 0.5760 | thought 0.906 dec_ce 1.9016 | 5.3 it/s
step  131100 | cos 0.5749 | thought 0.8425 dec_ce 1.7533 | 5.6 it/s
step  131150 | cos 0.5770 | thought 0.8374 dec_ce 1.8286 | 5.5 it/s
step  131200 | cos 0.5772 | thought 0.8903 dec_ce 1.8749 | 5.4 it/s
step  131250 | cos 0.5788 | thought 0.8472 dec_ce 1.7352 | 5.5 it/s
step  131300 | cos 0.5765 | thought 0.8582 dec_ce 1.7908 | 5.6 it/s
step  131350 | cos 0.5786 | thought 0.8752 dec_ce 2.0136 | 5.4 it/s
step  131400 | cos 0.5784 | thought 0.8378 dec_ce 1.7339 | 5.5 it/s
step  131450 | cos 0.5816 | thought 0.7965 dec_ce 1.611 | 5.4 it/s
step  131500 | cos 0.5734 | thought 0.8639 dec_ce 1.7585 | 5.5 it/s
step  131550 | cos 0.5779 | thought 0.8542 dec_ce 1.7509 | 5.5 it/s
step  131600 | cos 0.5756 | thought 0.8816 dec_ce 1.807 | 5.4 it/s
step  131650 | cos 0.5760 | thought 0.8487 dec_ce 1.735 | 5.7 it/s
step  131700 | cos 0.5767 | thought 0.9291 dec_ce 1.9136 | 5.7 it/s
step  131750 | cos 0.5760 | thought 0.8346 dec_ce 1.7494 | 5.6 it/s
step  131800 | cos 0.5805 | thought 0.8761 dec_ce 1.8317 | 5.7 it/s
step  131850 | cos 0.5783 | thought 0.8411 dec_ce 1.7758 | 5.6 it/s
step  131900 | cos 0.5773 | thought 0.914 dec_ce 1.8884 | 5.6 it/s
step  131950 | cos 0.5762 | thought 0.8963 dec_ce 1.8135 | 5.5 it/s
step  132000 | cos 0.5782 | thought 0.8648 dec_ce 1.703 | 5.6 it/s
step  132000 | VAL cos 0.5793 | VAL dec CE 3.4654
step  132050 | cos 0.5796 | thought 0.8422 dec_ce 1.6915 | 4.4 it/s
step  132100 | cos 0.5810 | thought 0.8452 dec_ce 1.7202 | 5.6 it/s
step  132150 | cos 0.5761 | thought 0.8434 dec_ce 1.7053 | 5.5 it/s
step  132200 | cos 0.5779 | thought 0.8546 dec_ce 1.8189 | 5.6 it/s
step  132250 | cos 0.5762 | thought 0.847 dec_ce 1.7154 | 5.6 it/s
step  132300 | cos 0.5759 | thought 0.8662 dec_ce 1.828 | 5.5 it/s
step  132350 | cos 0.5746 | thought 0.891 dec_ce 1.8081 | 5.4 it/s
step  132400 | cos 0.5774 | thought 0.8715 dec_ce 1.841 | 5.4 it/s
step  132450 | cos 0.5783 | thought 0.8457 dec_ce 1.7021 | 5.5 it/s
step  132500 | cos 0.5777 | thought 0.8752 dec_ce 1.8521 | 5.4 it/s
step  132550 | cos 0.5739 | thought 0.8706 dec_ce 1.8498 | 5.4 it/s
step  132600 | cos 0.5789 | thought 0.869 dec_ce 1.7868 | 5.6 it/s
step  132650 | cos 0.5733 | thought 0.8989 dec_ce 1.8728 | 5.6 it/s
step  132700 | cos 0.5757 | thought 0.8845 dec_ce 1.8138 | 5.6 it/s
step  132750 | cos 0.5756 | thought 0.8976 dec_ce 1.8771 | 5.5 it/s
step  132800 | cos 0.5746 | thought 0.8778 dec_ce 1.8693 | 5.5 it/s
step  132850 | cos 0.5779 | thought 0.8795 dec_ce 1.7542 | 5.5 it/s
step  132900 | cos 0.5798 | thought 0.8667 dec_ce 1.7038 | 5.4 it/s
step  132950 | cos 0.5782 | thought 0.8583 dec_ce 1.8112 | 5.6 it/s
step  133000 | cos 0.5743 | thought 0.8534 dec_ce 1.8329 | 5.5 it/s
step  133050 | cos 0.5812 | thought 0.8399 dec_ce 1.7838 | 5.3 it/s
step  133100 | cos 0.5838 | thought 0.8992 dec_ce 1.896 | 5.6 it/s
step  133150 | cos 0.5768 | thought 0.8136 dec_ce 1.6287 | 5.5 it/s
step  133200 | cos 0.5752 | thought 0.847 dec_ce 1.6857 | 5.6 it/s
step  133250 | cos 0.5775 | thought 0.8403 dec_ce 1.811 | 5.4 it/s
step  133300 | cos 0.5801 | thought 0.8856 dec_ce 1.8384 | 5.5 it/s
step  133350 | cos 0.5822 | thought 0.8403 dec_ce 1.7781 | 5.4 it/s
step  133400 | cos 0.5770 | thought 0.8542 dec_ce 1.7975 | 5.5 it/s
step  133450 | cos 0.5777 | thought 0.8935 dec_ce 1.8191 | 5.6 it/s
step  133500 | cos 0.5791 | thought 0.9091 dec_ce 2.0293 | 5.7 it/s
step  133550 | cos 0.5772 | thought 0.8204 dec_ce 1.8028 | 5.3 it/s
step  133600 | cos 0.5736 | thought 0.8781 dec_ce 1.853 | 5.3 it/s
step  133650 | cos 0.5768 | thought 0.8618 dec_ce 1.874 | 5.5 it/s
step  133700 | cos 0.5780 | thought 0.8482 dec_ce 1.8889 | 5.7 it/s
step  133750 | cos 0.5750 | thought 0.8601 dec_ce 1.7821 | 5.6 it/s
step  133800 | cos 0.5789 | thought 0.8637 dec_ce 1.7028 | 5.4 it/s
step  133850 | cos 0.5757 | thought 0.8746 dec_ce 1.8876 | 5.4 it/s
step  133900 | cos 0.5787 | thought 0.8187 dec_ce 1.7295 | 5.5 it/s
step  133950 | cos 0.5766 | thought 0.9078 dec_ce 1.8975 | 5.5 it/s
step  134000 | cos 0.5794 | thought 0.8389 dec_ce 1.7366 | 5.5 it/s
step  134000 | VAL cos 0.5802 | VAL dec CE 3.4637
step  134050 | cos 0.5788 | thought 0.9351 dec_ce 1.9627 | 4.3 it/s
step  134100 | cos 0.5761 | thought 0.8619 dec_ce 1.748 | 5.4 it/s
step  134150 | cos 0.5736 | thought 0.9233 dec_ce 1.9573 | 5.6 it/s
step  134200 | cos 0.5725 | thought 0.8633 dec_ce 1.762 | 5.5 it/s
step  134250 | cos 0.5786 | thought 0.895 dec_ce 1.9433 | 5.6 it/s
step  134300 | cos 0.5774 | thought 0.8127 dec_ce 1.7008 | 5.5 it/s
step  134350 | cos 0.5771 | thought 0.8251 dec_ce 1.7004 | 5.5 it/s
step  134400 | cos 0.5788 | thought 0.8989 dec_ce 1.9893 | 5.6 it/s
step  134450 | cos 0.5745 | thought 0.866 dec_ce 1.8463 | 5.4 it/s
step  134500 | cos 0.5771 | thought 0.821 dec_ce 1.6857 | 5.4 it/s
step  134550 | cos 0.5729 | thought 0.8994 dec_ce 1.8144 | 5.3 it/s
step  134600 | cos 0.5734 | thought 0.8709 dec_ce 1.9797 | 5.5 it/s
step  134650 | cos 0.5751 | thought 0.8222 dec_ce 1.6981 | 5.6 it/s
step  134700 | cos 0.5783 | thought 0.8928 dec_ce 1.9211 | 5.6 it/s
step  134750 | cos 0.5784 | thought 0.8847 dec_ce 1.7433 | 5.6 it/s
step  134800 | cos 0.5751 | thought 0.8837 dec_ce 1.8501 | 5.4 it/s
step  134850 | cos 0.5813 | thought 0.8999 dec_ce 1.9117 | 5.6 it/s
step  134900 | cos 0.5807 | thought 0.8824 dec_ce 1.8666 | 5.6 it/s
step  134950 | cos 0.5764 | thought 0.8307 dec_ce 1.7505 | 5.5 it/s
step  135000 | cos 0.5769 | thought 0.8643 dec_ce 1.7517 | 5.6 it/s
step  135050 | cos 0.5763 | thought 0.9023 dec_ce 1.9339 | 5.3 it/s
step  135100 | cos 0.5783 | thought 0.7964 dec_ce 1.7092 | 5.5 it/s
step  135150 | cos 0.5778 | thought 0.8153 dec_ce 1.8183 | 5.4 it/s
step  135200 | cos 0.5756 | thought 0.8911 dec_ce 1.7964 | 5.5 it/s
step  135250 | cos 0.5756 | thought 0.9275 dec_ce 1.8872 | 5.5 it/s
step  135300 | cos 0.5791 | thought 0.8107 dec_ce 1.6684 | 5.3 it/s
step  135350 | cos 0.5740 | thought 0.8865 dec_ce 1.821 | 5.6 it/s
step  135400 | cos 0.5785 | thought 0.8792 dec_ce 1.8188 | 5.5 it/s
step  135450 | cos 0.5755 | thought 0.9024 dec_ce 1.8037 | 5.5 it/s
step  135500 | cos 0.5781 | thought 0.8296 dec_ce 1.7581 | 5.7 it/s
step  135550 | cos 0.5762 | thought 0.8729 dec_ce 1.7669 | 5.4 it/s
step  135600 | cos 0.5787 | thought 0.8897 dec_ce 1.8659 | 5.6 it/s
step  135650 | cos 0.5759 | thought 0.87 dec_ce 1.7621 | 5.6 it/s
step  135700 | cos 0.5782 | thought 0.839 dec_ce 1.6477 | 5.5 it/s
step  135750 | cos 0.5751 | thought 0.8514 dec_ce 1.7378 | 5.6 it/s
step  135800 | cos 0.5760 | thought 0.8696 dec_ce 1.8915 | 5.5 it/s
step  135850 | cos 0.5791 | thought 0.9032 dec_ce 1.8686 | 5.5 it/s
step  135900 | cos 0.5763 | thought 0.9375 dec_ce 1.9635 | 5.5 it/s
step  135950 | cos 0.5783 | thought 0.8843 dec_ce 1.7455 | 5.5 it/s
step  136000 | cos 0.5795 | thought 0.8843 dec_ce 1.8664 | 5.5 it/s
step  136000 | VAL cos 0.5800 | VAL dec CE 3.4554
step  136050 | cos 0.5804 | thought 0.8441 dec_ce 1.8409 | 4.3 it/s
step  136100 | cos 0.5785 | thought 0.8596 dec_ce 1.6248 | 5.6 it/s
step  136150 | cos 0.5765 | thought 0.9123 dec_ce 1.9384 | 5.5 it/s
step  136200 | cos 0.5801 | thought 0.9263 dec_ce 1.9958 | 5.3 it/s
step  136250 | cos 0.5756 | thought 0.8206 dec_ce 1.7822 | 5.5 it/s
step  136300 | cos 0.5795 | thought 0.8436 dec_ce 1.7504 | 5.5 it/s
step  136350 | cos 0.5821 | thought 0.8421 dec_ce 1.6962 | 5.7 it/s
step  136400 | cos 0.5757 | thought 0.7796 dec_ce 1.618 | 5.6 it/s
step  136450 | cos 0.5789 | thought 0.8844 dec_ce 1.8024 | 5.6 it/s
step  136500 | cos 0.5756 | thought 0.8023 dec_ce 1.6106 | 5.6 it/s
step  136550 | cos 0.5785 | thought 0.878 dec_ce 1.8375 | 5.4 it/s
step  136600 | cos 0.5773 | thought 0.824 dec_ce 1.644 | 5.7 it/s
step  136650 | cos 0.5752 | thought 0.8131 dec_ce 1.6628 | 5.5 it/s
step  136700 | cos 0.5750 | thought 0.918 dec_ce 1.8258 | 5.5 it/s
step  136750 | cos 0.5794 | thought 0.8232 dec_ce 1.6634 | 5.7 it/s
step  136800 | cos 0.5784 | thought 0.8601 dec_ce 1.8428 | 5.6 it/s
step  136850 | cos 0.5797 | thought 0.8219 dec_ce 1.7143 | 5.5 it/s
step  136900 | cos 0.5749 | thought 0.8679 dec_ce 1.7675 | 5.5 it/s
step  136950 | cos 0.5797 | thought 0.8256 dec_ce 1.8971 | 5.7 it/s
step  137000 | cos 0.5774 | thought 0.8667 dec_ce 1.8929 | 5.6 it/s
step  137050 | cos 0.5755 | thought 0.8438 dec_ce 1.9051 | 5.4 it/s
step  137100 | cos 0.5816 | thought 0.8365 dec_ce 1.7551 | 5.6 it/s
step  137150 | cos 0.5765 | thought 0.8158 dec_ce 1.7214 | 5.5 it/s
step  137200 | cos 0.5785 | thought 0.8746 dec_ce 1.798 | 5.5 it/s
step  137250 | cos 0.5788 | thought 0.8807 dec_ce 1.9175 | 5.5 it/s
step  137300 | cos 0.5779 | thought 0.8669 dec_ce 1.725 | 5.6 it/s
step  137350 | cos 0.5809 | thought 0.8474 dec_ce 1.8264 | 5.5 it/s
step  137400 | cos 0.5792 | thought 0.878 dec_ce 1.8146 | 5.6 it/s
step  137450 | cos 0.5743 | thought 0.8539 dec_ce 1.7981 | 5.7 it/s
step  137500 | cos 0.5771 | thought 0.8782 dec_ce 1.7688 | 5.5 it/s
step  137550 | cos 0.5775 | thought 0.8577 dec_ce 1.7887 | 5.4 it/s
step  137600 | cos 0.5752 | thought 0.8733 dec_ce 1.7762 | 5.5 it/s
step  137650 | cos 0.5756 | thought 0.853 dec_ce 1.7647 | 5.5 it/s
step  137700 | cos 0.5773 | thought 0.8683 dec_ce 1.8924 | 5.5 it/s
step  137750 | cos 0.5774 | thought 0.8767 dec_ce 1.8805 | 5.6 it/s
step  137800 | cos 0.5746 | thought 0.8502 dec_ce 1.7162 | 5.5 it/s
step  137850 | cos 0.5781 | thought 0.9063 dec_ce 1.8255 | 5.4 it/s
step  137900 | cos 0.5816 | thought 0.8692 dec_ce 1.8131 | 5.6 it/s
step  137950 | cos 0.5790 | thought 0.8408 dec_ce 1.7509 | 5.7 it/s
step  138000 | cos 0.5768 | thought 0.9462 dec_ce 2.0442 | 5.5 it/s
step  138000 | VAL cos 0.5798 | VAL dec CE 3.4654
step  138050 | cos 0.5755 | thought 0.8814 dec_ce 1.8584 | 4.5 it/s
step  138100 | cos 0.5782 | thought 0.9058 dec_ce 1.9236 | 5.5 it/s
step  138150 | cos 0.5792 | thought 0.8405 dec_ce 1.7839 | 5.6 it/s
step  138200 | cos 0.5778 | thought 0.8672 dec_ce 1.7924 | 5.5 it/s
step  138250 | cos 0.5738 | thought 0.8671 dec_ce 1.7859 | 5.6 it/s
step  138300 | cos 0.5757 | thought 0.8786 dec_ce 1.8529 | 5.6 it/s
step  138350 | cos 0.5728 | thought 0.8645 dec_ce 1.7765 | 5.6 it/s
step  138400 | cos 0.5742 | thought 0.8133 dec_ce 1.7114 | 5.4 it/s
step  138450 | cos 0.5757 | thought 0.8681 dec_ce 1.7142 | 5.6 it/s
step  138500 | cos 0.5747 | thought 0.8876 dec_ce 1.8966 | 5.6 it/s
step  138550 | cos 0.5764 | thought 0.8971 dec_ce 1.8016 | 5.5 it/s
step  138600 | cos 0.5775 | thought 0.8749 dec_ce 1.8218 | 5.5 it/s
step  138650 | cos 0.5806 | thought 0.8459 dec_ce 1.7934 | 5.7 it/s
step  138700 | cos 0.5746 | thought 0.8103 dec_ce 1.5996 | 5.5 it/s
step  138750 | cos 0.5822 | thought 0.794 dec_ce 1.7622 | 5.5 it/s
step  138800 | cos 0.5734 | thought 0.8317 dec_ce 1.7088 | 5.5 it/s
step  138850 | cos 0.5767 | thought 0.866 dec_ce 1.7201 | 5.6 it/s
step  138900 | cos 0.5762 | thought 0.8522 dec_ce 1.7182 | 5.5 it/s
step  138950 | cos 0.5803 | thought 0.9254 dec_ce 1.9701 | 5.6 it/s
step  139000 | cos 0.5788 | thought 0.9001 dec_ce 1.8868 | 5.4 it/s
step  139050 | cos 0.5752 | thought 0.8813 dec_ce 1.7938 | 5.4 it/s
step  139100 | cos 0.5776 | thought 0.8813 dec_ce 1.804 | 5.7 it/s
step  139150 | cos 0.5728 | thought 0.8687 dec_ce 1.7558 | 5.5 it/s
step  139200 | cos 0.5778 | thought 0.8906 dec_ce 1.9081 | 5.5 it/s
step  139250 | cos 0.5755 | thought 0.8629 dec_ce 1.7129 | 5.5 it/s
step  139300 | cos 0.5777 | thought 0.7974 dec_ce 1.5295 | 5.5 it/s
step  139350 | cos 0.5758 | thought 0.8767 dec_ce 1.8089 | 5.5 it/s
step  139400 | cos 0.5768 | thought 0.8929 dec_ce 1.9786 | 5.5 it/s
step  139450 | cos 0.5734 | thought 0.8913 dec_ce 1.9088 | 5.5 it/s
step  139500 | cos 0.5790 | thought 0.8321 dec_ce 1.8199 | 5.5 it/s
step  139550 | cos 0.5802 | thought 0.8285 dec_ce 1.8945 | 5.4 it/s
step  139600 | cos 0.5788 | thought 0.8509 dec_ce 1.6988 | 5.5 it/s
step  139650 | cos 0.5769 | thought 0.8672 dec_ce 1.8144 | 5.5 it/s
step  139700 | cos 0.5786 | thought 0.8699 dec_ce 1.7365 | 5.4 it/s
step  139750 | cos 0.5745 | thought 0.8832 dec_ce 1.835 | 5.6 it/s
step  139800 | cos 0.5814 | thought 0.8507 dec_ce 1.7932 | 5.8 it/s
step  139850 | cos 0.5788 | thought 0.8367 dec_ce 1.6802 | 5.6 it/s
step  139900 | cos 0.5786 | thought 0.8279 dec_ce 1.7818 | 5.5 it/s
step  139950 | cos 0.5782 | thought 0.8593 dec_ce 1.9229 | 5.5 it/s
step  140000 | cos 0.5754 | thought 0.8728 dec_ce 1.8054 | 5.5 it/s
step  140000 | VAL cos 0.5801 | VAL dec CE 3.4621
step  140050 | cos 0.5779 | thought 0.9105 dec_ce 1.8725 | 4.4 it/s
step  140100 | cos 0.5744 | thought 0.8524 dec_ce 1.7758 | 5.4 it/s
step  140150 | cos 0.5734 | thought 0.8409 dec_ce 1.715 | 5.6 it/s
step  140200 | cos 0.5762 | thought 0.8205 dec_ce 1.8046 | 5.5 it/s
step  140250 | cos 0.5817 | thought 0.8727 dec_ce 1.9987 | 5.7 it/s
step  140300 | cos 0.5766 | thought 0.8714 dec_ce 1.7874 | 5.6 it/s
step  140350 | cos 0.5784 | thought 0.8324 dec_ce 1.8015 | 5.6 it/s
step  140400 | cos 0.5780 | thought 0.8591 dec_ce 1.8793 | 5.6 it/s
step  140450 | cos 0.5770 | thought 0.9156 dec_ce 1.91 | 5.7 it/s
step  140500 | cos 0.5801 | thought 0.8592 dec_ce 1.7688 | 5.6 it/s
step  140550 | cos 0.5751 | thought 0.8455 dec_ce 1.7138 | 5.3 it/s
step  140600 | cos 0.5763 | thought 0.8914 dec_ce 1.8653 | 5.5 it/s
step  140650 | cos 0.5733 | thought 0.8753 dec_ce 1.8173 | 5.4 it/s
step  140700 | cos 0.5778 | thought 0.861 dec_ce 1.8053 | 5.6 it/s
step  140750 | cos 0.5786 | thought 0.8662 dec_ce 1.8446 | 5.3 it/s
step  140800 | cos 0.5766 | thought 0.8457 dec_ce 1.7949 | 5.7 it/s
step  140850 | cos 0.5787 | thought 0.8594 dec_ce 1.8456 | 5.4 it/s
step  140900 | cos 0.5815 | thought 0.8216 dec_ce 1.6772 | 5.6 it/s
step  140950 | cos 0.5793 | thought 0.8366 dec_ce 1.7592 | 5.6 it/s
step  141000 | cos 0.5760 | thought 0.8553 dec_ce 1.8127 | 5.5 it/s
step  141050 | cos 0.5779 | thought 0.8483 dec_ce 1.7533 | 5.5 it/s
step  141100 | cos 0.5778 | thought 0.8056 dec_ce 1.7658 | 5.6 it/s
step  141150 | cos 0.5788 | thought 0.925 dec_ce 1.9845 | 5.5 it/s
step  141200 | cos 0.5741 | thought 0.9005 dec_ce 2.012 | 5.5 it/s
step  141250 | cos 0.5760 | thought 0.9039 dec_ce 1.9029 | 5.5 it/s
step  141300 | cos 0.5723 | thought 0.8744 dec_ce 1.8943 | 5.5 it/s
step  141350 | cos 0.5763 | thought 0.8761 dec_ce 1.8241 | 5.5 it/s
step  141400 | cos 0.5782 | thought 0.8357 dec_ce 1.8241 | 5.5 it/s
step  141450 | cos 0.5773 | thought 0.8856 dec_ce 1.8732 | 5.5 it/s
step  141500 | cos 0.5759 | thought 0.8658 dec_ce 1.8229 | 5.5 it/s
step  141550 | cos 0.5802 | thought 0.913 dec_ce 1.9063 | 5.5 it/s
step  141600 | cos 0.5820 | thought 0.861 dec_ce 1.9239 | 5.5 it/s
step  141650 | cos 0.5770 | thought 0.8377 dec_ce 1.6759 | 5.6 it/s
step  141700 | cos 0.5777 | thought 0.8742 dec_ce 1.9274 | 5.5 it/s
step  141750 | cos 0.5767 | thought 0.8293 dec_ce 1.7134 | 5.5 it/s
step  141800 | cos 0.5809 | thought 0.8451 dec_ce 1.7893 | 5.6 it/s
step  141850 | cos 0.5816 | thought 0.833 dec_ce 1.6955 | 5.6 it/s
step  141900 | cos 0.5733 | thought 0.9281 dec_ce 1.967 | 5.5 it/s
step  141950 | cos 0.5757 | thought 0.8935 dec_ce 1.9304 | 5.6 it/s
step  142000 | cos 0.5793 | thought 0.9027 dec_ce 1.9237 | 5.5 it/s
step  142000 | VAL cos 0.5810 | VAL dec CE 3.4596
step  142050 | cos 0.5775 | thought 0.8984 dec_ce 1.9007 | 4.5 it/s
step  142100 | cos 0.5761 | thought 0.8554 dec_ce 1.8716 | 5.6 it/s
step  142150 | cos 0.5788 | thought 0.8327 dec_ce 1.7872 | 5.4 it/s
step  142200 | cos 0.5800 | thought 0.8753 dec_ce 1.7759 | 5.5 it/s
step  142250 | cos 0.5792 | thought 0.882 dec_ce 1.9106 | 5.5 it/s
step  142300 | cos 0.5754 | thought 0.7847 dec_ce 1.6455 | 5.4 it/s
step  142350 | cos 0.5746 | thought 0.8546 dec_ce 1.7579 | 5.5 it/s
step  142400 | cos 0.5772 | thought 0.8773 dec_ce 1.7813 | 5.6 it/s
step  142450 | cos 0.5758 | thought 0.8573 dec_ce 1.7769 | 5.7 it/s
step  142500 | cos 0.5797 | thought 0.8996 dec_ce 1.8991 | 5.5 it/s
step  142550 | cos 0.5755 | thought 0.8363 dec_ce 1.7293 | 5.3 it/s
step  142600 | cos 0.5802 | thought 0.7824 dec_ce 1.7071 | 5.5 it/s
step  142650 | cos 0.5767 | thought 0.8638 dec_ce 1.7786 | 5.6 it/s
step  142700 | cos 0.5769 | thought 0.8393 dec_ce 1.8637 | 5.5 it/s
step  142750 | cos 0.5793 | thought 0.868 dec_ce 1.834 | 5.5 it/s
step  142800 | cos 0.5766 | thought 0.8641 dec_ce 1.8038 | 5.6 it/s
step  142850 | cos 0.5781 | thought 0.7703 dec_ce 1.5978 | 5.5 it/s
step  142900 | cos 0.5774 | thought 0.8678 dec_ce 1.9883 | 5.4 it/s
step  142950 | cos 0.5786 | thought 0.8739 dec_ce 1.8673 | 5.6 it/s
step  143000 | cos 0.5809 | thought 0.8381 dec_ce 1.7855 | 5.5 it/s
step  143050 | cos 0.5749 | thought 0.8821 dec_ce 1.8101 | 5.3 it/s
step  143100 | cos 0.5747 | thought 0.849 dec_ce 1.7219 | 5.7 it/s
step  143150 | cos 0.5762 | thought 0.8531 dec_ce 1.7405 | 5.5 it/s
step  143200 | cos 0.5782 | thought 0.7934 dec_ce 1.6954 | 5.6 it/s
step  143250 | cos 0.5771 | thought 0.8942 dec_ce 1.8472 | 5.4 it/s
step  143300 | cos 0.5749 | thought 0.8241 dec_ce 1.4906 | 5.4 it/s
step  143350 | cos 0.5775 | thought 0.8557 dec_ce 1.8253 | 5.5 it/s
step  143400 | cos 0.5802 | thought 0.8144 dec_ce 1.8163 | 5.5 it/s
step  143450 | cos 0.5723 | thought 0.8846 dec_ce 1.7903 | 5.6 it/s
step  143500 | cos 0.5766 | thought 0.8869 dec_ce 1.8463 | 5.7 it/s
step  143550 | cos 0.5752 | thought 0.889 dec_ce 1.7897 | 5.3 it/s
step  143600 | cos 0.5796 | thought 0.9179 dec_ce 1.9253 | 5.5 it/s
step  143650 | cos 0.5778 | thought 0.8731 dec_ce 1.9206 | 5.7 it/s
step  143700 | cos 0.5768 | thought 0.8644 dec_ce 1.8124 | 5.5 it/s
step  143750 | cos 0.5761 | thought 0.8632 dec_ce 1.88 | 5.5 it/s
step  143800 | cos 0.5772 | thought 0.8653 dec_ce 1.8654 | 5.5 it/s
step  143850 | cos 0.5780 | thought 0.9157 dec_ce 1.9017 | 5.4 it/s
step  143900 | cos 0.5767 | thought 0.8154 dec_ce 1.7603 | 5.5 it/s
step  143950 | cos 0.5782 | thought 0.8668 dec_ce 1.8574 | 5.7 it/s
step  144000 | cos 0.5779 | thought 0.8562 dec_ce 1.8842 | 5.4 it/s
step  144000 | VAL cos 0.5797 | VAL dec CE 3.4690
step  144050 | cos 0.5779 | thought 0.8322 dec_ce 1.7452 | 4.4 it/s
step  144100 | cos 0.5773 | thought 0.8797 dec_ce 1.794 | 5.5 it/s
step  144150 | cos 0.5792 | thought 0.8765 dec_ce 1.8051 | 5.4 it/s
step  144200 | cos 0.5782 | thought 0.8798 dec_ce 2.0083 | 5.4 it/s
step  144250 | cos 0.5797 | thought 0.8745 dec_ce 1.7563 | 5.5 it/s
step  144300 | cos 0.5793 | thought 0.8919 dec_ce 1.9111 | 5.7 it/s
step  144350 | cos 0.5797 | thought 0.8487 dec_ce 1.7224 | 5.5 it/s
step  144400 | cos 0.5772 | thought 0.8621 dec_ce 1.7444 | 5.5 it/s
step  144450 | cos 0.5811 | thought 0.8683 dec_ce 1.7771 | 5.6 it/s
step  144500 | cos 0.5844 | thought 0.8447 dec_ce 1.7613 | 5.6 it/s
step  144550 | cos 0.5768 | thought 0.866 dec_ce 1.8864 | 5.3 it/s
step  144600 | cos 0.5807 | thought 0.9255 dec_ce 1.93 | 5.6 it/s
step  144650 | cos 0.5766 | thought 0.8533 dec_ce 1.6717 | 5.4 it/s
step  144700 | cos 0.5762 | thought 0.876 dec_ce 1.9287 | 5.5 it/s
step  144750 | cos 0.5738 | thought 0.9235 dec_ce 1.9343 | 5.6 it/s
step  144800 | cos 0.5761 | thought 0.8808 dec_ce 1.8305 | 5.5 it/s
step  144850 | cos 0.5771 | thought 0.8815 dec_ce 1.7606 | 5.4 it/s
step  144900 | cos 0.5764 | thought 0.9052 dec_ce 1.7537 | 5.6 it/s
step  144950 | cos 0.5770 | thought 0.8637 dec_ce 1.7868 | 5.5 it/s
step  145000 | cos 0.5778 | thought 0.8624 dec_ce 1.7134 | 5.5 it/s
step  145050 | cos 0.5776 | thought 0.8856 dec_ce 1.8179 | 5.3 it/s
step  145100 | cos 0.5771 | thought 0.9194 dec_ce 1.97 | 5.4 it/s
step  145150 | cos 0.5809 | thought 0.9 dec_ce 1.9152 | 5.5 it/s
step  145200 | cos 0.5793 | thought 0.9035 dec_ce 1.8496 | 5.5 it/s
step  145250 | cos 0.5759 | thought 0.909 dec_ce 1.9152 | 5.5 it/s
step  145300 | cos 0.5773 | thought 0.8625 dec_ce 1.8366 | 5.6 it/s
step  145350 | cos 0.5777 | thought 0.9027 dec_ce 1.9367 | 5.4 it/s
step  145400 | cos 0.5759 | thought 0.8506 dec_ce 1.8174 | 5.4 it/s
step  145450 | cos 0.5772 | thought 0.8735 dec_ce 1.7384 | 5.6 it/s
step  145500 | cos 0.5776 | thought 0.8401 dec_ce 1.6616 | 5.7 it/s
step  145550 | cos 0.5779 | thought 0.856 dec_ce 1.8097 | 5.3 it/s
step  145600 | cos 0.5733 | thought 0.8306 dec_ce 1.7026 | 5.5 it/s
step  145650 | cos 0.5748 | thought 0.8407 dec_ce 1.9291 | 5.5 it/s
step  145700 | cos 0.5774 | thought 0.7855 dec_ce 1.7123 | 5.5 it/s
step  145750 | cos 0.5696 | thought 0.8841 dec_ce 1.8921 | 5.4 it/s
step  145800 | cos 0.5773 | thought 0.8325 dec_ce 1.6203 | 5.5 it/s
step  145850 | cos 0.5800 | thought 0.8779 dec_ce 1.8008 | 5.4 it/s
step  145900 | cos 0.5764 | thought 0.8335 dec_ce 1.7844 | 5.6 it/s
step  145950 | cos 0.5777 | thought 0.8765 dec_ce 1.8075 | 5.6 it/s
step  146000 | cos 0.5762 | thought 0.8989 dec_ce 1.9423 | 5.5 it/s
step  146000 | VAL cos 0.5795 | VAL dec CE 3.4665
step  146050 | cos 0.5772 | thought 0.8739 dec_ce 1.8875 | 4.4 it/s
step  146100 | cos 0.5777 | thought 0.8726 dec_ce 1.784 | 5.5 it/s
step  146150 | cos 0.5751 | thought 0.8465 dec_ce 1.8706 | 5.5 it/s
step  146200 | cos 0.5782 | thought 0.8723 dec_ce 1.7771 | 5.5 it/s
step  146250 | cos 0.5750 | thought 0.8458 dec_ce 1.8557 | 5.5 it/s
step  146300 | cos 0.5757 | thought 0.8831 dec_ce 1.967 | 5.4 it/s
step  146350 | cos 0.5808 | thought 0.8281 dec_ce 1.8902 | 5.5 it/s
step  146400 | cos 0.5829 | thought 0.8707 dec_ce 1.8336 | 5.7 it/s
step  146450 | cos 0.5753 | thought 0.8192 dec_ce 1.753 | 5.6 it/s
step  146500 | cos 0.5782 | thought 0.8631 dec_ce 1.8178 | 5.4 it/s
step  146550 | cos 0.5749 | thought 0.8465 dec_ce 1.8558 | 5.4 it/s
step  146600 | cos 0.5771 | thought 0.8372 dec_ce 1.8695 | 5.6 it/s
step  146650 | cos 0.5748 | thought 0.7895 dec_ce 1.6363 | 5.5 it/s
step  146700 | cos 0.5824 | thought 0.7921 dec_ce 1.7146 | 5.5 it/s
step  146750 | cos 0.5803 | thought 0.8036 dec_ce 1.5933 | 5.4 it/s
step  146800 | cos 0.5761 | thought 0.8842 dec_ce 1.8401 | 5.7 it/s
step  146850 | cos 0.5791 | thought 0.8735 dec_ce 1.8372 | 5.7 it/s
step  146900 | cos 0.5768 | thought 0.8914 dec_ce 1.8441 | 5.6 it/s
step  146950 | cos 0.5798 | thought 0.8774 dec_ce 1.7922 | 5.5 it/s
step  147000 | cos 0.5763 | thought 0.9366 dec_ce 1.9867 | 5.5 it/s
step  147050 | cos 0.5769 | thought 0.9014 dec_ce 1.9547 | 5.4 it/s
step  147100 | cos 0.5800 | thought 0.8842 dec_ce 1.9125 | 5.7 it/s
step  147150 | cos 0.5794 | thought 0.7836 dec_ce 1.6461 | 5.5 it/s
step  147200 | cos 0.5761 | thought 0.8862 dec_ce 1.8449 | 5.5 it/s
step  147250 | cos 0.5779 | thought 0.8319 dec_ce 1.7444 | 5.5 it/s
step  147300 | cos 0.5753 | thought 0.8655 dec_ce 1.8237 | 5.5 it/s
step  147350 | cos 0.5791 | thought 0.8864 dec_ce 1.871 | 5.7 it/s
step  147400 | cos 0.5779 | thought 0.8639 dec_ce 1.8225 | 5.6 it/s
step  147450 | cos 0.5809 | thought 0.7949 dec_ce 1.7604 | 5.6 it/s
step  147500 | cos 0.5750 | thought 0.8486 dec_ce 1.6905 | 5.6 it/s
step  147550 | cos 0.5807 | thought 0.8793 dec_ce 1.8432 | 5.4 it/s
step  147600 | cos 0.5749 | thought 0.8889 dec_ce 1.7384 | 5.4 it/s
step  147650 | cos 0.5780 | thought 0.859 dec_ce 1.7972 | 5.3 it/s
step  147700 | cos 0.5800 | thought 0.9188 dec_ce 1.8565 | 5.5 it/s
step  147750 | cos 0.5813 | thought 0.8667 dec_ce 1.7637 | 5.5 it/s
step  147800 | cos 0.5791 | thought 0.8854 dec_ce 1.7406 | 5.5 it/s
step  147850 | cos 0.5773 | thought 0.9104 dec_ce 1.9796 | 5.6 it/s
step  147900 | cos 0.5774 | thought 0.8043 dec_ce 1.923 | 5.5 it/s
step  147950 | cos 0.5769 | thought 0.8729 dec_ce 1.8819 | 5.4 it/s
step  148000 | cos 0.5843 | thought 0.7989 dec_ce 1.7071 | 5.5 it/s
step  148000 | VAL cos 0.5806 | VAL dec CE 3.4571
step  148050 | cos 0.5773 | thought 0.8797 dec_ce 1.8213 | 4.4 it/s
step  148100 | cos 0.5806 | thought 0.8684 dec_ce 1.7658 | 5.4 it/s
step  148150 | cos 0.5717 | thought 0.8999 dec_ce 1.8243 | 5.6 it/s
step  148200 | cos 0.5817 | thought 0.8605 dec_ce 1.7131 | 5.4 it/s
step  148250 | cos 0.5779 | thought 0.864 dec_ce 1.7792 | 5.6 it/s
step  148300 | cos 0.5755 | thought 0.7827 dec_ce 1.7141 | 5.4 it/s
step  148350 | cos 0.5775 | thought 0.9146 dec_ce 1.891 | 5.6 it/s
step  148400 | cos 0.5781 | thought 0.8774 dec_ce 1.8155 | 5.5 it/s
step  148450 | cos 0.5736 | thought 0.8846 dec_ce 1.8436 | 5.6 it/s
step  148500 | cos 0.5742 | thought 0.8274 dec_ce 1.8218 | 5.6 it/s
step  148550 | cos 0.5832 | thought 0.8799 dec_ce 1.8181 | 5.5 it/s
step  148600 | cos 0.5785 | thought 0.8217 dec_ce 1.7076 | 5.6 it/s
step  148650 | cos 0.5805 | thought 0.8681 dec_ce 1.8012 | 5.5 it/s
step  148700 | cos 0.5758 | thought 0.8526 dec_ce 1.8134 | 5.5 it/s
step  148750 | cos 0.5792 | thought 0.8567 dec_ce 1.8114 | 5.5 it/s
step  148800 | cos 0.5793 | thought 0.8875 dec_ce 2.0394 | 5.6 it/s
step  148850 | cos 0.5822 | thought 0.8856 dec_ce 1.857 | 5.4 it/s
step  148900 | cos 0.5753 | thought 0.8653 dec_ce 1.8274 | 5.5 it/s
step  148950 | cos 0.5744 | thought 0.8339 dec_ce 1.763 | 5.5 it/s
step  149000 | cos 0.5802 | thought 0.8395 dec_ce 1.8235 | 5.7 it/s
step  149050 | cos 0.5803 | thought 0.898 dec_ce 1.8027 | 5.3 it/s
step  149100 | cos 0.5802 | thought 0.8759 dec_ce 1.7413 | 5.5 it/s
step  149150 | cos 0.5758 | thought 0.9227 dec_ce 1.9809 | 5.5 it/s
step  149200 | cos 0.5738 | thought 0.8489 dec_ce 1.7341 | 5.3 it/s
step  149250 | cos 0.5731 | thought 0.8625 dec_ce 1.6806 | 5.4 it/s
step  149300 | cos 0.5802 | thought 0.8598 dec_ce 1.7526 | 5.6 it/s
step  149350 | cos 0.5749 | thought 0.8423 dec_ce 1.7915 | 5.4 it/s
step  149400 | cos 0.5761 | thought 0.8746 dec_ce 1.8105 | 5.5 it/s
step  149450 | cos 0.5784 | thought 0.8567 dec_ce 1.7986 | 5.5 it/s
step  149500 | cos 0.5767 | thought 0.8628 dec_ce 1.7096 | 5.6 it/s
step  149550 | cos 0.5747 | thought 0.8477 dec_ce 1.7947 | 5.2 it/s
step  149600 | cos 0.5782 | thought 0.8874 dec_ce 1.8425 | 5.4 it/s
step  149650 | cos 0.5759 | thought 0.8012 dec_ce 1.7246 | 5.7 it/s
step  149700 | cos 0.5766 | thought 0.8054 dec_ce 1.5566 | 5.4 it/s
step  149750 | cos 0.5747 | thought 0.8304 dec_ce 1.7547 | 5.5 it/s
step  149800 | cos 0.5817 | thought 0.8811 dec_ce 1.8799 | 5.7 it/s
step  149850 | cos 0.5767 | thought 0.9051 dec_ce 1.8205 | 5.4 it/s
step  149900 | cos 0.5787 | thought 0.9023 dec_ce 1.8524 | 5.5 it/s
step  149950 | cos 0.5767 | thought 0.843 dec_ce 1.7927 | 5.6 it/s
step  150000 | cos 0.5778 | thought 0.8826 dec_ce 1.8015 | 5.6 it/s
step  150000 | VAL cos 0.5811 | VAL dec CE 3.4497
step  150050 | cos 0.5784 | thought 0.8277 dec_ce 1.7112 | 4.4 it/s
step  150100 | cos 0.5787 | thought 0.821 dec_ce 1.6347 | 5.5 it/s
step  150150 | cos 0.5807 | thought 0.8301 dec_ce 1.8226 | 5.7 it/s
step  150200 | cos 0.5813 | thought 0.9101 dec_ce 2.0125 | 5.5 it/s
step  150250 | cos 0.5795 | thought 0.8667 dec_ce 1.901 | 5.6 it/s
step  150300 | cos 0.5780 | thought 0.8618 dec_ce 1.7468 | 5.4 it/s
step  150350 | cos 0.5788 | thought 0.8887 dec_ce 1.9322 | 5.6 it/s
step  150400 | cos 0.5767 | thought 0.8125 dec_ce 1.6591 | 5.6 it/s
step  150450 | cos 0.5751 | thought 0.8454 dec_ce 1.7908 | 5.5 it/s
step  150500 | cos 0.5803 | thought 0.829 dec_ce 1.6126 | 5.5 it/s
step  150550 | cos 0.5771 | thought 0.9075 dec_ce 1.8739 | 5.3 it/s
step  150600 | cos 0.5764 | thought 0.8953 dec_ce 1.8304 | 5.6 it/s
step  150650 | cos 0.5751 | thought 0.8635 dec_ce 1.7124 | 5.4 it/s
step  150700 | cos 0.5802 | thought 0.8295 dec_ce 1.7708 | 5.6 it/s
step  150750 | cos 0.5775 | thought 0.8729 dec_ce 1.8082 | 5.5 it/s
step  150800 | cos 0.5787 | thought 0.8949 dec_ce 1.79 | 5.6 it/s
step  150850 | cos 0.5770 | thought 0.7775 dec_ce 1.651 | 5.5 it/s
step  150900 | cos 0.5787 | thought 0.8459 dec_ce 1.7556 | 5.5 it/s
step  150950 | cos 0.5751 | thought 0.8763 dec_ce 1.7671 | 5.6 it/s
step  151000 | cos 0.5781 | thought 0.8473 dec_ce 1.754 | 5.6 it/s
step  151050 | cos 0.5769 | thought 0.841 dec_ce 1.79 | 5.4 it/s
step  151100 | cos 0.5797 | thought 0.8738 dec_ce 1.7673 | 5.6 it/s
step  151150 | cos 0.5748 | thought 0.8664 dec_ce 1.7069 | 5.4 it/s
step  151200 | cos 0.5764 | thought 0.9137 dec_ce 1.8825 | 5.5 it/s
step  151250 | cos 0.5797 | thought 0.8589 dec_ce 1.6851 | 5.6 it/s
step  151300 | cos 0.5827 | thought 0.8827 dec_ce 1.8912 | 5.6 it/s
step  151350 | cos 0.5801 | thought 0.8831 dec_ce 1.8401 | 5.5 it/s
step  151400 | cos 0.5786 | thought 0.887 dec_ce 1.7867 | 5.5 it/s
step  151450 | cos 0.5779 | thought 0.858 dec_ce 1.8068 | 5.6 it/s
step  151500 | cos 0.5807 | thought 0.8119 dec_ce 1.7801 | 5.6 it/s
step  151550 | cos 0.5754 | thought 0.8828 dec_ce 1.8677 | 5.4 it/s
step  151600 | cos 0.5772 | thought 0.8819 dec_ce 1.8181 | 5.5 it/s
step  151650 | cos 0.5769 | thought 0.9387 dec_ce 1.9409 | 5.3 it/s
step  151700 | cos 0.5796 | thought 0.8497 dec_ce 1.7283 | 5.5 it/s
step  151750 | cos 0.5774 | thought 0.8558 dec_ce 1.8111 | 5.6 it/s
step  151800 | cos 0.5807 | thought 0.9265 dec_ce 1.8654 | 5.5 it/s
step  151850 | cos 0.5831 | thought 0.8355 dec_ce 1.7764 | 5.8 it/s
step  151900 | cos 0.5802 | thought 0.9029 dec_ce 1.8485 | 5.6 it/s
step  151950 | cos 0.5788 | thought 0.8579 dec_ce 1.7106 | 5.5 it/s
step  152000 | cos 0.5793 | thought 0.867 dec_ce 1.8216 | 5.4 it/s
step  152000 | VAL cos 0.5805 | VAL dec CE 3.4631
step  152050 | cos 0.5761 | thought 0.841 dec_ce 1.7096 | 4.5 it/s
step  152100 | cos 0.5771 | thought 0.8282 dec_ce 1.8005 | 5.4 it/s
step  152150 | cos 0.5797 | thought 0.8741 dec_ce 1.8905 | 5.5 it/s
step  152200 | cos 0.5775 | thought 0.8742 dec_ce 1.7527 | 5.5 it/s
step  152250 | cos 0.5796 | thought 0.8989 dec_ce 1.9334 | 5.6 it/s
step  152300 | cos 0.5762 | thought 0.8708 dec_ce 1.9112 | 5.6 it/s
step  152350 | cos 0.5809 | thought 0.8906 dec_ce 1.8565 | 5.5 it/s
step  152400 | cos 0.5766 | thought 0.8869 dec_ce 1.803 | 5.6 it/s
step  152450 | cos 0.5777 | thought 0.8915 dec_ce 1.8227 | 5.5 it/s
step  152500 | cos 0.5840 | thought 0.902 dec_ce 1.9166 | 5.6 it/s
step  152550 | cos 0.5778 | thought 0.8472 dec_ce 1.7273 | 5.4 it/s
step  152600 | cos 0.5783 | thought 0.9016 dec_ce 1.8725 | 5.7 it/s
step  152650 | cos 0.5782 | thought 0.8696 dec_ce 1.8544 | 5.6 it/s
step  152700 | cos 0.5778 | thought 0.8023 dec_ce 1.6048 | 5.5 it/s
step  152750 | cos 0.5770 | thought 0.8914 dec_ce 1.7906 | 5.5 it/s
step  152800 | cos 0.5761 | thought 0.8621 dec_ce 1.8902 | 5.6 it/s
step  152850 | cos 0.5812 | thought 0.7958 dec_ce 1.6868 | 5.6 it/s
step  152900 | cos 0.5823 | thought 0.9003 dec_ce 1.9803 | 5.5 it/s
step  152950 | cos 0.5790 | thought 0.8624 dec_ce 1.8521 | 5.6 it/s
step  153000 | cos 0.5798 | thought 0.8794 dec_ce 1.8363 | 5.5 it/s
step  153050 | cos 0.5771 | thought 0.8742 dec_ce 1.7977 | 5.3 it/s
step  153100 | cos 0.5792 | thought 0.8502 dec_ce 1.802 | 5.4 it/s
step  153150 | cos 0.5784 | thought 0.8161 dec_ce 1.6806 | 5.4 it/s
step  153200 | cos 0.5818 | thought 0.8362 dec_ce 1.7527 | 5.7 it/s
step  153250 | cos 0.5767 | thought 0.8549 dec_ce 1.822 | 5.5 it/s
step  153300 | cos 0.5760 | thought 0.944 dec_ce 2.0179 | 5.6 it/s
step  153350 | cos 0.5780 | thought 0.7864 dec_ce 1.6014 | 5.6 it/s
step  153400 | cos 0.5769 | thought 0.9305 dec_ce 1.9395 | 5.5 it/s
step  153450 | cos 0.5793 | thought 0.8595 dec_ce 1.7407 | 5.5 it/s
step  153500 | cos 0.5786 | thought 0.8085 dec_ce 1.6869 | 5.5 it/s
step  153550 | cos 0.5769 | thought 0.8492 dec_ce 1.7233 | 5.3 it/s
step  153600 | cos 0.5798 | thought 0.8811 dec_ce 1.8253 | 5.4 it/s
step  153650 | cos 0.5793 | thought 0.8367 dec_ce 1.7567 | 5.5 it/s
step  153700 | cos 0.5787 | thought 0.8655 dec_ce 1.8239 | 5.6 it/s
step  153750 | cos 0.5747 | thought 0.814 dec_ce 1.7761 | 5.4 it/s
step  153800 | cos 0.5831 | thought 0.8798 dec_ce 1.8705 | 5.4 it/s
step  153850 | cos 0.5838 | thought 0.8215 dec_ce 1.7275 | 5.5 it/s
step  153900 | cos 0.5762 | thought 0.9123 dec_ce 1.8566 | 5.5 it/s
step  153950 | cos 0.5796 | thought 0.8858 dec_ce 1.8223 | 5.6 it/s
step  154000 | cos 0.5756 | thought 0.8817 dec_ce 1.8268 | 5.5 it/s
step  154000 | VAL cos 0.5810 | VAL dec CE 3.4561
step  154050 | cos 0.5824 | thought 0.8418 dec_ce 1.6676 | 4.5 it/s
step  154100 | cos 0.5782 | thought 0.7893 dec_ce 1.6198 | 5.6 it/s
step  154150 | cos 0.5783 | thought 0.876 dec_ce 1.9028 | 5.5 it/s
step  154200 | cos 0.5793 | thought 0.9038 dec_ce 2.0372 | 5.4 it/s
step  154250 | cos 0.5789 | thought 0.8688 dec_ce 1.9035 | 5.6 it/s
step  154300 | cos 0.5783 | thought 0.8901 dec_ce 2.0179 | 5.5 it/s
step  154350 | cos 0.5773 | thought 0.8055 dec_ce 1.6884 | 5.5 it/s
step  154400 | cos 0.5769 | thought 0.8424 dec_ce 1.6353 | 5.6 it/s
step  154450 | cos 0.5815 | thought 0.924 dec_ce 1.9963 | 5.7 it/s
step  154500 | cos 0.5761 | thought 0.8857 dec_ce 1.8693 | 5.5 it/s
step  154550 | cos 0.5793 | thought 0.8978 dec_ce 1.8538 | 5.5 it/s
step  154600 | cos 0.5775 | thought 0.8589 dec_ce 1.8214 | 5.5 it/s
step  154650 | cos 0.5815 | thought 0.8421 dec_ce 1.8803 | 5.6 it/s
step  154700 | cos 0.5794 | thought 0.8556 dec_ce 1.886 | 5.5 it/s
step  154750 | cos 0.5769 | thought 0.8666 dec_ce 1.8433 | 5.6 it/s
step  154800 | cos 0.5770 | thought 0.8613 dec_ce 1.7843 | 5.5 it/s
step  154850 | cos 0.5771 | thought 0.8406 dec_ce 1.7322 | 5.5 it/s
step  154900 | cos 0.5828 | thought 0.912 dec_ce 1.808 | 5.5 it/s
step  154950 | cos 0.5781 | thought 0.8638 dec_ce 1.8095 | 5.5 it/s
step  155000 | cos 0.5788 | thought 0.8752 dec_ce 1.7822 | 5.5 it/s
step  155050 | cos 0.5787 | thought 0.8074 dec_ce 1.6618 | 5.2 it/s
step  155100 | cos 0.5805 | thought 0.8729 dec_ce 1.9491 | 5.5 it/s
step  155150 | cos 0.5790 | thought 0.8397 dec_ce 1.8095 | 5.4 it/s
step  155200 | cos 0.5809 | thought 0.8255 dec_ce 1.7957 | 5.5 it/s
step  155250 | cos 0.5781 | thought 0.8914 dec_ce 1.959 | 5.4 it/s
step  155300 | cos 0.5746 | thought 0.8552 dec_ce 1.7848 | 5.6 it/s
step  155350 | cos 0.5772 | thought 0.8312 dec_ce 1.6307 | 5.5 it/s
step  155400 | cos 0.5805 | thought 0.8378 dec_ce 1.8934 | 5.7 it/s
step  155450 | cos 0.5780 | thought 0.8109 dec_ce 1.8291 | 5.4 it/s
step  155500 | cos 0.5810 | thought 0.8118 dec_ce 1.7894 | 5.4 it/s
step  155550 | cos 0.5807 | thought 0.8481 dec_ce 1.7582 | 5.4 it/s
step  155600 | cos 0.5755 | thought 0.8441 dec_ce 1.8318 | 5.4 it/s
step  155650 | cos 0.5799 | thought 0.8571 dec_ce 1.6652 | 5.7 it/s
step  155700 | cos 0.5792 | thought 0.8448 dec_ce 1.7281 | 5.6 it/s
step  155750 | cos 0.5796 | thought 0.8161 dec_ce 1.7983 | 5.4 it/s
step  155800 | cos 0.5791 | thought 0.8634 dec_ce 1.786 | 5.7 it/s
step  155850 | cos 0.5795 | thought 0.8864 dec_ce 1.8979 | 5.5 it/s
step  155900 | cos 0.5794 | thought 0.8754 dec_ce 1.7627 | 5.7 it/s
step  155950 | cos 0.5728 | thought 0.9076 dec_ce 1.9289 | 5.4 it/s
step  156000 | cos 0.5807 | thought 0.8677 dec_ce 1.8833 | 5.5 it/s
step  156000 | VAL cos 0.5811 | VAL dec CE 3.4538
step  156050 | cos 0.5767 | thought 0.8594 dec_ce 1.8752 | 4.4 it/s
step  156100 | cos 0.5807 | thought 0.9166 dec_ce 1.9372 | 5.5 it/s
step  156150 | cos 0.5749 | thought 0.8328 dec_ce 1.8629 | 5.5 it/s
step  156200 | cos 0.5852 | thought 0.8449 dec_ce 1.7639 | 5.5 it/s
step  156250 | cos 0.5808 | thought 0.8519 dec_ce 1.8022 | 5.5 it/s
step  156300 | cos 0.5770 | thought 0.8967 dec_ce 1.8569 | 5.5 it/s
step  156350 | cos 0.5760 | thought 0.8859 dec_ce 1.7554 | 5.5 it/s
step  156400 | cos 0.5770 | thought 0.8034 dec_ce 1.7966 | 5.4 it/s
step  156450 | cos 0.5782 | thought 0.8743 dec_ce 1.7419 | 5.4 it/s
step  156500 | cos 0.5831 | thought 0.81 dec_ce 1.7605 | 5.6 it/s
step  156550 | cos 0.5814 | thought 0.8692 dec_ce 1.8016 | 5.4 it/s
step  156600 | cos 0.5722 | thought 0.9051 dec_ce 1.8545 | 5.5 it/s
step  156650 | cos 0.5777 | thought 0.8869 dec_ce 1.9946 | 5.7 it/s
step  156700 | cos 0.5818 | thought 0.8234 dec_ce 1.6702 | 5.4 it/s
step  156750 | cos 0.5740 | thought 0.9103 dec_ce 1.9064 | 5.6 it/s
step  156800 | cos 0.5808 | thought 0.8831 dec_ce 1.8451 | 5.4 it/s
step  156850 | cos 0.5790 | thought 0.8135 dec_ce 1.6565 | 5.6 it/s
step  156900 | cos 0.5777 | thought 0.8351 dec_ce 1.7668 | 5.6 it/s
step  156950 | cos 0.5745 | thought 0.8912 dec_ce 1.8611 | 5.5 it/s
step  157000 | cos 0.5756 | thought 0.841 dec_ce 1.7266 | 5.3 it/s
step  157050 | cos 0.5786 | thought 0.8955 dec_ce 1.7909 | 5.5 it/s
step  157100 | cos 0.5855 | thought 0.8408 dec_ce 1.5966 | 5.6 it/s
step  157150 | cos 0.5786 | thought 0.8547 dec_ce 1.726 | 5.6 it/s
step  157200 | cos 0.5809 | thought 0.8465 dec_ce 1.7059 | 5.5 it/s
step  157250 | cos 0.5802 | thought 0.8414 dec_ce 1.7914 | 5.5 it/s
step  157300 | cos 0.5769 | thought 0.8457 dec_ce 1.7419 | 5.4 it/s
step  157350 | cos 0.5781 | thought 0.8675 dec_ce 1.8209 | 5.5 it/s
step  157400 | cos 0.5755 | thought 0.8411 dec_ce 1.7198 | 5.5 it/s
step  157450 | cos 0.5796 | thought 0.8262 dec_ce 1.7444 | 5.4 it/s
step  157500 | cos 0.5778 | thought 0.9419 dec_ce 1.8875 | 5.5 it/s
step  157550 | cos 0.5792 | thought 0.8471 dec_ce 1.6887 | 5.3 it/s
step  157600 | cos 0.5795 | thought 0.848 dec_ce 1.8558 | 5.5 it/s
step  157650 | cos 0.5784 | thought 0.8577 dec_ce 1.857 | 5.4 it/s
step  157700 | cos 0.5788 | thought 0.862 dec_ce 1.8064 | 5.6 it/s
step  157750 | cos 0.5769 | thought 0.868 dec_ce 1.7565 | 5.6 it/s
step  157800 | cos 0.5773 | thought 0.8238 dec_ce 1.7252 | 5.6 it/s
step  157850 | cos 0.5769 | thought 0.9026 dec_ce 1.8104 | 5.6 it/s
step  157900 | cos 0.5838 | thought 0.8292 dec_ce 1.6487 | 5.7 it/s
step  157950 | cos 0.5786 | thought 0.875 dec_ce 1.8428 | 5.6 it/s
step  158000 | cos 0.5758 | thought 0.8336 dec_ce 1.7289 | 5.5 it/s
step  158000 | VAL cos 0.5811 | VAL dec CE 3.4480
step  158050 | cos 0.5805 | thought 0.8695 dec_ce 1.791 | 4.4 it/s
step  158100 | cos 0.5827 | thought 0.8857 dec_ce 1.8019 | 5.6 it/s
step  158150 | cos 0.5813 | thought 0.8891 dec_ce 1.8166 | 5.5 it/s
step  158200 | cos 0.5789 | thought 0.8749 dec_ce 1.9178 | 5.5 it/s
step  158250 | cos 0.5807 | thought 0.8444 dec_ce 1.8108 | 5.6 it/s
step  158300 | cos 0.5781 | thought 0.9001 dec_ce 1.8571 | 5.6 it/s
step  158350 | cos 0.5763 | thought 0.8122 dec_ce 1.6743 | 5.5 it/s
step  158400 | cos 0.5786 | thought 0.8408 dec_ce 1.6886 | 5.5 it/s
step  158450 | cos 0.5831 | thought 0.8603 dec_ce 1.7343 | 5.5 it/s
step  158500 | cos 0.5755 | thought 0.8858 dec_ce 1.9882 | 5.5 it/s
step  158550 | cos 0.5808 | thought 0.8184 dec_ce 1.698 | 5.3 it/s
step  158600 | cos 0.5812 | thought 0.8299 dec_ce 1.7842 | 5.4 it/s
step  158650 | cos 0.5733 | thought 0.8358 dec_ce 1.73 | 5.4 it/s
step  158700 | cos 0.5810 | thought 0.8887 dec_ce 1.8178 | 5.3 it/s
step  158750 | cos 0.5813 | thought 0.8426 dec_ce 1.6526 | 5.6 it/s
step  158800 | cos 0.5779 | thought 0.9165 dec_ce 1.9174 | 5.5 it/s
step  158850 | cos 0.5805 | thought 0.8906 dec_ce 1.9002 | 5.5 it/s
step  158900 | cos 0.5780 | thought 0.8768 dec_ce 1.801 | 5.4 it/s
step  158950 | cos 0.5800 | thought 0.889 dec_ce 1.8381 | 5.6 it/s
step  159000 | cos 0.5803 | thought 0.8787 dec_ce 1.8842 | 5.7 it/s
step  159050 | cos 0.5803 | thought 0.8101 dec_ce 1.7358 | 5.3 it/s
step  159100 | cos 0.5779 | thought 0.8117 dec_ce 1.701 | 5.5 it/s
step  159150 | cos 0.5778 | thought 0.8893 dec_ce 1.7892 | 5.6 it/s
step  159200 | cos 0.5794 | thought 0.8595 dec_ce 1.7215 | 5.5 it/s
step  159250 | cos 0.5814 | thought 0.8723 dec_ce 1.7216 | 5.6 it/s
step  159300 | cos 0.5828 | thought 0.9153 dec_ce 1.9406 | 5.6 it/s
step  159350 | cos 0.5795 | thought 0.9288 dec_ce 1.8823 | 5.6 it/s
step  159400 | cos 0.5795 | thought 0.891 dec_ce 1.8294 | 5.6 it/s
step  159450 | cos 0.5758 | thought 0.8735 dec_ce 1.8506 | 5.4 it/s
step  159500 | cos 0.5773 | thought 0.8787 dec_ce 1.7031 | 5.4 it/s
step  159550 | cos 0.5761 | thought 0.8568 dec_ce 1.9115 | 5.3 it/s
step  159600 | cos 0.5804 | thought 0.8812 dec_ce 1.7432 | 5.6 it/s
step  159650 | cos 0.5785 | thought 0.8727 dec_ce 1.746 | 5.4 it/s
step  159700 | cos 0.5759 | thought 0.8705 dec_ce 1.7762 | 5.3 it/s
step  159750 | cos 0.5786 | thought 0.8874 dec_ce 1.8758 | 5.5 it/s
step  159800 | cos 0.5797 | thought 0.8816 dec_ce 1.8416 | 5.5 it/s
step  159850 | cos 0.5803 | thought 0.8387 dec_ce 1.7712 | 5.5 it/s
step  159900 | cos 0.5774 | thought 0.8103 dec_ce 1.6237 | 5.5 it/s
step  159950 | cos 0.5811 | thought 0.8383 dec_ce 1.8106 | 5.4 it/s
step  160000 | cos 0.5846 | thought 0.8593 dec_ce 1.684 | 5.5 it/s
step  160000 | VAL cos 0.5814 | VAL dec CE 3.4436
step  160050 | cos 0.5762 | thought 0.8123 dec_ce 1.72 | 4.3 it/s
step  160100 | cos 0.5823 | thought 0.8721 dec_ce 1.8186 | 5.5 it/s
step  160150 | cos 0.5765 | thought 0.9044 dec_ce 1.7988 | 5.5 it/s
step  160200 | cos 0.5800 | thought 0.8391 dec_ce 1.8592 | 5.3 it/s
step  160250 | cos 0.5818 | thought 0.8423 dec_ce 1.7201 | 5.6 it/s
step  160300 | cos 0.5796 | thought 0.875 dec_ce 1.8742 | 5.5 it/s
step  160350 | cos 0.5771 | thought 0.8329 dec_ce 1.8126 | 5.7 it/s
step  160400 | cos 0.5785 | thought 0.8356 dec_ce 1.642 | 5.6 it/s
step  160450 | cos 0.5806 | thought 0.908 dec_ce 1.919 | 5.5 it/s
step  160500 | cos 0.5766 | thought 0.8539 dec_ce 1.852 | 5.4 it/s
step  160550 | cos 0.5842 | thought 0.8609 dec_ce 1.8703 | 5.5 it/s
step  160600 | cos 0.5775 | thought 0.8424 dec_ce 1.7343 | 5.6 it/s
step  160650 | cos 0.5820 | thought 0.8486 dec_ce 1.7737 | 5.6 it/s
step  160700 | cos 0.5801 | thought 0.8455 dec_ce 1.7601 | 5.6 it/s
step  160750 | cos 0.5791 | thought 0.8636 dec_ce 1.7204 | 5.4 it/s
step  160800 | cos 0.5761 | thought 0.8664 dec_ce 1.8062 | 5.4 it/s
step  160850 | cos 0.5831 | thought 0.843 dec_ce 1.7447 | 5.5 it/s
step  160900 | cos 0.5788 | thought 0.8408 dec_ce 1.729 | 5.6 it/s
step  160950 | cos 0.5794 | thought 0.808 dec_ce 1.6862 | 5.5 it/s
step  161000 | cos 0.5816 | thought 0.8263 dec_ce 1.7839 | 5.5 it/s
step  161050 | cos 0.5794 | thought 0.868 dec_ce 1.7133 | 5.4 it/s
step  161100 | cos 0.5829 | thought 0.8309 dec_ce 1.8 | 5.6 it/s
step  161150 | cos 0.5782 | thought 0.8734 dec_ce 1.7662 | 5.5 it/s
step  161200 | cos 0.5800 | thought 0.7893 dec_ce 1.5024 | 5.5 it/s
step  161250 | cos 0.5779 | thought 0.8145 dec_ce 1.7917 | 5.6 it/s
step  161300 | cos 0.5776 | thought 0.9084 dec_ce 1.8988 | 5.6 it/s
step  161350 | cos 0.5784 | thought 0.8736 dec_ce 1.726 | 5.5 it/s
step  161400 | cos 0.5805 | thought 0.8971 dec_ce 1.8589 | 5.6 it/s
step  161450 | cos 0.5762 | thought 0.8948 dec_ce 1.8598 | 5.7 it/s
step  161500 | cos 0.5757 | thought 0.8851 dec_ce 1.8763 | 5.5 it/s
step  161550 | cos 0.5794 | thought 0.841 dec_ce 1.7213 | 5.2 it/s
step  161600 | cos 0.5803 | thought 0.8241 dec_ce 1.7358 | 5.5 it/s
step  161650 | cos 0.5757 | thought 0.8775 dec_ce 1.7849 | 5.4 it/s
step  161700 | cos 0.5803 | thought 0.8575 dec_ce 1.7987 | 5.5 it/s
step  161750 | cos 0.5777 | thought 0.8653 dec_ce 1.8277 | 5.7 it/s
step  161800 | cos 0.5778 | thought 0.8253 dec_ce 1.7111 | 5.6 it/s
step  161850 | cos 0.5781 | thought 0.8466 dec_ce 1.7878 | 5.6 it/s
step  161900 | cos 0.5782 | thought 0.8226 dec_ce 1.7664 | 5.5 it/s
step  161950 | cos 0.5843 | thought 0.8893 dec_ce 1.9441 | 5.6 it/s
step  162000 | cos 0.5808 | thought 0.8421 dec_ce 1.7654 | 5.5 it/s
step  162000 | VAL cos 0.5809 | VAL dec CE 3.4427
step  162050 | cos 0.5773 | thought 0.7797 dec_ce 1.7618 | 4.3 it/s
step  162100 | cos 0.5797 | thought 0.8304 dec_ce 1.7959 | 5.5 it/s
step  162150 | cos 0.5809 | thought 0.8439 dec_ce 1.8045 | 5.7 it/s
step  162200 | cos 0.5795 | thought 0.8475 dec_ce 1.823 | 5.6 it/s
step  162250 | cos 0.5815 | thought 0.8599 dec_ce 1.8511 | 5.5 it/s
step  162300 | cos 0.5769 | thought 0.8544 dec_ce 1.6862 | 5.4 it/s
step  162350 | cos 0.5805 | thought 0.7946 dec_ce 1.5202 | 5.5 it/s
step  162400 | cos 0.5764 | thought 0.8869 dec_ce 1.785 | 5.6 it/s
step  162450 | cos 0.5768 | thought 0.8267 dec_ce 1.8205 | 5.4 it/s
step  162500 | cos 0.5778 | thought 0.9035 dec_ce 1.8558 | 5.6 it/s
step  162550 | cos 0.5779 | thought 0.8754 dec_ce 1.7196 | 5.3 it/s
step  162600 | cos 0.5774 | thought 0.8471 dec_ce 1.7519 | 5.5 it/s
step  162650 | cos 0.5810 | thought 0.8655 dec_ce 1.8324 | 5.5 it/s
step  162700 | cos 0.5786 | thought 0.8489 dec_ce 1.7611 | 5.5 it/s
step  162750 | cos 0.5796 | thought 0.863 dec_ce 1.7632 | 5.5 it/s
step  162800 | cos 0.5794 | thought 0.8507 dec_ce 1.7932 | 5.5 it/s
step  162850 | cos 0.5757 | thought 0.7971 dec_ce 1.6178 | 5.6 it/s
step  162900 | cos 0.5783 | thought 0.8071 dec_ce 1.7162 | 5.5 it/s
step  162950 | cos 0.5762 | thought 0.8801 dec_ce 1.9022 | 5.4 it/s
step  163000 | cos 0.5784 | thought 0.8429 dec_ce 1.7172 | 5.5 it/s
step  163050 | cos 0.5793 | thought 0.8959 dec_ce 1.8325 | 5.4 it/s
step  163100 | cos 0.5789 | thought 0.8004 dec_ce 1.6236 | 5.5 it/s
step  163150 | cos 0.5784 | thought 0.8896 dec_ce 1.9198 | 5.4 it/s
step  163200 | cos 0.5782 | thought 0.8806 dec_ce 1.9245 | 5.6 it/s
step  163250 | cos 0.5815 | thought 0.8447 dec_ce 1.8708 | 5.5 it/s
step  163300 | cos 0.5806 | thought 0.8708 dec_ce 1.7831 | 5.6 it/s
step  163350 | cos 0.5803 | thought 0.88 dec_ce 1.8567 | 5.7 it/s
step  163400 | cos 0.5776 | thought 0.8801 dec_ce 1.8093 | 5.5 it/s
step  163450 | cos 0.5801 | thought 0.8784 dec_ce 1.8318 | 5.5 it/s
step  163500 | cos 0.5762 | thought 0.909 dec_ce 1.749 | 5.4 it/s
step  163550 | cos 0.5797 | thought 0.8708 dec_ce 1.6738 | 5.3 it/s
step  163600 | cos 0.5787 | thought 0.8745 dec_ce 1.7963 | 5.5 it/s
step  163650 | cos 0.5780 | thought 0.8445 dec_ce 1.6891 | 5.5 it/s
step  163700 | cos 0.5770 | thought 0.8438 dec_ce 1.761 | 5.7 it/s
step  163750 | cos 0.5800 | thought 0.8558 dec_ce 1.7361 | 5.5 it/s
step  163800 | cos 0.5797 | thought 0.8531 dec_ce 1.8218 | 5.6 it/s
step  163850 | cos 0.5786 | thought 0.871 dec_ce 1.7805 | 5.5 it/s
step  163900 | cos 0.5807 | thought 0.8928 dec_ce 1.8354 | 5.6 it/s
step  163950 | cos 0.5787 | thought 0.8085 dec_ce 1.7885 | 5.4 it/s
step  164000 | cos 0.5770 | thought 0.9039 dec_ce 1.8612 | 5.5 it/s
step  164000 | VAL cos 0.5812 | VAL dec CE 3.4443
step  164050 | cos 0.5792 | thought 0.8263 dec_ce 1.8098 | 4.5 it/s
step  164100 | cos 0.5800 | thought 0.8386 dec_ce 1.9152 | 5.4 it/s
step  164150 | cos 0.5769 | thought 0.8595 dec_ce 1.6615 | 5.7 it/s
step  164200 | cos 0.5799 | thought 0.8306 dec_ce 1.7278 | 5.5 it/s
step  164250 | cos 0.5762 | thought 0.878 dec_ce 1.8431 | 5.5 it/s
step  164300 | cos 0.5793 | thought 0.8365 dec_ce 1.8567 | 5.4 it/s
step  164350 | cos 0.5798 | thought 0.8708 dec_ce 1.8129 | 5.6 it/s
step  164400 | cos 0.5775 | thought 0.8323 dec_ce 1.7536 | 5.4 it/s
step  164450 | cos 0.5774 | thought 0.8662 dec_ce 1.8273 | 5.5 it/s
step  164500 | cos 0.5795 | thought 0.8748 dec_ce 2.0024 | 5.4 it/s
step  164550 | cos 0.5816 | thought 0.8723 dec_ce 1.8775 | 5.4 it/s
step  164600 | cos 0.5841 | thought 0.853 dec_ce 1.8616 | 5.5 it/s
step  164650 | cos 0.5784 | thought 0.7824 dec_ce 1.6365 | 5.4 it/s
step  164700 | cos 0.5781 | thought 0.8542 dec_ce 1.8272 | 5.4 it/s
step  164750 | cos 0.5739 | thought 0.8601 dec_ce 1.6801 | 5.5 it/s
step  164800 | cos 0.5789 | thought 0.7957 dec_ce 1.701 | 5.6 it/s
step  164850 | cos 0.5786 | thought 0.8443 dec_ce 1.6835 | 5.5 it/s
step  164900 | cos 0.5828 | thought 0.8479 dec_ce 1.8199 | 5.5 it/s
step  164950 | cos 0.5786 | thought 0.8441 dec_ce 1.9039 | 5.5 it/s
step  165000 | cos 0.5804 | thought 0.9005 dec_ce 1.8995 | 5.6 it/s
step  165050 | cos 0.5774 | thought 0.848 dec_ce 1.6841 | 5.3 it/s
step  165100 | cos 0.5832 | thought 0.8272 dec_ce 1.8393 | 5.6 it/s
step  165150 | cos 0.5805 | thought 0.8817 dec_ce 1.8311 | 5.6 it/s
step  165200 | cos 0.5812 | thought 0.8435 dec_ce 1.7784 | 5.5 it/s
step  165250 | cos 0.5820 | thought 0.8299 dec_ce 1.7262 | 5.5 it/s
step  165300 | cos 0.5751 | thought 0.9088 dec_ce 1.8926 | 5.5 it/s
step  165350 | cos 0.5798 | thought 0.8837 dec_ce 1.809 | 5.6 it/s
step  165400 | cos 0.5758 | thought 0.8761 dec_ce 1.8907 | 5.5 it/s
step  165450 | cos 0.5806 | thought 0.9414 dec_ce 1.9282 | 5.7 it/s
step  165500 | cos 0.5813 | thought 0.8978 dec_ce 1.9888 | 5.3 it/s
step  165550 | cos 0.5747 | thought 0.9151 dec_ce 1.8934 | 5.3 it/s
step  165600 | cos 0.5803 | thought 0.8401 dec_ce 1.8472 | 5.6 it/s
step  165650 | cos 0.5815 | thought 0.7797 dec_ce 1.5764 | 5.5 it/s
step  165700 | cos 0.5794 | thought 0.8223 dec_ce 1.6845 | 5.6 it/s
step  165750 | cos 0.5792 | thought 0.8638 dec_ce 1.7358 | 5.6 it/s
step  165800 | cos 0.5771 | thought 0.8367 dec_ce 1.7363 | 5.4 it/s
step  165850 | cos 0.5779 | thought 0.8527 dec_ce 1.8114 | 5.5 it/s
step  165900 | cos 0.5808 | thought 0.8445 dec_ce 1.8019 | 5.4 it/s
step  165950 | cos 0.5780 | thought 0.8425 dec_ce 1.6978 | 5.6 it/s
step  166000 | cos 0.5808 | thought 0.9149 dec_ce 1.9001 | 5.7 it/s
step  166000 | VAL cos 0.5813 | VAL dec CE 3.4460
step  166050 | cos 0.5800 | thought 0.8582 dec_ce 1.8886 | 4.4 it/s
step  166100 | cos 0.5764 | thought 0.8833 dec_ce 1.8998 | 5.4 it/s
step  166150 | cos 0.5832 | thought 0.8808 dec_ce 1.8659 | 5.7 it/s
step  166200 | cos 0.5817 | thought 0.9178 dec_ce 1.9472 | 5.4 it/s
step  166250 | cos 0.5767 | thought 0.8964 dec_ce 1.9166 | 5.5 it/s
step  166300 | cos 0.5852 | thought 0.864 dec_ce 1.8184 | 5.7 it/s
step  166350 | cos 0.5781 | thought 0.8256 dec_ce 1.7394 | 5.5 it/s
step  166400 | cos 0.5789 | thought 0.8476 dec_ce 1.8163 | 5.5 it/s
step  166450 | cos 0.5808 | thought 0.8659 dec_ce 1.8362 | 5.7 it/s
step  166500 | cos 0.5804 | thought 0.8592 dec_ce 1.7224 | 5.6 it/s
step  166550 | cos 0.5773 | thought 0.8765 dec_ce 1.7688 | 5.5 it/s
step  166600 | cos 0.5786 | thought 0.8384 dec_ce 1.8567 | 5.5 it/s
step  166650 | cos 0.5785 | thought 0.8924 dec_ce 1.8081 | 5.6 it/s
step  166700 | cos 0.5822 | thought 0.886 dec_ce 1.9106 | 5.6 it/s
step  166750 | cos 0.5773 | thought 0.8926 dec_ce 1.7543 | 5.4 it/s
step  166800 | cos 0.5816 | thought 0.8948 dec_ce 1.8832 | 5.5 it/s
step  166850 | cos 0.5812 | thought 0.8971 dec_ce 1.809 | 5.5 it/s
step  166900 | cos 0.5788 | thought 0.8555 dec_ce 1.7919 | 5.5 it/s
step  166950 | cos 0.5795 | thought 0.8675 dec_ce 1.754 | 5.4 it/s
step  167000 | cos 0.5809 | thought 0.8436 dec_ce 1.7513 | 5.5 it/s
step  167050 | cos 0.5771 | thought 0.8789 dec_ce 1.9863 | 5.4 it/s
step  167100 | cos 0.5786 | thought 0.9122 dec_ce 1.9227 | 5.4 it/s
step  167150 | cos 0.5780 | thought 0.8927 dec_ce 1.7585 | 5.6 it/s
step  167200 | cos 0.5792 | thought 0.8394 dec_ce 1.7934 | 5.7 it/s
step  167250 | cos 0.5835 | thought 0.8876 dec_ce 1.9032 | 5.5 it/s
step  167300 | cos 0.5802 | thought 0.8554 dec_ce 1.8103 | 5.5 it/s
step  167350 | cos 0.5774 | thought 0.8741 dec_ce 1.8724 | 5.5 it/s
step  167400 | cos 0.5804 | thought 0.8879 dec_ce 1.8494 | 5.5 it/s
step  167450 | cos 0.5741 | thought 0.8192 dec_ce 1.7198 | 5.5 it/s
step  167500 | cos 0.5804 | thought 0.8702 dec_ce 1.7703 | 5.5 it/s
step  167550 | cos 0.5813 | thought 0.7875 dec_ce 1.5753 | 5.4 it/s
step  167600 | cos 0.5837 | thought 0.843 dec_ce 1.8238 | 5.5 it/s
step  167650 | cos 0.5787 | thought 0.8905 dec_ce 1.8563 | 5.6 it/s
step  167700 | cos 0.5738 | thought 0.8704 dec_ce 1.8743 | 5.5 it/s
step  167750 | cos 0.5773 | thought 0.8242 dec_ce 1.6936 | 5.4 it/s
step  167800 | cos 0.5814 | thought 0.8644 dec_ce 1.7526 | 5.6 it/s
step  167850 | cos 0.5777 | thought 0.8779 dec_ce 1.8709 | 5.5 it/s
step  167900 | cos 0.5766 | thought 0.873 dec_ce 1.7916 | 5.5 it/s
step  167950 | cos 0.5771 | thought 0.8446 dec_ce 1.8808 | 5.5 it/s
step  168000 | cos 0.5794 | thought 0.8846 dec_ce 1.9009 | 5.6 it/s
step  168000 | VAL cos 0.5819 | VAL dec CE 3.4446
step  168050 | cos 0.5804 | thought 0.847 dec_ce 1.8037 | 4.5 it/s
step  168100 | cos 0.5776 | thought 0.8453 dec_ce 1.6887 | 5.6 it/s
step  168150 | cos 0.5827 | thought 0.8793 dec_ce 2.0052 | 5.5 it/s
step  168200 | cos 0.5776 | thought 0.8978 dec_ce 1.8739 | 5.3 it/s
step  168250 | cos 0.5747 | thought 0.8376 dec_ce 1.7114 | 5.5 it/s
step  168300 | cos 0.5759 | thought 0.85 dec_ce 1.69 | 5.5 it/s
step  168350 | cos 0.5802 | thought 0.8448 dec_ce 1.814 | 5.5 it/s
step  168400 | cos 0.5787 | thought 0.8841 dec_ce 1.8658 | 5.6 it/s
step  168450 | cos 0.5785 | thought 0.813 dec_ce 1.7548 | 5.5 it/s
step  168500 | cos 0.5755 | thought 0.8856 dec_ce 1.7994 | 5.4 it/s
step  168550 | cos 0.5802 | thought 0.8187 dec_ce 1.6908 | 5.5 it/s
step  168600 | cos 0.5829 | thought 0.8564 dec_ce 1.799 | 5.5 it/s
step  168650 | cos 0.5802 | thought 0.8527 dec_ce 1.8115 | 5.5 it/s
step  168700 | cos 0.5806 | thought 0.8782 dec_ce 1.9351 | 5.5 it/s
step  168750 | cos 0.5846 | thought 0.8665 dec_ce 1.7821 | 5.7 it/s
step  168800 | cos 0.5782 | thought 0.9051 dec_ce 1.7898 | 5.4 it/s
step  168850 | cos 0.5781 | thought 0.8619 dec_ce 1.7386 | 5.5 it/s
step  168900 | cos 0.5800 | thought 0.8213 dec_ce 1.7384 | 5.5 it/s
step  168950 | cos 0.5820 | thought 0.8942 dec_ce 1.9148 | 5.6 it/s
step  169000 | cos 0.5817 | thought 0.8712 dec_ce 1.7901 | 5.6 it/s
step  169050 | cos 0.5781 | thought 0.8526 dec_ce 1.8161 | 5.4 it/s
step  169100 | cos 0.5783 | thought 0.8769 dec_ce 1.7779 | 5.4 it/s
step  169150 | cos 0.5805 | thought 0.8521 dec_ce 1.7911 | 5.5 it/s
step  169200 | cos 0.5806 | thought 0.8375 dec_ce 1.8185 | 5.5 it/s
step  169250 | cos 0.5822 | thought 0.8505 dec_ce 1.702 | 5.6 it/s
step  169300 | cos 0.5803 | thought 0.904 dec_ce 2.1096 | 5.3 it/s
step  169350 | cos 0.5793 | thought 0.8666 dec_ce 1.9021 | 5.4 it/s
step  169400 | cos 0.5796 | thought 0.8422 dec_ce 1.819 | 5.5 it/s
step  169450 | cos 0.5778 | thought 0.8736 dec_ce 1.7835 | 5.4 it/s
step  169500 | cos 0.5766 | thought 0.8379 dec_ce 1.688 | 5.4 it/s
step  169550 | cos 0.5847 | thought 0.8589 dec_ce 1.8486 | 5.4 it/s
step  169600 | cos 0.5794 | thought 0.879 dec_ce 1.9182 | 5.6 it/s
step  169650 | cos 0.5786 | thought 0.8763 dec_ce 1.8186 | 5.5 it/s
step  169700 | cos 0.5793 | thought 0.8406 dec_ce 1.6582 | 5.4 it/s
step  169750 | cos 0.5862 | thought 0.814 dec_ce 1.6424 | 5.6 it/s
step  169800 | cos 0.5801 | thought 0.8271 dec_ce 1.7219 | 5.6 it/s
step  169850 | cos 0.5800 | thought 0.8965 dec_ce 1.7482 | 5.5 it/s
step  169900 | cos 0.5807 | thought 0.8381 dec_ce 1.8331 | 5.5 it/s
step  169950 | cos 0.5804 | thought 0.8312 dec_ce 1.7971 | 5.7 it/s
step  170000 | cos 0.5787 | thought 0.8103 dec_ce 1.7324 | 5.5 it/s
step  170000 | VAL cos 0.5814 | VAL dec CE 3.4436
step  170050 | cos 0.5817 | thought 0.8283 dec_ce 1.6886 | 4.3 it/s
step  170100 | cos 0.5801 | thought 0.8706 dec_ce 1.9051 | 5.7 it/s
step  170150 | cos 0.5806 | thought 0.8692 dec_ce 1.7208 | 5.5 it/s
step  170200 | cos 0.5777 | thought 0.8241 dec_ce 1.676 | 5.6 it/s
step  170250 | cos 0.5791 | thought 0.8676 dec_ce 1.7911 | 5.6 it/s
step  170300 | cos 0.5829 | thought 0.8578 dec_ce 1.854 | 5.6 it/s
step  170350 | cos 0.5822 | thought 0.9023 dec_ce 1.9453 | 5.8 it/s
step  170400 | cos 0.5783 | thought 0.8952 dec_ce 1.8149 | 5.5 it/s
step  170450 | cos 0.5763 | thought 0.8978 dec_ce 1.8883 | 5.5 it/s
step  170500 | cos 0.5795 | thought 0.818 dec_ce 1.7051 | 5.6 it/s
step  170550 | cos 0.5801 | thought 0.9116 dec_ce 1.8036 | 5.4 it/s
step  170600 | cos 0.5835 | thought 0.8206 dec_ce 1.7265 | 5.5 it/s
step  170650 | cos 0.5789 | thought 0.8761 dec_ce 1.8956 | 5.4 it/s
step  170700 | cos 0.5802 | thought 0.8483 dec_ce 1.8227 | 5.7 it/s
step  170750 | cos 0.5823 | thought 0.8612 dec_ce 1.789 | 5.6 it/s
step  170800 | cos 0.5811 | thought 0.8673 dec_ce 1.68 | 5.6 it/s
step  170850 | cos 0.5815 | thought 0.8691 dec_ce 1.7686 | 5.6 it/s
step  170900 | cos 0.5807 | thought 0.8918 dec_ce 1.8395 | 5.6 it/s
step  170950 | cos 0.5835 | thought 0.8736 dec_ce 1.7357 | 5.5 it/s
step  171000 | cos 0.5792 | thought 0.865 dec_ce 1.8845 | 5.5 it/s
step  171050 | cos 0.5820 | thought 0.8488 dec_ce 1.7146 | 5.3 it/s
step  171100 | cos 0.5833 | thought 0.8049 dec_ce 1.6764 | 5.5 it/s
step  171150 | cos 0.5778 | thought 0.8421 dec_ce 1.7018 | 5.4 it/s
step  171200 | cos 0.5803 | thought 0.8557 dec_ce 1.8238 | 5.6 it/s
step  171250 | cos 0.5748 | thought 0.791 dec_ce 1.7357 | 5.6 it/s
step  171300 | cos 0.5816 | thought 0.8541 dec_ce 1.7767 | 5.5 it/s
step  171350 | cos 0.5794 | thought 0.8929 dec_ce 1.85 | 5.4 it/s
step  171400 | cos 0.5814 | thought 0.8404 dec_ce 1.7434 | 5.8 it/s
step  171450 | cos 0.5772 | thought 0.8232 dec_ce 1.6416 | 5.4 it/s
step  171500 | cos 0.5782 | thought 0.8198 dec_ce 1.8089 | 5.5 it/s
step  171550 | cos 0.5788 | thought 0.8082 dec_ce 1.7907 | 5.3 it/s
step  171600 | cos 0.5832 | thought 0.8999 dec_ce 1.8404 | 5.7 it/s
step  171650 | cos 0.5764 | thought 0.8312 dec_ce 1.6666 | 5.4 it/s
step  171700 | cos 0.5808 | thought 0.7965 dec_ce 1.7377 | 5.6 it/s
step  171750 | cos 0.5797 | thought 0.8697 dec_ce 1.9397 | 5.3 it/s
step  171800 | cos 0.5781 | thought 0.8822 dec_ce 1.8375 | 5.3 it/s
step  171850 | cos 0.5821 | thought 0.8378 dec_ce 1.772 | 5.3 it/s
step  171900 | cos 0.5787 | thought 0.8549 dec_ce 1.8524 | 5.2 it/s
step  171950 | cos 0.5785 | thought 0.866 dec_ce 1.8918 | 5.3 it/s
step  172000 | cos 0.5858 | thought 0.8904 dec_ce 1.958 | 5.3 it/s
step  172000 | VAL cos 0.5814 | VAL dec CE 3.4396
step  172050 | cos 0.5834 | thought 0.8491 dec_ce 1.6801 | 4.2 it/s
step  172100 | cos 0.5778 | thought 0.8448 dec_ce 1.7832 | 5.3 it/s
step  172150 | cos 0.5799 | thought 0.8434 dec_ce 1.753 | 5.2 it/s
step  172200 | cos 0.5817 | thought 0.8848 dec_ce 1.8122 | 5.5 it/s
step  172250 | cos 0.5800 | thought 0.8638 dec_ce 1.7506 | 5.3 it/s
step  172300 | cos 0.5775 | thought 0.8271 dec_ce 1.7272 | 5.4 it/s
step  172350 | cos 0.5772 | thought 0.824 dec_ce 1.6926 | 5.3 it/s
step  172400 | cos 0.5778 | thought 0.9139 dec_ce 1.8064 | 5.3 it/s
step  172450 | cos 0.5823 | thought 0.864 dec_ce 1.8554 | 5.4 it/s
step  172500 | cos 0.5853 | thought 0.8898 dec_ce 1.8845 | 5.4 it/s
step  172550 | cos 0.5820 | thought 0.8552 dec_ce 1.7705 | 5.1 it/s
step  172600 | cos 0.5773 | thought 0.9297 dec_ce 1.8974 | 5.4 it/s
step  172650 | cos 0.5796 | thought 0.8959 dec_ce 1.9006 | 5.2 it/s
step  172700 | cos 0.5809 | thought 0.7903 dec_ce 1.6997 | 5.3 it/s
step  172750 | cos 0.5763 | thought 0.8719 dec_ce 1.9087 | 5.3 it/s
step  172800 | cos 0.5777 | thought 0.9056 dec_ce 1.8274 | 5.3 it/s
step  172850 | cos 0.5785 | thought 0.9076 dec_ce 1.9129 | 5.3 it/s
step  172900 | cos 0.5826 | thought 0.8817 dec_ce 1.8256 | 5.3 it/s
step  172950 | cos 0.5796 | thought 0.8065 dec_ce 1.7005 | 5.3 it/s
step  173000 | cos 0.5754 | thought 0.8392 dec_ce 1.6626 | 5.3 it/s
step  173050 | cos 0.5749 | thought 0.8171 dec_ce 1.6244 | 5.2 it/s
step  173100 | cos 0.5820 | thought 0.8452 dec_ce 1.7571 | 5.3 it/s
step  173150 | cos 0.5818 | thought 0.824 dec_ce 1.7745 | 5.3 it/s
step  173200 | cos 0.5796 | thought 0.8633 dec_ce 1.6902 | 5.3 it/s
step  173250 | cos 0.5791 | thought 0.9156 dec_ce 2.034 | 5.3 it/s
step  173300 | cos 0.5747 | thought 0.8598 dec_ce 1.9193 | 5.5 it/s
step  173350 | cos 0.5829 | thought 0.8188 dec_ce 1.7285 | 5.4 it/s
step  173400 | cos 0.5768 | thought 0.8632 dec_ce 1.8567 | 5.2 it/s
step  173450 | cos 0.5777 | thought 0.8922 dec_ce 1.7966 | 5.4 it/s
step  173500 | cos 0.5820 | thought 0.7948 dec_ce 1.6765 | 5.3 it/s
step  173550 | cos 0.5794 | thought 0.8819 dec_ce 1.9155 | 5.2 it/s
step  173600 | cos 0.5827 | thought 0.8851 dec_ce 1.8148 | 5.5 it/s
step  173650 | cos 0.5822 | thought 0.8308 dec_ce 1.7686 | 5.5 it/s
step  173700 | cos 0.5792 | thought 0.8747 dec_ce 1.9625 | 5.4 it/s
step  173750 | cos 0.5774 | thought 0.8768 dec_ce 1.8781 | 5.2 it/s
step  173800 | cos 0.5795 | thought 0.8536 dec_ce 1.7898 | 5.3 it/s
step  173850 | cos 0.5763 | thought 0.8157 dec_ce 1.7845 | 5.1 it/s
step  173900 | cos 0.5788 | thought 0.8377 dec_ce 1.6373 | 5.3 it/s
step  173950 | cos 0.5795 | thought 0.9184 dec_ce 1.9201 | 5.3 it/s
step  174000 | cos 0.5763 | thought 0.8526 dec_ce 1.7372 | 5.1 it/s
step  174000 | VAL cos 0.5822 | VAL dec CE 3.4423
step  174050 | cos 0.5755 | thought 0.8315 dec_ce 1.6887 | 4.2 it/s
step  174100 | cos 0.5821 | thought 0.8804 dec_ce 1.7935 | 5.4 it/s
step  174150 | cos 0.5819 | thought 0.7786 dec_ce 1.654 | 5.4 it/s
step  174200 | cos 0.5807 | thought 0.9001 dec_ce 1.7849 | 5.2 it/s
step  174250 | cos 0.5788 | thought 0.8243 dec_ce 1.6927 | 5.4 it/s
step  174300 | cos 0.5785 | thought 0.8892 dec_ce 1.9013 | 5.2 it/s
step  174350 | cos 0.5758 | thought 0.8781 dec_ce 1.8013 | 5.2 it/s
step  174400 | cos 0.5814 | thought 0.8774 dec_ce 1.7298 | 5.3 it/s
step  174450 | cos 0.5797 | thought 0.8704 dec_ce 1.7833 | 5.2 it/s
step  174500 | cos 0.5811 | thought 0.8317 dec_ce 1.7187 | 5.2 it/s
step  174550 | cos 0.5791 | thought 0.8415 dec_ce 1.8814 | 5.1 it/s
step  174600 | cos 0.5792 | thought 0.8082 dec_ce 1.7706 | 5.2 it/s
step  174650 | cos 0.5814 | thought 0.8607 dec_ce 1.8147 | 5.3 it/s
step  174700 | cos 0.5820 | thought 0.8928 dec_ce 1.7244 | 5.2 it/s
step  174750 | cos 0.5755 | thought 0.8965 dec_ce 1.9104 | 5.1 it/s
step  174800 | cos 0.5824 | thought 0.8462 dec_ce 1.8148 | 5.3 it/s
step  174850 | cos 0.5779 | thought 0.7994 dec_ce 1.7211 | 5.3 it/s
step  174900 | cos 0.5766 | thought 0.8668 dec_ce 1.8242 | 5.3 it/s
step  174950 | cos 0.5818 | thought 0.8863 dec_ce 1.9037 | 5.4 it/s
step  175000 | cos 0.5829 | thought 0.857 dec_ce 1.8524 | 5.2 it/s
step  175050 | cos 0.5806 | thought 0.8425 dec_ce 1.7311 | 5.0 it/s
step  175100 | cos 0.5814 | thought 0.8509 dec_ce 1.8527 | 5.3 it/s
step  175150 | cos 0.5792 | thought 0.8025 dec_ce 1.7458 | 5.3 it/s
step  175200 | cos 0.5798 | thought 0.9179 dec_ce 1.9575 | 5.3 it/s
step  175250 | cos 0.5792 | thought 0.8998 dec_ce 1.7913 | 5.2 it/s
step  175300 | cos 0.5806 | thought 0.8624 dec_ce 1.7276 | 5.3 it/s
step  175350 | cos 0.5805 | thought 0.8298 dec_ce 1.7462 | 5.3 it/s
step  175400 | cos 0.5844 | thought 0.8959 dec_ce 1.9025 | 5.5 it/s
step  175450 | cos 0.5819 | thought 0.8089 dec_ce 1.7301 | 5.4 it/s
step  175500 | cos 0.5805 | thought 0.8835 dec_ce 1.8126 | 5.6 it/s
step  175550 | cos 0.5809 | thought 0.8719 dec_ce 1.9242 | 5.4 it/s
step  175600 | cos 0.5800 | thought 0.8962 dec_ce 1.8343 | 5.5 it/s
step  175650 | cos 0.5821 | thought 0.8436 dec_ce 1.9125 | 5.6 it/s
step  175700 | cos 0.5799 | thought 0.9137 dec_ce 1.8508 | 5.5 it/s
step  175750 | cos 0.5786 | thought 0.9288 dec_ce 1.9115 | 5.3 it/s
step  175800 | cos 0.5773 | thought 0.8767 dec_ce 1.8784 | 5.4 it/s
step  175850 | cos 0.5805 | thought 0.8806 dec_ce 1.9484 | 5.5 it/s
step  175900 | cos 0.5796 | thought 0.8929 dec_ce 1.8325 | 5.7 it/s
step  175950 | cos 0.5809 | thought 0.8644 dec_ce 1.8986 | 5.5 it/s
step  176000 | cos 0.5780 | thought 0.8586 dec_ce 1.8321 | 5.5 it/s
step  176000 | VAL cos 0.5825 | VAL dec CE 3.4369
step  176050 | cos 0.5840 | thought 0.8698 dec_ce 1.7504 | 4.4 it/s
step  176100 | cos 0.5774 | thought 0.9043 dec_ce 1.9215 | 5.6 it/s
step  176150 | cos 0.5806 | thought 0.77 dec_ce 1.6097 | 5.4 it/s
step  176200 | cos 0.5829 | thought 0.8869 dec_ce 1.913 | 5.6 it/s
step  176250 | cos 0.5817 | thought 0.8599 dec_ce 1.7858 | 5.3 it/s
step  176300 | cos 0.5798 | thought 0.8409 dec_ce 1.8583 | 5.3 it/s
step  176350 | cos 0.5828 | thought 0.8442 dec_ce 1.7814 | 5.5 it/s
step  176400 | cos 0.5782 | thought 0.8309 dec_ce 1.7429 | 5.4 it/s
step  176450 | cos 0.5767 | thought 0.874 dec_ce 1.8051 | 5.4 it/s
step  176500 | cos 0.5783 | thought 0.8661 dec_ce 1.7944 | 5.5 it/s
step  176550 | cos 0.5787 | thought 0.8438 dec_ce 1.8028 | 5.3 it/s
step  176600 | cos 0.5813 | thought 0.9243 dec_ce 1.851 | 5.6 it/s
step  176650 | cos 0.5763 | thought 0.8919 dec_ce 1.8559 | 5.4 it/s
step  176700 | cos 0.5808 | thought 0.9102 dec_ce 1.889 | 5.4 it/s
step  176750 | cos 0.5745 | thought 0.8363 dec_ce 1.7067 | 5.3 it/s
step  176800 | cos 0.5761 | thought 0.8484 dec_ce 1.8459 | 5.4 it/s
step  176850 | cos 0.5828 | thought 0.802 dec_ce 1.6514 | 5.3 it/s
step  176900 | cos 0.5818 | thought 0.7996 dec_ce 1.6424 | 5.5 it/s
step  176950 | cos 0.5808 | thought 0.8505 dec_ce 1.8306 | 5.4 it/s
step  177000 | cos 0.5813 | thought 0.8635 dec_ce 1.7973 | 5.5 it/s
step  177050 | cos 0.5792 | thought 0.8473 dec_ce 1.7101 | 5.4 it/s
step  177100 | cos 0.5810 | thought 0.9076 dec_ce 1.8787 | 5.5 it/s
step  177150 | cos 0.5815 | thought 0.8803 dec_ce 1.7903 | 5.5 it/s
step  177200 | cos 0.5824 | thought 0.8914 dec_ce 2.0164 | 5.6 it/s
step  177250 | cos 0.5750 | thought 0.8603 dec_ce 1.8718 | 5.4 it/s
step  177300 | cos 0.5793 | thought 0.8775 dec_ce 1.9155 | 5.2 it/s
step  177350 | cos 0.5806 | thought 0.8236 dec_ce 1.6002 | 5.5 it/s
step  177400 | cos 0.5799 | thought 0.8684 dec_ce 1.9065 | 5.4 it/s
step  177450 | cos 0.5787 | thought 0.892 dec_ce 1.9121 | 5.3 it/s
step  177500 | cos 0.5779 | thought 0.9056 dec_ce 1.8747 | 5.2 it/s
step  177550 | cos 0.5831 | thought 0.8703 dec_ce 1.7658 | 5.2 it/s
step  177600 | cos 0.5784 | thought 0.8039 dec_ce 1.7517 | 5.2 it/s
step  177650 | cos 0.5806 | thought 0.8628 dec_ce 1.9141 | 5.2 it/s
step  177700 | cos 0.5784 | thought 0.8779 dec_ce 1.7739 | 5.3 it/s
step  177750 | cos 0.5782 | thought 0.856 dec_ce 1.8259 | 5.4 it/s
step  177800 | cos 0.5833 | thought 0.8477 dec_ce 1.7996 | 5.4 it/s
step  177850 | cos 0.5828 | thought 0.8408 dec_ce 1.857 | 5.4 it/s
step  177900 | cos 0.5773 | thought 0.8971 dec_ce 1.8725 | 5.3 it/s
step  177950 | cos 0.5805 | thought 0.885 dec_ce 1.8486 | 5.4 it/s
step  178000 | cos 0.5790 | thought 0.7919 dec_ce 1.67 | 5.4 it/s
step  178000 | VAL cos 0.5821 | VAL dec CE 3.4292
step  178050 | cos 0.5800 | thought 0.9014 dec_ce 2.0492 | 4.3 it/s
step  178100 | cos 0.5815 | thought 0.8775 dec_ce 1.8351 | 5.5 it/s
step  178150 | cos 0.5807 | thought 0.8483 dec_ce 1.7394 | 5.3 it/s
step  178200 | cos 0.5787 | thought 0.8928 dec_ce 1.9724 | 5.4 it/s
step  178250 | cos 0.5807 | thought 0.916 dec_ce 1.93 | 5.3 it/s
step  178300 | cos 0.5798 | thought 0.8633 dec_ce 1.8102 | 5.3 it/s
step  178350 | cos 0.5790 | thought 0.8027 dec_ce 1.6691 | 5.5 it/s
step  178400 | cos 0.5849 | thought 0.8539 dec_ce 1.7906 | 5.5 it/s
step  178450 | cos 0.5777 | thought 0.8296 dec_ce 1.7 | 5.5 it/s
step  178500 | cos 0.5772 | thought 0.8488 dec_ce 1.6868 | 5.4 it/s
step  178550 | cos 0.5778 | thought 0.8592 dec_ce 1.7597 | 5.4 it/s
step  178600 | cos 0.5763 | thought 0.8262 dec_ce 1.7223 | 5.3 it/s
step  178650 | cos 0.5831 | thought 0.8422 dec_ce 1.7822 | 5.3 it/s
step  178700 | cos 0.5806 | thought 0.847 dec_ce 1.7785 | 5.5 it/s
step  178750 | cos 0.5806 | thought 0.8553 dec_ce 1.7454 | 5.3 it/s
step  178800 | cos 0.5798 | thought 0.8385 dec_ce 1.6531 | 5.3 it/s
step  178850 | cos 0.5828 | thought 0.8757 dec_ce 1.86 | 5.4 it/s
step  178900 | cos 0.5801 | thought 0.8323 dec_ce 1.8749 | 5.2 it/s
step  178950 | cos 0.5745 | thought 0.889 dec_ce 1.8809 | 5.4 it/s
step  179000 | cos 0.5818 | thought 0.8937 dec_ce 1.8753 | 5.4 it/s
step  179050 | cos 0.5809 | thought 0.8678 dec_ce 1.7922 | 5.3 it/s
step  179100 | cos 0.5809 | thought 0.8359 dec_ce 1.8456 | 5.3 it/s
step  179150 | cos 0.5813 | thought 0.807 dec_ce 1.7842 | 5.5 it/s
step  179200 | cos 0.5808 | thought 0.8525 dec_ce 1.8592 | 5.4 it/s
step  179250 | cos 0.5777 | thought 0.8248 dec_ce 1.7412 | 5.5 it/s
step  179300 | cos 0.5772 | thought 0.8641 dec_ce 1.7784 | 5.5 it/s
step  179350 | cos 0.5844 | thought 0.8857 dec_ce 1.802 | 5.3 it/s
step  179400 | cos 0.5770 | thought 0.8787 dec_ce 1.7184 | 5.4 it/s
step  179450 | cos 0.5825 | thought 0.8629 dec_ce 1.7609 | 5.4 it/s
step  179500 | cos 0.5810 | thought 0.8449 dec_ce 1.7369 | 5.5 it/s
step  179550 | cos 0.5814 | thought 0.9246 dec_ce 1.9753 | 5.3 it/s
step  179600 | cos 0.5812 | thought 0.8565 dec_ce 1.7622 | 5.6 it/s
step  179650 | cos 0.5818 | thought 0.8383 dec_ce 1.7419 | 5.4 it/s
step  179700 | cos 0.5831 | thought 0.8832 dec_ce 1.7643 | 5.2 it/s
step  179750 | cos 0.5797 | thought 0.8411 dec_ce 1.6833 | 5.4 it/s
step  179800 | cos 0.5815 | thought 0.8606 dec_ce 1.8705 | 5.4 it/s
step  179850 | cos 0.5783 | thought 0.8105 dec_ce 1.5787 | 5.4 it/s
step  179900 | cos 0.5803 | thought 0.8745 dec_ce 1.8289 | 5.5 it/s
step  179950 | cos 0.5755 | thought 0.8692 dec_ce 1.7903 | 5.4 it/s
step  180000 | cos 0.5798 | thought 0.8539 dec_ce 1.6898 | 5.3 it/s
step  180000 | VAL cos 0.5822 | VAL dec CE 3.4327
step  180050 | cos 0.5832 | thought 0.8542 dec_ce 1.8633 | 4.2 it/s
step  180100 | cos 0.5842 | thought 0.9382 dec_ce 1.8933 | 5.5 it/s
step  180150 | cos 0.5787 | thought 0.884 dec_ce 1.8819 | 5.5 it/s
step  180200 | cos 0.5840 | thought 0.8626 dec_ce 1.724 | 5.4 it/s
step  180250 | cos 0.5879 | thought 0.8997 dec_ce 1.9972 | 5.5 it/s
step  180300 | cos 0.5807 | thought 0.8771 dec_ce 1.8114 | 5.4 it/s
step  180350 | cos 0.5815 | thought 0.8222 dec_ce 1.7006 | 5.4 it/s
step  180400 | cos 0.5817 | thought 0.8199 dec_ce 1.7204 | 5.3 it/s
step  180450 | cos 0.5794 | thought 0.8732 dec_ce 1.6978 | 5.4 it/s
step  180500 | cos 0.5853 | thought 0.8362 dec_ce 1.6711 | 5.6 it/s
step  180550 | cos 0.5857 | thought 0.8333 dec_ce 1.7295 | 5.2 it/s
step  180600 | cos 0.5811 | thought 0.8318 dec_ce 1.8221 | 5.5 it/s
step  180650 | cos 0.5818 | thought 0.8423 dec_ce 1.6773 | 5.3 it/s
step  180700 | cos 0.5812 | thought 0.862 dec_ce 1.7252 | 5.5 it/s
step  180750 | cos 0.5810 | thought 0.8551 dec_ce 1.7418 | 5.4 it/s
step  180800 | cos 0.5819 | thought 0.8669 dec_ce 1.8748 | 5.5 it/s
step  180850 | cos 0.5808 | thought 0.8326 dec_ce 1.8356 | 5.4 it/s
step  180900 | cos 0.5864 | thought 0.7859 dec_ce 1.6656 | 5.3 it/s
step  180950 | cos 0.5825 | thought 0.8657 dec_ce 1.8012 | 5.5 it/s
step  181000 | cos 0.5839 | thought 0.8434 dec_ce 1.7725 | 5.4 it/s
step  181050 | cos 0.5833 | thought 0.8544 dec_ce 1.726 | 5.3 it/s
step  181100 | cos 0.5815 | thought 0.8945 dec_ce 1.8253 | 5.6 it/s
step  181150 | cos 0.5839 | thought 0.8485 dec_ce 1.7186 | 5.5 it/s
step  181200 | cos 0.5803 | thought 0.8437 dec_ce 1.7031 | 5.6 it/s
step  181250 | cos 0.5850 | thought 0.8421 dec_ce 1.7225 | 5.4 it/s
step  181300 | cos 0.5819 | thought 0.7742 dec_ce 1.6118 | 5.4 it/s
step  181350 | cos 0.5789 | thought 0.8174 dec_ce 1.6186 | 5.6 it/s
step  181400 | cos 0.5833 | thought 0.8406 dec_ce 1.8723 | 5.6 it/s
step  181450 | cos 0.5792 | thought 0.8229 dec_ce 1.6751 | 5.5 it/s
step  181500 | cos 0.5778 | thought 0.9039 dec_ce 1.8738 | 5.5 it/s
step  181550 | cos 0.5839 | thought 0.8943 dec_ce 1.8593 | 5.3 it/s
step  181600 | cos 0.5829 | thought 0.832 dec_ce 1.7277 | 5.3 it/s
step  181650 | cos 0.5778 | thought 0.8928 dec_ce 1.9211 | 5.5 it/s
step  181700 | cos 0.5852 | thought 0.8326 dec_ce 1.786 | 5.6 it/s
step  181750 | cos 0.5832 | thought 0.8364 dec_ce 1.7458 | 5.7 it/s
step  181800 | cos 0.5836 | thought 0.8378 dec_ce 1.7079 | 5.6 it/s
step  181850 | cos 0.5871 | thought 0.8761 dec_ce 1.7828 | 5.5 it/s
step  181900 | cos 0.5881 | thought 0.9105 dec_ce 1.8609 | 5.6 it/s
step  181950 | cos 0.5790 | thought 0.8399 dec_ce 1.7837 | 5.5 it/s
step  182000 | cos 0.5793 | thought 0.8521 dec_ce 1.7613 | 5.5 it/s
step  182000 | VAL cos 0.5832 | VAL dec CE 3.4336
step  182050 | cos 0.5869 | thought 0.8738 dec_ce 1.823 | 4.3 it/s
step  182100 | cos 0.5826 | thought 0.8557 dec_ce 1.7494 | 5.6 it/s
step  182150 | cos 0.5834 | thought 0.8282 dec_ce 1.6848 | 5.4 it/s
step  182200 | cos 0.5793 | thought 0.8815 dec_ce 1.837 | 5.6 it/s
step  182250 | cos 0.5832 | thought 0.8703 dec_ce 1.8137 | 5.5 it/s
step  182300 | cos 0.5833 | thought 0.8395 dec_ce 1.7996 | 5.5 it/s
step  182350 | cos 0.5819 | thought 0.8807 dec_ce 1.962 | 5.4 it/s
step  182400 | cos 0.5789 | thought 0.8692 dec_ce 1.8788 | 5.4 it/s
step  182450 | cos 0.5815 | thought 0.8624 dec_ce 1.7548 | 5.5 it/s
step  182500 | cos 0.5805 | thought 0.833 dec_ce 1.7332 | 5.5 it/s
step  182550 | cos 0.5826 | thought 0.8248 dec_ce 1.677 | 5.3 it/s
step  182600 | cos 0.5835 | thought 0.845 dec_ce 1.8783 | 5.5 it/s
step  182650 | cos 0.5823 | thought 0.8667 dec_ce 1.753 | 5.4 it/s
step  182700 | cos 0.5830 | thought 0.83 dec_ce 1.7477 | 5.2 it/s
step  182750 | cos 0.5822 | thought 0.8935 dec_ce 1.8413 | 5.7 it/s
step  182800 | cos 0.5798 | thought 0.8309 dec_ce 1.7843 | 5.6 it/s
step  182850 | cos 0.5814 | thought 0.8212 dec_ce 1.7032 | 5.4 it/s
step  182900 | cos 0.5818 | thought 0.8803 dec_ce 1.9494 | 5.5 it/s
step  182950 | cos 0.5850 | thought 0.7991 dec_ce 1.6697 | 5.5 it/s
step  183000 | cos 0.5832 | thought 0.8776 dec_ce 1.8159 | 5.4 it/s
step  183050 | cos 0.5806 | thought 0.8742 dec_ce 1.9247 | 5.3 it/s
step  183100 | cos 0.5856 | thought 0.9056 dec_ce 1.9312 | 5.4 it/s
step  183150 | cos 0.5801 | thought 0.8798 dec_ce 1.8801 | 5.4 it/s
step  183200 | cos 0.5814 | thought 0.8571 dec_ce 1.8263 | 5.5 it/s
step  183250 | cos 0.5818 | thought 0.8628 dec_ce 1.7176 | 5.4 it/s
step  183300 | cos 0.5812 | thought 0.8765 dec_ce 1.8182 | 5.6 it/s
step  183350 | cos 0.5817 | thought 0.8461 dec_ce 1.6719 | 5.4 it/s
step  183400 | cos 0.5807 | thought 0.8736 dec_ce 1.8019 | 5.5 it/s
step  183450 | cos 0.5835 | thought 0.8872 dec_ce 1.8273 | 5.5 it/s
step  183500 | cos 0.5843 | thought 0.8595 dec_ce 1.8307 | 5.5 it/s
step  183550 | cos 0.5838 | thought 0.8674 dec_ce 1.8429 | 5.3 it/s
step  183600 | cos 0.5814 | thought 0.8759 dec_ce 1.7345 | 5.3 it/s
step  183650 | cos 0.5839 | thought 0.8954 dec_ce 1.9385 | 5.5 it/s
step  183700 | cos 0.5805 | thought 0.8525 dec_ce 1.7075 | 5.6 it/s
step  183750 | cos 0.5827 | thought 0.8694 dec_ce 1.7766 | 5.5 it/s
step  183800 | cos 0.5826 | thought 0.8378 dec_ce 1.721 | 5.5 it/s
step  183850 | cos 0.5800 | thought 0.9155 dec_ce 1.9258 | 5.3 it/s
step  183900 | cos 0.5829 | thought 0.865 dec_ce 1.7422 | 5.4 it/s
step  183950 | cos 0.5836 | thought 0.8413 dec_ce 1.8594 | 5.4 it/s
step  184000 | cos 0.5823 | thought 0.8737 dec_ce 1.9124 | 5.3 it/s
step  184000 | VAL cos 0.5823 | VAL dec CE 3.4345
step  184050 | cos 0.5871 | thought 0.8502 dec_ce 1.7783 | 4.3 it/s
step  184100 | cos 0.5834 | thought 0.8325 dec_ce 1.8122 | 5.4 it/s
step  184150 | cos 0.5804 | thought 0.8445 dec_ce 1.8852 | 5.6 it/s
step  184200 | cos 0.5802 | thought 0.8651 dec_ce 1.8845 | 5.3 it/s
step  184250 | cos 0.5824 | thought 0.8172 dec_ce 1.6963 | 5.6 it/s
step  184300 | cos 0.5819 | thought 0.8415 dec_ce 1.8331 | 5.6 it/s
step  184350 | cos 0.5824 | thought 0.8625 dec_ce 1.7353 | 5.5 it/s
step  184400 | cos 0.5817 | thought 0.8774 dec_ce 1.8345 | 5.4 it/s
step  184450 | cos 0.5861 | thought 0.8882 dec_ce 1.8483 | 5.5 it/s
step  184500 | cos 0.5875 | thought 0.8375 dec_ce 1.8526 | 5.6 it/s
step  184550 | cos 0.5824 | thought 0.8761 dec_ce 1.9239 | 5.3 it/s
step  184600 | cos 0.5862 | thought 0.8708 dec_ce 1.7833 | 5.6 it/s
step  184650 | cos 0.5860 | thought 0.8311 dec_ce 1.8212 | 5.5 it/s
step  184700 | cos 0.5856 | thought 0.8838 dec_ce 1.8529 | 5.5 it/s
step  184750 | cos 0.5828 | thought 0.9429 dec_ce 1.9032 | 5.5 it/s
step  184800 | cos 0.5814 | thought 0.8213 dec_ce 1.8814 | 5.5 it/s
step  184850 | cos 0.5864 | thought 0.8374 dec_ce 1.6455 | 5.5 it/s
step  184900 | cos 0.5835 | thought 0.8813 dec_ce 1.8124 | 5.3 it/s
step  184950 | cos 0.5823 | thought 0.8414 dec_ce 1.6979 | 5.3 it/s
step  185000 | cos 0.5833 | thought 0.8258 dec_ce 1.6404 | 5.4 it/s
step  185050 | cos 0.5820 | thought 0.8691 dec_ce 1.7816 | 5.0 it/s
step  185100 | cos 0.5811 | thought 0.8714 dec_ce 1.8407 | 5.4 it/s
step  185150 | cos 0.5812 | thought 0.8861 dec_ce 1.8245 | 5.4 it/s
step  185200 | cos 0.5809 | thought 0.8899 dec_ce 1.9203 | 5.2 it/s
step  185250 | cos 0.5824 | thought 0.8168 dec_ce 1.724 | 5.3 it/s
step  185300 | cos 0.5824 | thought 0.75 dec_ce 1.5913 | 5.3 it/s
step  185350 | cos 0.5818 | thought 0.8806 dec_ce 1.81 | 5.3 it/s
step  185400 | cos 0.5846 | thought 0.892 dec_ce 1.838 | 5.2 it/s
step  185450 | cos 0.5853 | thought 0.8485 dec_ce 1.6853 | 5.3 it/s
step  185500 | cos 0.5811 | thought 0.8229 dec_ce 1.7273 | 5.3 it/s
step  185550 | cos 0.5812 | thought 0.8354 dec_ce 1.6631 | 5.0 it/s
step  185600 | cos 0.5853 | thought 0.7938 dec_ce 1.8004 | 5.4 it/s
step  185650 | cos 0.5831 | thought 0.9069 dec_ce 1.8197 | 5.2 it/s
step  185700 | cos 0.5803 | thought 0.8471 dec_ce 1.7749 | 5.2 it/s
step  185750 | cos 0.5810 | thought 0.8882 dec_ce 1.8185 | 5.2 it/s
step  185800 | cos 0.5823 | thought 0.8619 dec_ce 1.8032 | 5.2 it/s
step  185850 | cos 0.5804 | thought 0.8601 dec_ce 1.742 | 5.3 it/s
step  185900 | cos 0.5807 | thought 0.8497 dec_ce 1.706 | 5.2 it/s
step  185950 | cos 0.5790 | thought 0.8767 dec_ce 1.7264 | 5.4 it/s
step  186000 | cos 0.5830 | thought 0.8158 dec_ce 1.7109 | 5.3 it/s
step  186000 | VAL cos 0.5821 | VAL dec CE 3.4362
step  186050 | cos 0.5823 | thought 0.7999 dec_ce 1.6694 | 4.3 it/s
step  186100 | cos 0.5850 | thought 0.8679 dec_ce 1.7611 | 5.5 it/s
step  186150 | cos 0.5813 | thought 0.8576 dec_ce 1.8132 | 5.4 it/s
step  186200 | cos 0.5838 | thought 0.8062 dec_ce 1.6549 | 5.4 it/s
step  186250 | cos 0.5833 | thought 0.8894 dec_ce 1.8249 | 5.3 it/s
step  186300 | cos 0.5839 | thought 0.8873 dec_ce 1.8767 | 5.4 it/s
step  186350 | cos 0.5785 | thought 0.8362 dec_ce 1.7325 | 5.3 it/s
step  186400 | cos 0.5771 | thought 0.8713 dec_ce 1.8343 | 5.3 it/s
step  186450 | cos 0.5835 | thought 0.8443 dec_ce 1.8029 | 5.3 it/s
step  186500 | cos 0.5840 | thought 0.8036 dec_ce 1.7091 | 5.3 it/s
step  186550 | cos 0.5804 | thought 0.9054 dec_ce 1.8733 | 5.3 it/s
step  186600 | cos 0.5854 | thought 0.8239 dec_ce 1.6621 | 5.4 it/s
step  186650 | cos 0.5814 | thought 0.8517 dec_ce 1.939 | 5.4 it/s
step  186700 | cos 0.5812 | thought 0.8454 dec_ce 1.772 | 5.3 it/s
step  186750 | cos 0.5830 | thought 0.8294 dec_ce 1.7625 | 5.3 it/s
step  186800 | cos 0.5820 | thought 0.8507 dec_ce 1.8067 | 5.3 it/s
step  186850 | cos 0.5830 | thought 0.8957 dec_ce 1.8248 | 5.5 it/s
step  186900 | cos 0.5833 | thought 0.853 dec_ce 1.8386 | 5.5 it/s
step  186950 | cos 0.5826 | thought 0.8784 dec_ce 1.8683 | 5.4 it/s
step  187000 | cos 0.5818 | thought 0.8865 dec_ce 1.7649 | 5.4 it/s
step  187050 | cos 0.5795 | thought 0.8126 dec_ce 1.6848 | 5.3 it/s
step  187100 | cos 0.5810 | thought 0.8644 dec_ce 1.806 | 5.4 it/s
step  187150 | cos 0.5793 | thought 0.8832 dec_ce 1.8814 | 5.4 it/s
step  187200 | cos 0.5817 | thought 0.8605 dec_ce 1.8024 | 5.3 it/s
step  187250 | cos 0.5796 | thought 0.7972 dec_ce 1.6524 | 5.4 it/s
step  187300 | cos 0.5843 | thought 0.8256 dec_ce 1.6697 | 5.4 it/s
step  187350 | cos 0.5843 | thought 0.8137 dec_ce 1.7883 | 5.4 it/s
step  187400 | cos 0.5838 | thought 0.9086 dec_ce 1.8188 | 5.3 it/s
step  187450 | cos 0.5810 | thought 0.8531 dec_ce 1.6598 | 5.3 it/s
step  187500 | cos 0.5850 | thought 0.8574 dec_ce 1.7191 | 5.4 it/s
step  187550 | cos 0.5801 | thought 0.8586 dec_ce 1.7539 | 5.2 it/s
step  187600 | cos 0.5841 | thought 0.8562 dec_ce 1.7898 | 5.5 it/s
step  187650 | cos 0.5807 | thought 0.8503 dec_ce 1.8033 | 5.3 it/s
step  187700 | cos 0.5829 | thought 0.8359 dec_ce 1.815 | 5.4 it/s
step  187750 | cos 0.5820 | thought 0.8241 dec_ce 1.7697 | 5.3 it/s
step  187800 | cos 0.5789 | thought 0.8819 dec_ce 1.7937 | 5.2 it/s
step  187850 | cos 0.5821 | thought 0.8212 dec_ce 1.7416 | 5.5 it/s
step  187900 | cos 0.5807 | thought 0.8414 dec_ce 1.7194 | 5.4 it/s
step  187950 | cos 0.5820 | thought 0.8667 dec_ce 1.8564 | 5.4 it/s
step  188000 | cos 0.5801 | thought 0.8693 dec_ce 1.8834 | 5.1 it/s
step  188000 | VAL cos 0.5824 | VAL dec CE 3.4258
step  188050 | cos 0.5846 | thought 0.8485 dec_ce 1.8178 | 4.2 it/s
step  188100 | cos 0.5803 | thought 0.8411 dec_ce 1.754 | 5.3 it/s
step  188150 | cos 0.5817 | thought 0.8711 dec_ce 1.8817 | 5.3 it/s
step  188200 | cos 0.5831 | thought 0.8092 dec_ce 1.741 | 5.3 it/s
step  188250 | cos 0.5798 | thought 0.8497 dec_ce 1.7637 | 5.3 it/s
step  188300 | cos 0.5880 | thought 0.8803 dec_ce 1.9288 | 5.5 it/s
step  188350 | cos 0.5832 | thought 0.8546 dec_ce 1.7766 | 5.4 it/s
step  188400 | cos 0.5849 | thought 0.8041 dec_ce 1.7429 | 5.3 it/s
step  188450 | cos 0.5831 | thought 0.8957 dec_ce 1.7774 | 5.5 it/s
step  188500 | cos 0.5810 | thought 0.8913 dec_ce 1.7691 | 5.5 it/s
step  188550 | cos 0.5813 | thought 0.8345 dec_ce 1.6815 | 5.3 it/s
step  188600 | cos 0.5836 | thought 0.8534 dec_ce 1.6766 | 5.2 it/s
step  188650 | cos 0.5818 | thought 0.9226 dec_ce 1.7348 | 5.4 it/s
step  188700 | cos 0.5815 | thought 0.8695 dec_ce 1.7863 | 5.4 it/s
step  188750 | cos 0.5820 | thought 0.837 dec_ce 1.7933 | 5.2 it/s
step  188800 | cos 0.5802 | thought 0.8194 dec_ce 1.7611 | 5.2 it/s
step  188850 | cos 0.5841 | thought 0.8446 dec_ce 1.7373 | 5.1 it/s
step  188900 | cos 0.5834 | thought 0.8539 dec_ce 1.6361 | 5.3 it/s
step  188950 | cos 0.5842 | thought 0.8507 dec_ce 1.8439 | 5.2 it/s
step  189000 | cos 0.5774 | thought 0.893 dec_ce 1.8482 | 5.3 it/s
step  189050 | cos 0.5786 | thought 0.8827 dec_ce 1.7668 | 5.1 it/s
step  189100 | cos 0.5833 | thought 0.8973 dec_ce 1.9489 | 5.3 it/s
step  189150 | cos 0.5807 | thought 0.8495 dec_ce 1.9378 | 5.3 it/s
step  189200 | cos 0.5848 | thought 0.7837 dec_ce 1.5651 | 5.3 it/s
step  189250 | cos 0.5834 | thought 0.8847 dec_ce 1.771 | 5.4 it/s
step  189300 | cos 0.5829 | thought 0.8619 dec_ce 1.7336 | 5.2 it/s
step  189350 | cos 0.5810 | thought 0.8566 dec_ce 1.7972 | 5.3 it/s
step  189400 | cos 0.5836 | thought 0.8819 dec_ce 1.8309 | 5.3 it/s
step  189450 | cos 0.5819 | thought 0.8651 dec_ce 1.8085 | 5.3 it/s
step  189500 | cos 0.5836 | thought 0.8932 dec_ce 1.9695 | 5.5 it/s
step  189550 | cos 0.5857 | thought 0.8695 dec_ce 1.6507 | 5.2 it/s
step  189600 | cos 0.5830 | thought 0.9334 dec_ce 1.9364 | 5.2 it/s
step  189650 | cos 0.5861 | thought 0.8154 dec_ce 1.7484 | 5.3 it/s
step  189700 | cos 0.5832 | thought 0.869 dec_ce 1.9105 | 5.4 it/s
step  189750 | cos 0.5780 | thought 0.8383 dec_ce 1.7124 | 5.5 it/s
step  189800 | cos 0.5834 | thought 0.8169 dec_ce 1.6069 | 5.3 it/s
step  189850 | cos 0.5821 | thought 0.8763 dec_ce 1.8184 | 5.0 it/s
step  189900 | cos 0.5836 | thought 0.8374 dec_ce 1.7004 | 5.3 it/s
step  189950 | cos 0.5817 | thought 0.8546 dec_ce 1.7465 | 5.3 it/s
step  190000 | cos 0.5865 | thought 0.8734 dec_ce 1.8169 | 5.4 it/s
step  190000 | VAL cos 0.5819 | VAL dec CE 3.4311
step  190050 | cos 0.5831 | thought 0.8608 dec_ce 1.8309 | 4.2 it/s
step  190100 | cos 0.5846 | thought 0.855 dec_ce 1.6548 | 5.3 it/s
step  190150 | cos 0.5812 | thought 0.8823 dec_ce 1.7928 | 5.4 it/s
step  190200 | cos 0.5830 | thought 0.8702 dec_ce 1.7908 | 5.3 it/s
step  190250 | cos 0.5839 | thought 0.9236 dec_ce 1.9331 | 5.3 it/s
step  190300 | cos 0.5834 | thought 0.8652 dec_ce 1.8395 | 5.2 it/s
step  190350 | cos 0.5840 | thought 0.8761 dec_ce 1.7797 | 5.3 it/s
step  190400 | cos 0.5844 | thought 0.8882 dec_ce 1.8532 | 5.4 it/s
step  190450 | cos 0.5839 | thought 0.8955 dec_ce 2.0064 | 5.2 it/s
step  190500 | cos 0.5853 | thought 0.8378 dec_ce 1.6419 | 5.3 it/s
step  190550 | cos 0.5848 | thought 0.8561 dec_ce 1.802 | 5.2 it/s
step  190600 | cos 0.5902 | thought 0.8646 dec_ce 1.743 | 5.3 it/s
step  190650 | cos 0.5808 | thought 0.8105 dec_ce 1.6467 | 5.4 it/s
step  190700 | cos 0.5816 | thought 0.8918 dec_ce 1.8526 | 5.3 it/s
step  190750 | cos 0.5802 | thought 0.8683 dec_ce 1.7762 | 5.5 it/s
step  190800 | cos 0.5822 | thought 0.8696 dec_ce 1.7992 | 5.3 it/s
step  190850 | cos 0.5812 | thought 0.8868 dec_ce 1.8394 | 5.3 it/s
step  190900 | cos 0.5848 | thought 0.8956 dec_ce 1.8876 | 5.2 it/s
step  190950 | cos 0.5836 | thought 0.8813 dec_ce 1.8078 | 5.5 it/s
step  191000 | cos 0.5833 | thought 0.8366 dec_ce 1.7215 | 5.3 it/s
step  191050 | cos 0.5803 | thought 0.841 dec_ce 1.8041 | 5.2 it/s
step  191100 | cos 0.5833 | thought 0.8468 dec_ce 1.7051 | 5.2 it/s
step  191150 | cos 0.5853 | thought 0.8251 dec_ce 1.6988 | 5.3 it/s
step  191200 | cos 0.5832 | thought 0.8364 dec_ce 1.7072 | 5.3 it/s
step  191250 | cos 0.5806 | thought 0.8439 dec_ce 1.7486 | 5.3 it/s
step  191300 | cos 0.5871 | thought 0.8474 dec_ce 1.7734 | 5.3 it/s
step  191350 | cos 0.5841 | thought 0.836 dec_ce 1.8816 | 5.1 it/s
step  191400 | cos 0.5840 | thought 0.9118 dec_ce 1.9617 | 5.1 it/s
step  191450 | cos 0.5825 | thought 0.8584 dec_ce 1.8678 | 5.3 it/s
step  191500 | cos 0.5828 | thought 0.8371 dec_ce 1.7416 | 5.3 it/s
step  191550 | cos 0.5826 | thought 0.8936 dec_ce 1.7942 | 5.1 it/s
step  191600 | cos 0.5870 | thought 0.8192 dec_ce 1.7603 | 5.5 it/s
step  191650 | cos 0.5798 | thought 0.9265 dec_ce 1.9235 | 5.3 it/s
step  191700 | cos 0.5827 | thought 0.8603 dec_ce 1.7614 | 5.2 it/s
step  191750 | cos 0.5832 | thought 0.8629 dec_ce 1.7972 | 5.3 it/s
step  191800 | cos 0.5855 | thought 0.8055 dec_ce 1.6827 | 5.3 it/s
step  191850 | cos 0.5823 | thought 0.8286 dec_ce 1.7166 | 5.3 it/s
step  191900 | cos 0.5794 | thought 0.8997 dec_ce 1.956 | 5.3 it/s
step  191950 | cos 0.5818 | thought 0.8082 dec_ce 1.7351 | 5.2 it/s
step  192000 | cos 0.5837 | thought 0.8424 dec_ce 1.7593 | 5.4 it/s
step  192000 | VAL cos 0.5820 | VAL dec CE 3.4253
step  192050 | cos 0.5797 | thought 0.8291 dec_ce 1.6353 | 4.1 it/s
step  192100 | cos 0.5847 | thought 0.913 dec_ce 1.8318 | 5.2 it/s
step  192150 | cos 0.5847 | thought 0.85 dec_ce 1.817 | 5.4 it/s
step  192200 | cos 0.5804 | thought 0.8921 dec_ce 1.789 | 5.1 it/s
step  192250 | cos 0.5831 | thought 0.8753 dec_ce 1.7632 | 5.3 it/s
step  192300 | cos 0.5797 | thought 0.853 dec_ce 1.8129 | 5.1 it/s
step  192350 | cos 0.5777 | thought 0.7767 dec_ce 1.6548 | 5.2 it/s
step  192400 | cos 0.5820 | thought 0.8623 dec_ce 1.825 | 5.3 it/s
step  192450 | cos 0.5850 | thought 0.7818 dec_ce 1.6416 | 5.3 it/s
step  192500 | cos 0.5803 | thought 0.8248 dec_ce 1.855 | 5.4 it/s
step  192550 | cos 0.5868 | thought 0.8355 dec_ce 1.7494 | 5.2 it/s
step  192600 | cos 0.5795 | thought 0.8692 dec_ce 1.7395 | 5.3 it/s
step  192650 | cos 0.5812 | thought 0.8625 dec_ce 1.8355 | 5.3 it/s
step  192700 | cos 0.5834 | thought 0.8603 dec_ce 1.8389 | 5.3 it/s
step  192750 | cos 0.5842 | thought 0.8592 dec_ce 1.8801 | 5.3 it/s
step  192800 | cos 0.5835 | thought 0.8489 dec_ce 1.8232 | 5.4 it/s
step  192850 | cos 0.5796 | thought 0.8604 dec_ce 1.854 | 5.3 it/s
step  192900 | cos 0.5826 | thought 0.8458 dec_ce 1.6897 | 5.2 it/s
step  192950 | cos 0.5832 | thought 0.8315 dec_ce 1.7543 | 5.3 it/s
step  193000 | cos 0.5830 | thought 0.8411 dec_ce 1.6769 | 5.3 it/s
step  193050 | cos 0.5816 | thought 0.88 dec_ce 1.7089 | 5.1 it/s
step  193100 | cos 0.5830 | thought 0.8756 dec_ce 1.7041 | 5.2 it/s
step  193150 | cos 0.5814 | thought 0.87 dec_ce 1.8535 | 5.3 it/s
step  193200 | cos 0.5801 | thought 0.8593 dec_ce 1.8048 | 5.2 it/s
step  193250 | cos 0.5823 | thought 0.852 dec_ce 1.7337 | 5.4 it/s
step  193300 | cos 0.5825 | thought 0.8712 dec_ce 1.817 | 5.4 it/s
step  193350 | cos 0.5855 | thought 0.8644 dec_ce 1.8288 | 5.6 it/s
step  193400 | cos 0.5815 | thought 0.8529 dec_ce 1.7037 | 5.5 it/s
step  193450 | cos 0.5844 | thought 0.8951 dec_ce 1.8388 | 5.6 it/s
step  193500 | cos 0.5843 | thought 0.8983 dec_ce 1.8708 | 5.3 it/s
step  193550 | cos 0.5825 | thought 0.7955 dec_ce 1.731 | 5.3 it/s
step  193600 | cos 0.5833 | thought 0.886 dec_ce 1.8716 | 5.6 it/s
step  193650 | cos 0.5831 | thought 0.8849 dec_ce 1.8475 | 5.4 it/s
step  193700 | cos 0.5831 | thought 0.8927 dec_ce 1.9528 | 5.6 it/s
step  193750 | cos 0.5864 | thought 0.7858 dec_ce 1.6557 | 5.4 it/s
step  193800 | cos 0.5838 | thought 0.9062 dec_ce 1.8985 | 5.3 it/s
step  193850 | cos 0.5814 | thought 0.8516 dec_ce 1.8186 | 5.3 it/s
step  193900 | cos 0.5754 | thought 0.821 dec_ce 1.772 | 5.4 it/s
step  193950 | cos 0.5767 | thought 0.8593 dec_ce 1.772 | 5.4 it/s
step  194000 | cos 0.5832 | thought 0.8436 dec_ce 1.7699 | 5.4 it/s
step  194000 | VAL cos 0.5829 | VAL dec CE 3.4276
step  194050 | cos 0.5817 | thought 0.8984 dec_ce 1.8421 | 4.4 it/s
step  194100 | cos 0.5857 | thought 0.8375 dec_ce 1.7434 | 5.6 it/s
step  194150 | cos 0.5861 | thought 0.8644 dec_ce 1.7654 | 5.4 it/s
step  194200 | cos 0.5818 | thought 0.8479 dec_ce 1.7331 | 5.6 it/s
step  194250 | cos 0.5829 | thought 0.8511 dec_ce 1.7975 | 5.4 it/s
step  194300 | cos 0.5814 | thought 0.8448 dec_ce 1.8376 | 5.4 it/s
step  194350 | cos 0.5873 | thought 0.8484 dec_ce 1.8017 | 5.4 it/s
step  194400 | cos 0.5816 | thought 0.8379 dec_ce 1.6297 | 5.4 it/s
step  194450 | cos 0.5796 | thought 0.8912 dec_ce 1.8296 | 5.4 it/s
step  194500 | cos 0.5802 | thought 0.8082 dec_ce 1.7319 | 5.5 it/s
step  194550 | cos 0.5837 | thought 0.9045 dec_ce 1.8179 | 5.5 it/s
step  194600 | cos 0.5826 | thought 0.8378 dec_ce 1.7717 | 5.5 it/s
step  194650 | cos 0.5835 | thought 0.8826 dec_ce 1.8122 | 5.4 it/s
step  194700 | cos 0.5826 | thought 0.8526 dec_ce 1.8684 | 5.4 it/s
step  194750 | cos 0.5826 | thought 0.8687 dec_ce 1.8199 | 5.5 it/s
step  194800 | cos 0.5825 | thought 0.8047 dec_ce 1.6917 | 5.5 it/s
step  194850 | cos 0.5852 | thought 0.8424 dec_ce 1.7043 | 5.4 it/s
step  194900 | cos 0.5816 | thought 0.8562 dec_ce 1.7213 | 5.5 it/s
step  194950 | cos 0.5879 | thought 0.8512 dec_ce 1.7262 | 5.5 it/s
step  195000 | cos 0.5826 | thought 0.8528 dec_ce 1.8785 | 5.4 it/s
step  195050 | cos 0.5814 | thought 0.9373 dec_ce 1.9857 | 5.3 it/s
step  195100 | cos 0.5822 | thought 0.8318 dec_ce 1.6444 | 5.5 it/s
step  195150 | cos 0.5830 | thought 0.844 dec_ce 1.715 | 5.5 it/s
step  195200 | cos 0.5830 | thought 0.844 dec_ce 1.7847 | 5.4 it/s
step  195250 | cos 0.5824 | thought 0.8472 dec_ce 1.7532 | 5.5 it/s
step  195300 | cos 0.5851 | thought 0.8407 dec_ce 1.7652 | 5.5 it/s
step  195350 | cos 0.5861 | thought 0.8243 dec_ce 1.8104 | 5.5 it/s
step  195400 | cos 0.5817 | thought 0.8486 dec_ce 1.7244 | 5.4 it/s
step  195450 | cos 0.5794 | thought 0.8683 dec_ce 1.6896 | 5.5 it/s
step  195500 | cos 0.5879 | thought 0.8939 dec_ce 1.8346 | 5.6 it/s
step  195550 | cos 0.5897 | thought 0.8888 dec_ce 1.7199 | 5.4 it/s
step  195600 | cos 0.5820 | thought 0.8271 dec_ce 1.74 | 5.5 it/s
step  195650 | cos 0.5797 | thought 0.7812 dec_ce 1.6965 | 5.4 it/s
step  195700 | cos 0.5815 | thought 0.8969 dec_ce 1.7885 | 5.3 it/s
step  195750 | cos 0.5837 | thought 0.861 dec_ce 1.8532 | 5.5 it/s
step  195800 | cos 0.5825 | thought 0.8429 dec_ce 1.7865 | 5.4 it/s
step  195850 | cos 0.5872 | thought 0.8168 dec_ce 1.6261 | 5.5 it/s
step  195900 | cos 0.5880 | thought 0.8379 dec_ce 1.8174 | 5.4 it/s
step  195950 | cos 0.5814 | thought 0.8476 dec_ce 1.8293 | 5.4 it/s
step  196000 | cos 0.5830 | thought 0.8713 dec_ce 1.7573 | 5.5 it/s
step  196000 | VAL cos 0.5829 | VAL dec CE 3.4269
step  196050 | cos 0.5807 | thought 0.8481 dec_ce 1.7467 | 4.3 it/s
step  196100 | cos 0.5841 | thought 0.8484 dec_ce 1.7452 | 5.4 it/s
step  196150 | cos 0.5815 | thought 0.8473 dec_ce 1.764 | 5.3 it/s
step  196200 | cos 0.5817 | thought 0.8073 dec_ce 1.5195 | 5.4 it/s
step  196250 | cos 0.5856 | thought 0.8803 dec_ce 1.7842 | 5.4 it/s
step  196300 | cos 0.5804 | thought 0.8446 dec_ce 1.7255 | 5.3 it/s
step  196350 | cos 0.5867 | thought 0.8332 dec_ce 1.9088 | 5.4 it/s
step  196400 | cos 0.5779 | thought 0.8977 dec_ce 1.872 | 5.4 it/s
step  196450 | cos 0.5857 | thought 0.9097 dec_ce 1.7944 | 5.4 it/s
step  196500 | cos 0.5844 | thought 0.9003 dec_ce 1.8661 | 5.4 it/s
step  196550 | cos 0.5839 | thought 0.8358 dec_ce 1.6624 | 5.2 it/s
step  196600 | cos 0.5853 | thought 0.8335 dec_ce 1.6445 | 5.4 it/s
step  196650 | cos 0.5814 | thought 0.8214 dec_ce 1.7178 | 5.5 it/s
step  196700 | cos 0.5780 | thought 0.9515 dec_ce 1.8839 | 5.5 it/s
step  196750 | cos 0.5811 | thought 0.8448 dec_ce 1.8532 | 5.4 it/s
step  196800 | cos 0.5832 | thought 0.8935 dec_ce 1.7582 | 5.4 it/s
step  196850 | cos 0.5850 | thought 0.8614 dec_ce 1.7896 | 5.4 it/s
step  196900 | cos 0.5804 | thought 0.8454 dec_ce 1.7424 | 5.4 it/s
step  196950 | cos 0.5819 | thought 0.864 dec_ce 1.8236 | 5.4 it/s
step  197000 | cos 0.5817 | thought 0.828 dec_ce 1.8154 | 5.2 it/s
step  197050 | cos 0.5823 | thought 0.8441 dec_ce 1.7117 | 5.2 it/s
step  197100 | cos 0.5858 | thought 0.8663 dec_ce 1.957 | 5.4 it/s
step  197150 | cos 0.5804 | thought 0.8794 dec_ce 1.7997 | 5.6 it/s
step  197200 | cos 0.5795 | thought 0.8644 dec_ce 1.8887 | 5.4 it/s
step  197250 | cos 0.5821 | thought 0.8787 dec_ce 1.7738 | 5.3 it/s
step  197300 | cos 0.5797 | thought 0.8412 dec_ce 1.8347 | 5.3 it/s
step  197350 | cos 0.5845 | thought 0.8795 dec_ce 1.7696 | 5.5 it/s
step  197400 | cos 0.5821 | thought 0.8659 dec_ce 1.8773 | 5.4 it/s
step  197450 | cos 0.5876 | thought 0.8502 dec_ce 1.8614 | 5.4 it/s
step  197500 | cos 0.5806 | thought 0.8416 dec_ce 1.6702 | 5.4 it/s
step  197550 | cos 0.5842 | thought 0.9098 dec_ce 1.937 | 5.2 it/s
step  197600 | cos 0.5790 | thought 0.8983 dec_ce 1.8957 | 5.4 it/s
step  197650 | cos 0.5824 | thought 0.8333 dec_ce 1.7798 | 5.4 it/s
step  197700 | cos 0.5817 | thought 0.8021 dec_ce 1.6661 | 5.3 it/s
step  197750 | cos 0.5853 | thought 0.867 dec_ce 1.8112 | 5.4 it/s
step  197800 | cos 0.5838 | thought 0.8555 dec_ce 1.8337 | 5.4 it/s
step  197850 | cos 0.5878 | thought 0.7142 dec_ce 1.5095 | 5.5 it/s
step  197900 | cos 0.5854 | thought 0.8114 dec_ce 1.611 | 5.5 it/s
step  197950 | cos 0.5855 | thought 0.8889 dec_ce 1.8659 | 5.3 it/s
step  198000 | cos 0.5800 | thought 0.8951 dec_ce 1.7448 | 5.4 it/s
step  198000 | VAL cos 0.5826 | VAL dec CE 3.4299
step  198050 | cos 0.5845 | thought 0.8753 dec_ce 1.7312 | 4.3 it/s
step  198100 | cos 0.5851 | thought 0.8155 dec_ce 1.7012 | 5.5 it/s
step  198150 | cos 0.5810 | thought 0.8598 dec_ce 1.7794 | 5.5 it/s
step  198200 | cos 0.5857 | thought 0.8468 dec_ce 1.7022 | 5.3 it/s
step  198250 | cos 0.5856 | thought 0.8073 dec_ce 1.6684 | 5.5 it/s
step  198300 | cos 0.5833 | thought 0.8643 dec_ce 1.7947 | 5.3 it/s
step  198350 | cos 0.5834 | thought 0.8044 dec_ce 1.5976 | 5.5 it/s
step  198400 | cos 0.5829 | thought 0.8475 dec_ce 1.6865 | 5.5 it/s
step  198450 | cos 0.5843 | thought 0.8705 dec_ce 1.7775 | 5.4 it/s
step  198500 | cos 0.5891 | thought 0.8422 dec_ce 1.6633 | 5.2 it/s
step  198550 | cos 0.5815 | thought 0.8156 dec_ce 1.6542 | 5.3 it/s
step  198600 | cos 0.5777 | thought 0.856 dec_ce 1.6937 | 5.2 it/s
step  198650 | cos 0.5848 | thought 0.8129 dec_ce 1.6576 | 5.5 it/s
step  198700 | cos 0.5788 | thought 0.8561 dec_ce 1.788 | 5.3 it/s
step  198750 | cos 0.5860 | thought 0.8791 dec_ce 1.8276 | 5.3 it/s
step  198800 | cos 0.5815 | thought 0.8397 dec_ce 1.7406 | 5.4 it/s
step  198850 | cos 0.5849 | thought 0.867 dec_ce 1.8098 | 5.6 it/s
step  198900 | cos 0.5849 | thought 0.8638 dec_ce 1.7624 | 5.5 it/s
step  198950 | cos 0.5791 | thought 0.8774 dec_ce 1.7729 | 5.5 it/s
step  199000 | cos 0.5809 | thought 0.8667 dec_ce 1.8692 | 5.4 it/s
step  199050 | cos 0.5821 | thought 0.8924 dec_ce 1.8645 | 5.3 it/s
step  199100 | cos 0.5837 | thought 0.8445 dec_ce 1.6306 | 5.4 it/s
step  199150 | cos 0.5823 | thought 0.8954 dec_ce 1.9652 | 5.5 it/s
step  199200 | cos 0.5828 | thought 0.8491 dec_ce 1.7231 | 5.5 it/s
step  199250 | cos 0.5852 | thought 0.8079 dec_ce 1.6473 | 5.5 it/s
step  199300 | cos 0.5838 | thought 0.8477 dec_ce 1.685 | 5.7 it/s
step  199350 | cos 0.5802 | thought 0.8218 dec_ce 1.8096 | 5.6 it/s
step  199400 | cos 0.5841 | thought 0.8684 dec_ce 1.8995 | 5.6 it/s
step  199450 | cos 0.5855 | thought 0.8506 dec_ce 1.8528 | 5.5 it/s
step  199500 | cos 0.5840 | thought 0.8659 dec_ce 1.8867 | 5.5 it/s
step  199550 | cos 0.5837 | thought 0.913 dec_ce 1.9206 | 5.3 it/s
step  199600 | cos 0.5803 | thought 0.8566 dec_ce 1.8299 | 5.5 it/s
step  199650 | cos 0.5854 | thought 0.8565 dec_ce 1.7588 | 5.3 it/s
step  199700 | cos 0.5822 | thought 0.8656 dec_ce 1.7756 | 5.2 it/s
step  199750 | cos 0.5859 | thought 0.8823 dec_ce 1.9114 | 5.3 it/s
step  199800 | cos 0.5811 | thought 0.8231 dec_ce 1.7158 | 5.2 it/s
step  199850 | cos 0.5870 | thought 0.8579 dec_ce 1.7675 | 5.3 it/s
step  199900 | cos 0.5809 | thought 0.8143 dec_ce 1.7775 | 5.2 it/s
step  199950 | cos 0.5800 | thought 0.8738 dec_ce 1.7615 | 5.1 it/s
step  200000 | cos 0.5834 | thought 0.846 dec_ce 1.7833 | 5.1 it/s
step  200000 | VAL cos 0.5827 | VAL dec CE 3.4280
step  200050 | cos 0.5847 | thought 0.8784 dec_ce 1.8128 | 4.1 it/s
step  200100 | cos 0.5843 | thought 0.8224 dec_ce 1.7069 | 5.2 it/s
step  200150 | cos 0.5777 | thought 0.924 dec_ce 1.987 | 5.2 it/s
step  200200 | cos 0.5826 | thought 0.8244 dec_ce 1.6473 | 5.2 it/s
step  200250 | cos 0.5869 | thought 0.8078 dec_ce 1.6923 | 5.2 it/s
step  200300 | cos 0.5793 | thought 0.7991 dec_ce 1.7023 | 5.1 it/s
step  200350 | cos 0.5830 | thought 0.8842 dec_ce 1.7546 | 5.2 it/s
step  200400 | cos 0.5863 | thought 0.7954 dec_ce 1.6052 | 5.2 it/s
step  200450 | cos 0.5862 | thought 0.8779 dec_ce 1.7941 | 5.3 it/s
step  200500 | cos 0.5852 | thought 0.8837 dec_ce 1.9575 | 5.2 it/s
step  200550 | cos 0.5784 | thought 0.8604 dec_ce 1.8891 | 5.0 it/s
step  200600 | cos 0.5851 | thought 0.8748 dec_ce 1.7847 | 5.3 it/s
step  200650 | cos 0.5858 | thought 0.842 dec_ce 1.7331 | 5.3 it/s
step  200700 | cos 0.5846 | thought 0.8511 dec_ce 1.6961 | 5.3 it/s
step  200750 | cos 0.5858 | thought 0.8607 dec_ce 1.7501 | 5.2 it/s
step  200800 | cos 0.5818 | thought 0.774 dec_ce 1.6464 | 5.3 it/s
step  200850 | cos 0.5851 | thought 0.8081 dec_ce 1.6448 | 5.3 it/s
step  200900 | cos 0.5821 | thought 0.8311 dec_ce 1.706 | 5.4 it/s
step  200950 | cos 0.5820 | thought 0.8446 dec_ce 1.7075 | 5.4 it/s
step  201000 | cos 0.5847 | thought 0.8369 dec_ce 1.6442 | 5.4 it/s
step  201050 | cos 0.5810 | thought 0.8939 dec_ce 1.8187 | 5.2 it/s
step  201100 | cos 0.5855 | thought 0.8185 dec_ce 1.7183 | 5.3 it/s
step  201150 | cos 0.5827 | thought 0.8909 dec_ce 1.9081 | 5.2 it/s
step  201200 | cos 0.5821 | thought 0.8691 dec_ce 1.7032 | 5.3 it/s
step  201250 | cos 0.5848 | thought 0.8956 dec_ce 1.8711 | 5.3 it/s
step  201300 | cos 0.5843 | thought 0.8643 dec_ce 1.8376 | 5.4 it/s
step  201350 | cos 0.5869 | thought 0.8318 dec_ce 1.7337 | 5.3 it/s
step  201400 | cos 0.5811 | thought 0.887 dec_ce 1.8293 | 5.3 it/s
step  201450 | cos 0.5843 | thought 0.8384 dec_ce 1.7235 | 5.2 it/s
step  201500 | cos 0.5838 | thought 0.81 dec_ce 1.7832 | 5.4 it/s
step  201550 | cos 0.5850 | thought 0.8266 dec_ce 1.6808 | 5.1 it/s
step  201600 | cos 0.5868 | thought 0.9226 dec_ce 1.8146 | 5.1 it/s
step  201650 | cos 0.5862 | thought 0.8598 dec_ce 1.7662 | 5.3 it/s
step  201700 | cos 0.5853 | thought 0.8378 dec_ce 1.7695 | 5.1 it/s
step  201750 | cos 0.5846 | thought 0.8989 dec_ce 1.823 | 5.3 it/s
step  201800 | cos 0.5839 | thought 0.8726 dec_ce 1.7708 | 5.4 it/s
step  201850 | cos 0.5833 | thought 0.8096 dec_ce 1.6487 | 5.0 it/s
step  201900 | cos 0.5864 | thought 0.8405 dec_ce 1.7251 | 5.1 it/s
step  201950 | cos 0.5850 | thought 0.8289 dec_ce 1.7287 | 5.3 it/s
step  202000 | cos 0.5833 | thought 0.874 dec_ce 1.8113 | 5.3 it/s
step  202000 | VAL cos 0.5832 | VAL dec CE 3.4180
step  202050 | cos 0.5826 | thought 0.8584 dec_ce 1.8997 | 4.1 it/s
step  202100 | cos 0.5844 | thought 0.8531 dec_ce 1.7979 | 5.3 it/s
step  202150 | cos 0.5806 | thought 0.9123 dec_ce 1.9794 | 5.4 it/s
step  202200 | cos 0.5807 | thought 0.8279 dec_ce 1.7458 | 5.3 it/s
step  202250 | cos 0.5807 | thought 0.869 dec_ce 1.7314 | 5.1 it/s
step  202300 | cos 0.5854 | thought 0.8492 dec_ce 1.8621 | 5.3 it/s
step  202350 | cos 0.5796 | thought 0.8662 dec_ce 1.8922 | 5.2 it/s
step  202400 | cos 0.5808 | thought 0.8405 dec_ce 1.6969 | 5.2 it/s
step  202450 | cos 0.5816 | thought 0.8431 dec_ce 1.7418 | 5.2 it/s
step  202500 | cos 0.5844 | thought 0.8347 dec_ce 1.7021 | 5.2 it/s
step  202550 | cos 0.5837 | thought 0.8706 dec_ce 1.8747 | 5.1 it/s
step  202600 | cos 0.5863 | thought 0.8641 dec_ce 1.7889 | 5.2 it/s
step  202650 | cos 0.5833 | thought 0.8703 dec_ce 1.8552 | 5.2 it/s
step  202700 | cos 0.5811 | thought 0.8971 dec_ce 1.9333 | 5.3 it/s
step  202750 | cos 0.5840 | thought 0.8712 dec_ce 1.8392 | 5.3 it/s
step  202800 | cos 0.5851 | thought 0.9017 dec_ce 1.8195 | 5.5 it/s
step  202850 | cos 0.5829 | thought 0.8458 dec_ce 1.7491 | 5.2 it/s
step  202900 | cos 0.5833 | thought 0.8302 dec_ce 1.7559 | 5.3 it/s
step  202950 | cos 0.5821 | thought 0.8514 dec_ce 1.7877 | 5.2 it/s
step  203000 | cos 0.5902 | thought 0.7817 dec_ce 1.5401 | 5.4 it/s
step  203050 | cos 0.5797 | thought 0.8513 dec_ce 1.7146 | 5.0 it/s
step  203100 | cos 0.5826 | thought 0.9235 dec_ce 1.9547 | 5.3 it/s
step  203150 | cos 0.5858 | thought 0.8437 dec_ce 1.6895 | 5.2 it/s
step  203200 | cos 0.5839 | thought 0.8339 dec_ce 1.8554 | 5.2 it/s
step  203250 | cos 0.5844 | thought 0.8676 dec_ce 1.7604 | 5.4 it/s
step  203300 | cos 0.5841 | thought 0.8348 dec_ce 1.7188 | 5.4 it/s
step  203350 | cos 0.5815 | thought 0.8517 dec_ce 1.7101 | 5.2 it/s
step  203400 | cos 0.5855 | thought 0.8448 dec_ce 1.7028 | 5.3 it/s
step  203450 | cos 0.5850 | thought 0.8736 dec_ce 1.7763 | 5.3 it/s
step  203500 | cos 0.5833 | thought 0.8409 dec_ce 1.6965 | 5.1 it/s
step  203550 | cos 0.5863 | thought 0.8255 dec_ce 1.6489 | 5.2 it/s
step  203600 | cos 0.5844 | thought 0.8837 dec_ce 1.8664 | 5.2 it/s
step  203650 | cos 0.5846 | thought 0.8848 dec_ce 1.7451 | 5.2 it/s
step  203700 | cos 0.5829 | thought 0.8787 dec_ce 1.8004 | 5.4 it/s
step  203750 | cos 0.5796 | thought 0.8684 dec_ce 1.819 | 5.3 it/s
step  203800 | cos 0.5808 | thought 0.8142 dec_ce 1.5157 | 5.1 it/s
step  203850 | cos 0.5815 | thought 0.8311 dec_ce 1.63 | 5.4 it/s
step  203900 | cos 0.5831 | thought 0.8623 dec_ce 1.8311 | 5.3 it/s
step  203950 | cos 0.5855 | thought 0.8445 dec_ce 1.6892 | 5.3 it/s
step  204000 | cos 0.5796 | thought 0.8617 dec_ce 1.7372 | 5.4 it/s
step  204000 | VAL cos 0.5838 | VAL dec CE 3.4162
step  204050 | cos 0.5854 | thought 0.8803 dec_ce 1.7542 | 4.1 it/s
step  204100 | cos 0.5828 | thought 0.8338 dec_ce 1.733 | 5.2 it/s
step  204150 | cos 0.5855 | thought 0.8504 dec_ce 1.6852 | 5.3 it/s
step  204200 | cos 0.5834 | thought 0.8797 dec_ce 1.9458 | 5.1 it/s
step  204250 | cos 0.5868 | thought 0.8069 dec_ce 1.6573 | 5.3 it/s
step  204300 | cos 0.5846 | thought 0.8286 dec_ce 1.7275 | 5.2 it/s
step  204350 | cos 0.5826 | thought 0.8479 dec_ce 1.8155 | 5.2 it/s
step  204400 | cos 0.5843 | thought 0.9299 dec_ce 1.9484 | 5.2 it/s
step  204450 | cos 0.5826 | thought 0.8926 dec_ce 1.8456 | 5.2 it/s
step  204500 | cos 0.5806 | thought 0.8324 dec_ce 1.7163 | 5.1 it/s
step  204550 | cos 0.5826 | thought 0.8481 dec_ce 1.8109 | 5.1 it/s
step  204600 | cos 0.5832 | thought 0.8412 dec_ce 1.7097 | 5.2 it/s
step  204650 | cos 0.5865 | thought 0.8796 dec_ce 1.9484 | 5.3 it/s
step  204700 | cos 0.5844 | thought 0.8626 dec_ce 1.7377 | 5.4 it/s
step  204750 | cos 0.5800 | thought 0.8835 dec_ce 1.7709 | 5.3 it/s
step  204800 | cos 0.5828 | thought 0.8687 dec_ce 1.7747 | 5.4 it/s
step  204850 | cos 0.5825 | thought 0.8639 dec_ce 1.8147 | 5.2 it/s
step  204900 | cos 0.5811 | thought 0.832 dec_ce 1.6431 | 5.2 it/s
step  204950 | cos 0.5879 | thought 0.9054 dec_ce 1.8771 | 5.5 it/s
step  205000 | cos 0.5844 | thought 0.8074 dec_ce 1.6949 | 5.4 it/s
step  205050 | cos 0.5847 | thought 0.7732 dec_ce 1.6153 | 5.0 it/s
step  205100 | cos 0.5825 | thought 0.8515 dec_ce 1.8077 | 5.1 it/s
step  205150 | cos 0.5892 | thought 0.8558 dec_ce 1.7335 | 5.3 it/s
step  205200 | cos 0.5818 | thought 0.8796 dec_ce 1.8057 | 5.2 it/s
step  205250 | cos 0.5775 | thought 0.8335 dec_ce 1.7128 | 5.4 it/s
step  205300 | cos 0.5902 | thought 0.851 dec_ce 1.7831 | 5.3 it/s
step  205350 | cos 0.5804 | thought 0.8719 dec_ce 1.7791 | 5.4 it/s
step  205400 | cos 0.5776 | thought 0.8699 dec_ce 1.9132 | 5.2 it/s
step  205450 | cos 0.5803 | thought 0.8402 dec_ce 1.9098 | 5.3 it/s
step  205500 | cos 0.5828 | thought 0.8356 dec_ce 1.629 | 5.3 it/s
step  205550 | cos 0.5855 | thought 0.8524 dec_ce 1.891 | 5.0 it/s
step  205600 | cos 0.5851 | thought 0.8351 dec_ce 1.7533 | 5.6 it/s
step  205650 | cos 0.5858 | thought 0.8401 dec_ce 1.6821 | 5.3 it/s
step  205700 | cos 0.5879 | thought 0.8767 dec_ce 1.6978 | 5.3 it/s
step  205750 | cos 0.5847 | thought 0.8323 dec_ce 1.8517 | 5.3 it/s
step  205800 | cos 0.5832 | thought 0.8581 dec_ce 1.8452 | 5.1 it/s
step  205850 | cos 0.5826 | thought 0.8348 dec_ce 1.683 | 5.5 it/s
step  205900 | cos 0.5866 | thought 0.8846 dec_ce 1.7999 | 5.5 it/s
step  205950 | cos 0.5852 | thought 0.8233 dec_ce 1.8848 | 5.2 it/s
step  206000 | cos 0.5859 | thought 0.8575 dec_ce 1.8413 | 5.4 it/s
step  206000 | VAL cos 0.5833 | VAL dec CE 3.4202
step  206050 | cos 0.5848 | thought 0.8127 dec_ce 1.7769 | 4.2 it/s
step  206100 | cos 0.5819 | thought 0.8568 dec_ce 1.8003 | 5.3 it/s
step  206150 | cos 0.5825 | thought 0.8679 dec_ce 1.7302 | 5.3 it/s
step  206200 | cos 0.5837 | thought 0.7814 dec_ce 1.6006 | 5.2 it/s
step  206250 | cos 0.5812 | thought 0.846 dec_ce 1.6278 | 5.2 it/s
step  206300 | cos 0.5898 | thought 0.8661 dec_ce 1.7686 | 5.3 it/s
step  206350 | cos 0.5826 | thought 0.8628 dec_ce 1.8983 | 5.3 it/s
step  206400 | cos 0.5873 | thought 0.8288 dec_ce 1.5685 | 5.3 it/s
step  206450 | cos 0.5864 | thought 0.8076 dec_ce 1.76 | 5.3 it/s
step  206500 | cos 0.5865 | thought 0.8752 dec_ce 1.7786 | 5.4 it/s
step  206550 | cos 0.5834 | thought 0.8329 dec_ce 1.7261 | 5.1 it/s
step  206600 | cos 0.5825 | thought 0.8697 dec_ce 1.7934 | 5.3 it/s
step  206650 | cos 0.5795 | thought 0.8314 dec_ce 1.8037 | 5.4 it/s
step  206700 | cos 0.5816 | thought 0.7515 dec_ce 1.5191 | 5.2 it/s
step  206750 | cos 0.5849 | thought 0.8219 dec_ce 1.835 | 5.4 it/s
step  206800 | cos 0.5805 | thought 0.8542 dec_ce 1.825 | 5.4 it/s
step  206850 | cos 0.5836 | thought 0.8468 dec_ce 1.7623 | 5.4 it/s
step  206900 | cos 0.5824 | thought 0.8781 dec_ce 1.8164 | 5.5 it/s
step  206950 | cos 0.5819 | thought 0.8089 dec_ce 1.7344 | 5.3 it/s
step  207000 | cos 0.5800 | thought 0.8877 dec_ce 1.8676 | 5.3 it/s
step  207050 | cos 0.5851 | thought 0.846 dec_ce 1.8109 | 5.2 it/s
step  207100 | cos 0.5840 | thought 0.8703 dec_ce 1.8226 | 5.4 it/s
step  207150 | cos 0.5865 | thought 0.8673 dec_ce 1.8227 | 5.2 it/s
step  207200 | cos 0.5862 | thought 0.8705 dec_ce 1.7931 | 5.4 it/s
step  207250 | cos 0.5845 | thought 0.8126 dec_ce 1.7335 | 5.5 it/s
step  207300 | cos 0.5823 | thought 0.799 dec_ce 1.5178 | 5.1 it/s
step  207350 | cos 0.5820 | thought 0.8498 dec_ce 1.8623 | 5.3 it/s
step  207400 | cos 0.5843 | thought 0.8121 dec_ce 1.6824 | 5.2 it/s
step  207450 | cos 0.5833 | thought 0.8742 dec_ce 1.6965 | 5.3 it/s
step  207500 | cos 0.5828 | thought 0.8271 dec_ce 1.6856 | 5.2 it/s
step  207550 | cos 0.5862 | thought 0.874 dec_ce 1.7794 | 5.2 it/s
step  207600 | cos 0.5817 | thought 0.8592 dec_ce 1.7723 | 5.3 it/s
step  207650 | cos 0.5817 | thought 0.8564 dec_ce 1.7241 | 5.4 it/s
step  207700 | cos 0.5809 | thought 0.8336 dec_ce 1.8231 | 5.2 it/s
step  207750 | cos 0.5871 | thought 0.7989 dec_ce 1.6621 | 5.3 it/s
step  207800 | cos 0.5879 | thought 0.8643 dec_ce 1.7879 | 5.2 it/s
step  207850 | cos 0.5808 | thought 0.861 dec_ce 1.7826 | 5.2 it/s
step  207900 | cos 0.5805 | thought 0.851 dec_ce 1.8767 | 5.2 it/s
step  207950 | cos 0.5873 | thought 0.8527 dec_ce 1.7014 | 5.3 it/s
step  208000 | cos 0.5832 | thought 0.8406 dec_ce 1.7235 | 5.4 it/s
step  208000 | VAL cos 0.5840 | VAL dec CE 3.4140
step  208050 | cos 0.5789 | thought 0.8105 dec_ce 1.7423 | 4.0 it/s
step  208100 | cos 0.5874 | thought 0.8583 dec_ce 1.7801 | 5.3 it/s
step  208150 | cos 0.5839 | thought 0.902 dec_ce 1.9701 | 5.3 it/s
step  208200 | cos 0.5866 | thought 0.8263 dec_ce 1.7123 | 5.3 it/s
step  208250 | cos 0.5855 | thought 0.7997 dec_ce 1.668 | 5.2 it/s
step  208300 | cos 0.5866 | thought 0.8975 dec_ce 1.8952 | 5.2 it/s
step  208350 | cos 0.5857 | thought 0.8676 dec_ce 1.7315 | 5.3 it/s
step  208400 | cos 0.5860 | thought 0.857 dec_ce 1.7231 | 5.3 it/s
step  208450 | cos 0.5818 | thought 0.85 dec_ce 1.8559 | 5.2 it/s
step  208500 | cos 0.5842 | thought 0.8783 dec_ce 1.7602 | 5.3 it/s
step  208550 | cos 0.5873 | thought 0.9066 dec_ce 1.9767 | 5.1 it/s
step  208600 | cos 0.5818 | thought 0.8894 dec_ce 1.8236 | 5.4 it/s
step  208650 | cos 0.5851 | thought 0.8512 dec_ce 1.7741 | 5.4 it/s
step  208700 | cos 0.5846 | thought 0.8117 dec_ce 1.7797 | 5.1 it/s
step  208750 | cos 0.5809 | thought 0.8346 dec_ce 1.816 | 5.2 it/s
step  208800 | cos 0.5781 | thought 0.8922 dec_ce 1.8246 | 5.1 it/s
step  208850 | cos 0.5893 | thought 0.888 dec_ce 1.806 | 5.4 it/s
step  208900 | cos 0.5866 | thought 0.879 dec_ce 1.8895 | 5.3 it/s
step  208950 | cos 0.5844 | thought 0.8524 dec_ce 1.7168 | 5.2 it/s
step  209000 | cos 0.5829 | thought 0.9085 dec_ce 1.9286 | 5.3 it/s
step  209050 | cos 0.5851 | thought 0.7789 dec_ce 1.6296 | 5.1 it/s
step  209100 | cos 0.5829 | thought 0.8542 dec_ce 1.8451 | 5.4 it/s
step  209150 | cos 0.5854 | thought 0.8028 dec_ce 1.6095 | 5.2 it/s
step  209200 | cos 0.5837 | thought 0.8349 dec_ce 1.7792 | 5.3 it/s
step  209250 | cos 0.5887 | thought 0.832 dec_ce 1.7167 | 5.4 it/s
step  209300 | cos 0.5843 | thought 0.8949 dec_ce 1.8934 | 5.2 it/s
step  209350 | cos 0.5866 | thought 0.823 dec_ce 1.6215 | 5.3 it/s
step  209400 | cos 0.5810 | thought 0.8728 dec_ce 1.8261 | 5.2 it/s
step  209450 | cos 0.5839 | thought 0.8396 dec_ce 1.5594 | 5.3 it/s
step  209500 | cos 0.5866 | thought 0.8529 dec_ce 1.8462 | 5.2 it/s
step  209550 | cos 0.5850 | thought 0.8492 dec_ce 1.7947 | 5.3 it/s
step  209600 | cos 0.5818 | thought 0.8659 dec_ce 1.8476 | 5.2 it/s
step  209650 | cos 0.5863 | thought 0.9039 dec_ce 1.89 | 5.3 it/s
step  209700 | cos 0.5819 | thought 0.8695 dec_ce 1.8626 | 5.3 it/s
step  209750 | cos 0.5837 | thought 0.8916 dec_ce 1.8955 | 5.2 it/s
step  209800 | cos 0.5807 | thought 0.8457 dec_ce 1.6652 | 5.4 it/s
step  209850 | cos 0.5834 | thought 0.892 dec_ce 1.9497 | 5.2 it/s
step  209900 | cos 0.5794 | thought 0.8291 dec_ce 1.7003 | 5.3 it/s
step  209950 | cos 0.5855 | thought 0.86 dec_ce 1.8137 | 5.3 it/s
step  210000 | cos 0.5810 | thought 0.8785 dec_ce 1.8427 | 5.3 it/s
step  210000 | VAL cos 0.5839 | VAL dec CE 3.4177
step  210050 | cos 0.5805 | thought 0.8353 dec_ce 1.7532 | 4.2 it/s
step  210100 | cos 0.5867 | thought 0.8117 dec_ce 1.5622 | 5.5 it/s
step  210150 | cos 0.5807 | thought 0.8621 dec_ce 1.7836 | 5.3 it/s
step  210200 | cos 0.5846 | thought 0.861 dec_ce 1.7892 | 5.4 it/s
step  210250 | cos 0.5818 | thought 0.9015 dec_ce 1.8438 | 5.2 it/s
step  210300 | cos 0.5811 | thought 0.8655 dec_ce 1.8676 | 5.2 it/s
step  210350 | cos 0.5842 | thought 0.8377 dec_ce 1.8307 | 5.3 it/s
step  210400 | cos 0.5816 | thought 0.8824 dec_ce 1.8232 | 5.4 it/s
step  210450 | cos 0.5823 | thought 0.8329 dec_ce 1.6307 | 5.4 it/s
step  210500 | cos 0.5883 | thought 0.8575 dec_ce 1.7134 | 5.4 it/s
step  210550 | cos 0.5828 | thought 0.8239 dec_ce 1.7013 | 5.2 it/s
step  210600 | cos 0.5847 | thought 0.8107 dec_ce 1.6842 | 5.3 it/s
step  210650 | cos 0.5846 | thought 0.8409 dec_ce 1.8391 | 5.4 it/s
step  210700 | cos 0.5904 | thought 0.8234 dec_ce 1.7755 | 5.3 it/s
step  210750 | cos 0.5856 | thought 0.8944 dec_ce 1.7853 | 5.5 it/s
step  210800 | cos 0.5847 | thought 0.8198 dec_ce 1.7401 | 5.3 it/s
step  210850 | cos 0.5840 | thought 0.8229 dec_ce 1.6679 | 5.3 it/s
step  210900 | cos 0.5845 | thought 0.8951 dec_ce 1.9237 | 5.3 it/s
step  210950 | cos 0.5816 | thought 0.8857 dec_ce 1.7481 | 5.4 it/s
step  211000 | cos 0.5816 | thought 0.8536 dec_ce 1.8969 | 5.4 it/s
step  211050 | cos 0.5855 | thought 0.825 dec_ce 1.85 | 5.1 it/s
step  211100 | cos 0.5852 | thought 0.901 dec_ce 1.8643 | 5.4 it/s
step  211150 | cos 0.5869 | thought 0.8528 dec_ce 1.764 | 5.3 it/s
step  211200 | cos 0.5819 | thought 0.8519 dec_ce 1.7009 | 5.4 it/s
step  211250 | cos 0.5822 | thought 0.8572 dec_ce 1.7871 | 5.3 it/s
step  211300 | cos 0.5833 | thought 0.9082 dec_ce 1.8501 | 5.5 it/s
step  211350 | cos 0.5833 | thought 0.8717 dec_ce 1.8278 | 5.4 it/s
step  211400 | cos 0.5821 | thought 0.8322 dec_ce 1.6518 | 5.3 it/s
step  211450 | cos 0.5897 | thought 0.8491 dec_ce 1.7387 | 5.4 it/s
step  211500 | cos 0.5818 | thought 0.7815 dec_ce 1.5827 | 5.4 it/s
step  211550 | cos 0.5845 | thought 0.9186 dec_ce 1.882 | 5.2 it/s
step  211600 | cos 0.5800 | thought 0.8387 dec_ce 1.6818 | 5.3 it/s
step  211650 | cos 0.5846 | thought 0.8439 dec_ce 1.7952 | 5.4 it/s
step  211700 | cos 0.5822 | thought 0.8929 dec_ce 1.8528 | 5.3 it/s
step  211750 | cos 0.5865 | thought 0.8483 dec_ce 1.7649 | 5.3 it/s
step  211800 | cos 0.5877 | thought 0.809 dec_ce 1.6777 | 5.4 it/s
step  211850 | cos 0.5793 | thought 0.8851 dec_ce 1.7798 | 5.6 it/s
step  211900 | cos 0.5806 | thought 0.8689 dec_ce 1.8489 | 5.4 it/s
step  211950 | cos 0.5886 | thought 0.818 dec_ce 1.7283 | 5.5 it/s
step  212000 | cos 0.5834 | thought 0.8607 dec_ce 1.8098 | 5.5 it/s
step  212000 | VAL cos 0.5837 | VAL dec CE 3.4199
step  212050 | cos 0.5795 | thought 0.8773 dec_ce 1.6921 | 4.3 it/s
step  212100 | cos 0.5826 | thought 0.8697 dec_ce 1.882 | 5.3 it/s
step  212150 | cos 0.5840 | thought 0.8787 dec_ce 1.8579 | 5.3 it/s
step  212200 | cos 0.5803 | thought 0.8857 dec_ce 1.8469 | 5.4 it/s
step  212250 | cos 0.5804 | thought 0.8705 dec_ce 1.8479 | 5.3 it/s
step  212300 | cos 0.5844 | thought 0.8579 dec_ce 1.9123 | 5.4 it/s
step  212350 | cos 0.5867 | thought 0.8831 dec_ce 1.818 | 5.3 it/s
step  212400 | cos 0.5757 | thought 0.8658 dec_ce 1.7628 | 5.3 it/s
step  212450 | cos 0.5812 | thought 0.9086 dec_ce 1.8882 | 5.4 it/s
step  212500 | cos 0.5857 | thought 0.8346 dec_ce 1.7192 | 5.4 it/s
step  212550 | cos 0.5843 | thought 0.7996 dec_ce 1.7827 | 5.2 it/s
step  212600 | cos 0.5824 | thought 0.8312 dec_ce 1.7725 | 5.4 it/s
step  212650 | cos 0.5864 | thought 0.8921 dec_ce 1.829 | 5.5 it/s
step  212700 | cos 0.5834 | thought 0.8434 dec_ce 1.6674 | 5.5 it/s
step  212750 | cos 0.5838 | thought 0.922 dec_ce 1.8385 | 5.4 it/s
step  212800 | cos 0.5798 | thought 0.8598 dec_ce 1.8572 | 5.2 it/s
step  212850 | cos 0.5855 | thought 0.8805 dec_ce 1.8219 | 5.4 it/s
step  212900 | cos 0.5827 | thought 0.8537 dec_ce 1.795 | 5.4 it/s
step  212950 | cos 0.5887 | thought 0.8983 dec_ce 1.835 | 5.5 it/s
step  213000 | cos 0.5808 | thought 0.8831 dec_ce 1.8085 | 5.3 it/s
step  213050 | cos 0.5857 | thought 0.8393 dec_ce 1.785 | 5.1 it/s
step  213100 | cos 0.5828 | thought 0.873 dec_ce 1.7135 | 5.5 it/s
step  213150 | cos 0.5803 | thought 0.828 dec_ce 1.6173 | 5.4 it/s
step  213200 | cos 0.5792 | thought 0.7927 dec_ce 1.5692 | 5.3 it/s
step  213250 | cos 0.5838 | thought 0.8492 dec_ce 1.7326 | 5.4 it/s
step  213300 | cos 0.5847 | thought 0.8767 dec_ce 1.8719 | 5.4 it/s
step  213350 | cos 0.5798 | thought 0.9078 dec_ce 1.9226 | 5.3 it/s
step  213400 | cos 0.5829 | thought 0.8789 dec_ce 1.7911 | 5.4 it/s
step  213450 | cos 0.5813 | thought 0.8797 dec_ce 1.7943 | 5.2 it/s
step  213500 | cos 0.5873 | thought 0.8579 dec_ce 1.7657 | 5.3 it/s
step  213550 | cos 0.5879 | thought 0.8305 dec_ce 1.7752 | 5.1 it/s
step  213600 | cos 0.5860 | thought 0.8095 dec_ce 1.8263 | 5.5 it/s
step  213650 | cos 0.5842 | thought 0.8314 dec_ce 1.6974 | 5.4 it/s
step  213700 | cos 0.5830 | thought 0.8516 dec_ce 1.8023 | 5.3 it/s
step  213750 | cos 0.5814 | thought 0.8406 dec_ce 1.6505 | 5.4 it/s
step  213800 | cos 0.5819 | thought 0.8794 dec_ce 1.7684 | 5.3 it/s
step  213850 | cos 0.5803 | thought 0.8394 dec_ce 1.6609 | 5.4 it/s
step  213900 | cos 0.5850 | thought 0.8368 dec_ce 1.6929 | 5.5 it/s
step  213950 | cos 0.5813 | thought 0.8213 dec_ce 1.8604 | 5.3 it/s
step  214000 | cos 0.5834 | thought 0.8626 dec_ce 1.7618 | 5.4 it/s
step  214000 | VAL cos 0.5841 | VAL dec CE 3.4171
step  214050 | cos 0.5836 | thought 0.8475 dec_ce 1.7004 | 4.2 it/s
step  214100 | cos 0.5827 | thought 0.8732 dec_ce 1.883 | 5.2 it/s
step  214150 | cos 0.5864 | thought 0.7833 dec_ce 1.6648 | 5.3 it/s
step  214200 | cos 0.5843 | thought 0.8733 dec_ce 1.8514 | 5.3 it/s
step  214250 | cos 0.5826 | thought 0.8435 dec_ce 1.6757 | 5.3 it/s
step  214300 | cos 0.5883 | thought 0.8761 dec_ce 1.749 | 5.4 it/s
step  214350 | cos 0.5827 | thought 0.8099 dec_ce 1.6332 | 5.4 it/s
step  214400 | cos 0.5820 | thought 0.9103 dec_ce 1.9032 | 5.3 it/s
step  214450 | cos 0.5817 | thought 0.8454 dec_ce 1.6891 | 5.3 it/s
step  214500 | cos 0.5857 | thought 0.8127 dec_ce 1.69 | 5.3 it/s
step  214550 | cos 0.5842 | thought 0.8592 dec_ce 1.7452 | 5.1 it/s
step  214600 | cos 0.5851 | thought 0.822 dec_ce 1.8154 | 5.2 it/s
step  214650 | cos 0.5789 | thought 0.8301 dec_ce 1.7851 | 5.5 it/s
step  214700 | cos 0.5841 | thought 0.8848 dec_ce 1.8473 | 5.3 it/s
step  214750 | cos 0.5844 | thought 0.8816 dec_ce 1.772 | 5.4 it/s
step  214800 | cos 0.5798 | thought 0.8474 dec_ce 1.7089 | 5.3 it/s
step  214850 | cos 0.5812 | thought 0.8199 dec_ce 1.7881 | 5.2 it/s
step  214900 | cos 0.5818 | thought 0.9034 dec_ce 1.8919 | 5.1 it/s
step  214950 | cos 0.5834 | thought 0.8406 dec_ce 1.74 | 5.4 it/s
step  215000 | cos 0.5856 | thought 0.9156 dec_ce 1.9887 | 5.3 it/s
step  215050 | cos 0.5814 | thought 0.8493 dec_ce 1.8295 | 5.1 it/s
step  215100 | cos 0.5850 | thought 0.8259 dec_ce 1.7525 | 5.3 it/s
step  215150 | cos 0.5883 | thought 0.8772 dec_ce 1.831 | 5.4 it/s
step  215200 | cos 0.5840 | thought 0.8218 dec_ce 1.7188 | 5.2 it/s
step  215250 | cos 0.5815 | thought 0.8434 dec_ce 1.7759 | 5.2 it/s
step  215300 | cos 0.5846 | thought 0.8277 dec_ce 1.9103 | 5.3 it/s
step  215350 | cos 0.5792 | thought 0.8372 dec_ce 1.7918 | 5.2 it/s
step  215400 | cos 0.5821 | thought 0.8554 dec_ce 1.7474 | 5.3 it/s
step  215450 | cos 0.5835 | thought 0.8733 dec_ce 1.8126 | 5.5 it/s
step  215500 | cos 0.5827 | thought 0.8348 dec_ce 1.7617 | 5.3 it/s
step  215550 | cos 0.5863 | thought 0.8034 dec_ce 1.6468 | 5.2 it/s
step  215600 | cos 0.5828 | thought 0.8466 dec_ce 1.7464 | 5.3 it/s
step  215650 | cos 0.5856 | thought 0.7941 dec_ce 1.5436 | 5.4 it/s
step  215700 | cos 0.5796 | thought 0.9058 dec_ce 1.886 | 5.2 it/s
step  215750 | cos 0.5864 | thought 0.8422 dec_ce 1.8748 | 5.3 it/s
step  215800 | cos 0.5817 | thought 0.8139 dec_ce 1.6076 | 5.3 it/s
step  215850 | cos 0.5834 | thought 0.8281 dec_ce 1.7053 | 5.4 it/s
step  215900 | cos 0.5880 | thought 0.8682 dec_ce 1.7683 | 5.3 it/s
step  215950 | cos 0.5813 | thought 0.8566 dec_ce 1.7449 | 5.4 it/s
step  216000 | cos 0.5831 | thought 0.8563 dec_ce 1.8071 | 5.4 it/s
step  216000 | VAL cos 0.5829 | VAL dec CE 3.4161
step  216050 | cos 0.5827 | thought 0.8766 dec_ce 1.7125 | 4.2 it/s
step  216100 | cos 0.5844 | thought 0.7956 dec_ce 1.6476 | 5.4 it/s
step  216150 | cos 0.5813 | thought 0.8444 dec_ce 1.6495 | 5.3 it/s
step  216200 | cos 0.5838 | thought 0.8756 dec_ce 1.8231 | 5.3 it/s
step  216250 | cos 0.5835 | thought 0.8381 dec_ce 1.8162 | 5.3 it/s
step  216300 | cos 0.5826 | thought 0.8412 dec_ce 1.7541 | 5.3 it/s
step  216350 | cos 0.5776 | thought 0.8825 dec_ce 1.8941 | 5.2 it/s
step  216400 | cos 0.5804 | thought 0.8847 dec_ce 1.8505 | 5.4 it/s
step  216450 | cos 0.5848 | thought 0.8285 dec_ce 1.581 | 5.3 it/s
step  216500 | cos 0.5852 | thought 0.8773 dec_ce 1.9871 | 5.3 it/s
step  216550 | cos 0.5809 | thought 0.8582 dec_ce 1.8564 | 5.2 it/s
step  216600 | cos 0.5897 | thought 0.8453 dec_ce 1.7587 | 5.4 it/s
step  216650 | cos 0.5833 | thought 0.892 dec_ce 1.8395 | 5.4 it/s
step  216700 | cos 0.5875 | thought 0.8689 dec_ce 1.8718 | 5.4 it/s
step  216750 | cos 0.5906 | thought 0.8104 dec_ce 1.7205 | 5.4 it/s
step  216800 | cos 0.5845 | thought 0.8224 dec_ce 1.7024 | 5.4 it/s
step  216850 | cos 0.5845 | thought 0.8218 dec_ce 1.6371 | 5.4 it/s
step  216900 | cos 0.5853 | thought 0.8487 dec_ce 1.7344 | 5.3 it/s
step  216950 | cos 0.5811 | thought 0.7944 dec_ce 1.6463 | 5.4 it/s
step  217000 | cos 0.5822 | thought 0.8753 dec_ce 1.8989 | 5.2 it/s
step  217050 | cos 0.5855 | thought 0.8851 dec_ce 1.7761 | 5.2 it/s
step  217100 | cos 0.5851 | thought 0.8045 dec_ce 1.6066 | 5.4 it/s
step  217150 | cos 0.5845 | thought 0.8538 dec_ce 1.8681 | 5.4 it/s
step  217200 | cos 0.5852 | thought 0.8364 dec_ce 1.7091 | 5.3 it/s
step  217250 | cos 0.5832 | thought 0.8589 dec_ce 1.783 | 5.3 it/s
step  217300 | cos 0.5821 | thought 0.8261 dec_ce 1.7158 | 5.5 it/s
step  217350 | cos 0.5814 | thought 0.8371 dec_ce 1.7939 | 5.2 it/s
step  217400 | cos 0.5840 | thought 0.8301 dec_ce 1.7342 | 5.3 it/s
step  217450 | cos 0.5826 | thought 0.8145 dec_ce 1.5556 | 5.3 it/s
step  217500 | cos 0.5860 | thought 0.8579 dec_ce 1.8431 | 5.3 it/s
step  217550 | cos 0.5855 | thought 0.8496 dec_ce 1.8782 | 5.1 it/s
step  217600 | cos 0.5879 | thought 0.8084 dec_ce 1.6946 | 5.4 it/s
step  217650 | cos 0.5852 | thought 0.8763 dec_ce 1.7708 | 5.3 it/s
step  217700 | cos 0.5851 | thought 0.8825 dec_ce 1.856 | 5.4 it/s
step  217750 | cos 0.5791 | thought 0.8248 dec_ce 1.6269 | 5.3 it/s
step  217800 | cos 0.5855 | thought 0.8593 dec_ce 1.8126 | 5.3 it/s
step  217850 | cos 0.5831 | thought 0.83 dec_ce 1.6938 | 5.3 it/s
step  217900 | cos 0.5825 | thought 0.868 dec_ce 1.9741 | 5.3 it/s
step  217950 | cos 0.5798 | thought 0.9008 dec_ce 1.862 | 5.2 it/s
step  218000 | cos 0.5830 | thought 0.8393 dec_ce 1.7308 | 5.3 it/s
step  218000 | VAL cos 0.5833 | VAL dec CE 3.4155
step  218050 | cos 0.5818 | thought 0.8474 dec_ce 1.7864 | 4.3 it/s
step  218100 | cos 0.5844 | thought 0.8752 dec_ce 1.8718 | 5.3 it/s
step  218150 | cos 0.5836 | thought 0.9145 dec_ce 1.8761 | 5.3 it/s
step  218200 | cos 0.5822 | thought 0.8666 dec_ce 1.761 | 5.3 it/s
step  218250 | cos 0.5879 | thought 0.816 dec_ce 1.6382 | 5.4 it/s
step  218300 | cos 0.5846 | thought 0.9113 dec_ce 2.0603 | 5.2 it/s
step  218350 | cos 0.5851 | thought 0.8293 dec_ce 1.721 | 5.3 it/s
step  218400 | cos 0.5790 | thought 0.862 dec_ce 1.7677 | 5.4 it/s
step  218450 | cos 0.5844 | thought 0.8457 dec_ce 1.7452 | 5.3 it/s
step  218500 | cos 0.5850 | thought 0.808 dec_ce 1.6283 | 5.3 it/s
step  218550 | cos 0.5858 | thought 0.8677 dec_ce 1.805 | 5.3 it/s
step  218600 | cos 0.5797 | thought 0.7963 dec_ce 1.7366 | 5.3 it/s
step  218650 | cos 0.5862 | thought 0.8626 dec_ce 1.822 | 5.3 it/s
step  218700 | cos 0.5858 | thought 0.8525 dec_ce 1.7306 | 5.3 it/s
step  218750 | cos 0.5816 | thought 0.8679 dec_ce 1.8975 | 5.4 it/s
step  218800 | cos 0.5834 | thought 0.8385 dec_ce 1.789 | 5.4 it/s
step  218850 | cos 0.5828 | thought 0.8566 dec_ce 2.0061 | 5.3 it/s
step  218900 | cos 0.5894 | thought 0.8414 dec_ce 1.7987 | 5.5 it/s
step  218950 | cos 0.5889 | thought 0.848 dec_ce 1.6993 | 5.2 it/s
step  219000 | cos 0.5864 | thought 0.8665 dec_ce 1.8354 | 5.4 it/s
step  219050 | cos 0.5856 | thought 0.8068 dec_ce 1.6527 | 5.2 it/s
step  219100 | cos 0.5835 | thought 0.8792 dec_ce 1.8185 | 5.2 it/s
step  219150 | cos 0.5842 | thought 0.826 dec_ce 1.7371 | 5.2 it/s
step  219200 | cos 0.5837 | thought 0.9018 dec_ce 1.7978 | 5.4 it/s
step  219250 | cos 0.5847 | thought 0.8163 dec_ce 1.6503 | 5.4 it/s
step  219300 | cos 0.5831 | thought 0.8754 dec_ce 1.7171 | 5.2 it/s
step  219350 | cos 0.5835 | thought 0.9211 dec_ce 1.9105 | 5.3 it/s
step  219400 | cos 0.5844 | thought 0.8564 dec_ce 1.6274 | 5.5 it/s
step  219450 | cos 0.5808 | thought 0.8465 dec_ce 1.7951 | 5.3 it/s
step  219500 | cos 0.5789 | thought 0.8541 dec_ce 1.7848 | 5.3 it/s
step  219550 | cos 0.5822 | thought 0.8286 dec_ce 1.7372 | 5.0 it/s
step  219600 | cos 0.5837 | thought 0.8465 dec_ce 1.8859 | 5.2 it/s
step  219650 | cos 0.5830 | thought 0.8423 dec_ce 1.7688 | 5.3 it/s
step  219700 | cos 0.5821 | thought 0.8145 dec_ce 1.9112 | 5.3 it/s
step  219750 | cos 0.5848 | thought 0.8387 dec_ce 1.777 | 5.3 it/s
step  219800 | cos 0.5878 | thought 0.8604 dec_ce 1.7754 | 5.2 it/s
step  219850 | cos 0.5888 | thought 0.874 dec_ce 1.8744 | 5.5 it/s
step  219900 | cos 0.5883 | thought 0.89 dec_ce 1.8464 | 5.3 it/s
step  219950 | cos 0.5818 | thought 0.8701 dec_ce 1.6882 | 5.3 it/s
step  220000 | cos 0.5833 | thought 0.8331 dec_ce 1.6459 | 5.3 it/s
step  220000 | VAL cos 0.5827 | VAL dec CE 3.4230
step  220050 | cos 0.5871 | thought 0.8687 dec_ce 1.7606 | 4.3 it/s
step  220100 | cos 0.5777 | thought 0.8416 dec_ce 1.6507 | 5.3 it/s
step  220150 | cos 0.5813 | thought 0.8093 dec_ce 1.6968 | 5.4 it/s
step  220200 | cos 0.5864 | thought 0.8513 dec_ce 1.8112 | 5.4 it/s
step  220250 | cos 0.5845 | thought 0.8327 dec_ce 1.7834 | 5.3 it/s
step  220300 | cos 0.5811 | thought 0.8289 dec_ce 1.6522 | 5.2 it/s
step  220350 | cos 0.5832 | thought 0.8542 dec_ce 1.6654 | 5.2 it/s
step  220400 | cos 0.5861 | thought 0.8847 dec_ce 1.8326 | 5.3 it/s
step  220450 | cos 0.5817 | thought 0.8404 dec_ce 1.7615 | 5.4 it/s
step  220500 | cos 0.5805 | thought 0.855 dec_ce 1.6696 | 5.3 it/s
step  220550 | cos 0.5871 | thought 0.8194 dec_ce 1.8753 | 5.2 it/s
step  220600 | cos 0.5884 | thought 0.8191 dec_ce 1.7052 | 5.2 it/s
step  220650 | cos 0.5819 | thought 0.8455 dec_ce 1.7567 | 5.3 it/s
step  220700 | cos 0.5837 | thought 0.8791 dec_ce 1.863 | 5.2 it/s
step  220750 | cos 0.5875 | thought 0.846 dec_ce 1.7519 | 5.4 it/s
step  220800 | cos 0.5842 | thought 0.8726 dec_ce 1.8843 | 5.3 it/s
step  220850 | cos 0.5782 | thought 0.839 dec_ce 1.8315 | 5.3 it/s
step  220900 | cos 0.5854 | thought 0.8433 dec_ce 1.5994 | 5.3 it/s
step  220950 | cos 0.5871 | thought 0.884 dec_ce 1.8295 | 5.2 it/s
step  221000 | cos 0.5830 | thought 0.8356 dec_ce 1.7595 | 5.1 it/s
step  221050 | cos 0.5850 | thought 0.8509 dec_ce 1.7866 | 5.1 it/s
step  221100 | cos 0.5877 | thought 0.8245 dec_ce 1.6023 | 5.3 it/s
step  221150 | cos 0.5877 | thought 0.8488 dec_ce 1.7782 | 5.2 it/s
step  221200 | cos 0.5852 | thought 0.8654 dec_ce 1.7696 | 5.3 it/s
step  221250 | cos 0.5840 | thought 0.8141 dec_ce 1.7672 | 5.3 it/s
step  221300 | cos 0.5812 | thought 0.8768 dec_ce 1.7759 | 5.3 it/s
step  221350 | cos 0.5845 | thought 0.873 dec_ce 1.7767 | 5.3 it/s
step  221400 | cos 0.5791 | thought 0.8848 dec_ce 1.8207 | 5.3 it/s
step  221450 | cos 0.5842 | thought 0.8715 dec_ce 1.8007 | 5.2 it/s
step  221500 | cos 0.5796 | thought 0.8585 dec_ce 1.7943 | 5.2 it/s
step  221550 | cos 0.5836 | thought 0.8121 dec_ce 1.5446 | 5.2 it/s
step  221600 | cos 0.5869 | thought 0.8898 dec_ce 1.9055 | 5.2 it/s
step  221650 | cos 0.5824 | thought 0.8642 dec_ce 1.786 | 5.3 it/s
step  221700 | cos 0.5868 | thought 0.8772 dec_ce 1.6665 | 5.4 it/s
step  221750 | cos 0.5854 | thought 0.8654 dec_ce 1.8661 | 5.3 it/s
step  221800 | cos 0.5866 | thought 0.8899 dec_ce 1.834 | 5.3 it/s
step  221850 | cos 0.5864 | thought 0.8817 dec_ce 1.7982 | 5.4 it/s
step  221900 | cos 0.5810 | thought 0.8411 dec_ce 1.7221 | 5.4 it/s
step  221950 | cos 0.5851 | thought 0.832 dec_ce 1.8947 | 5.4 it/s
step  222000 | cos 0.5873 | thought 0.8533 dec_ce 1.8439 | 5.3 it/s
step  222000 | VAL cos 0.5834 | VAL dec CE 3.4163
step  222050 | cos 0.5856 | thought 0.8758 dec_ce 1.8403 | 4.4 it/s
step  222100 | cos 0.5829 | thought 0.8858 dec_ce 1.8459 | 5.3 it/s
step  222150 | cos 0.5876 | thought 0.8458 dec_ce 1.8089 | 5.2 it/s
step  222200 | cos 0.5832 | thought 0.8178 dec_ce 1.7257 | 5.3 it/s
step  222250 | cos 0.5818 | thought 0.9022 dec_ce 1.8748 | 5.2 it/s
step  222300 | cos 0.5858 | thought 0.8163 dec_ce 1.7365 | 5.3 it/s
step  222350 | cos 0.5832 | thought 0.8415 dec_ce 1.7401 | 5.4 it/s
step  222400 | cos 0.5868 | thought 0.8294 dec_ce 1.7046 | 5.4 it/s
step  222450 | cos 0.5836 | thought 0.8401 dec_ce 1.9082 | 5.4 it/s
step  222500 | cos 0.5858 | thought 0.7925 dec_ce 1.6042 | 5.3 it/s
step  222550 | cos 0.5817 | thought 0.8295 dec_ce 1.6695 | 5.2 it/s
step  222600 | cos 0.5860 | thought 0.8452 dec_ce 1.7753 | 5.4 it/s
step  222650 | cos 0.5851 | thought 0.8055 dec_ce 1.6746 | 5.3 it/s
step  222700 | cos 0.5832 | thought 0.8207 dec_ce 1.5318 | 5.3 it/s
step  222750 | cos 0.5820 | thought 0.8533 dec_ce 1.7486 | 5.2 it/s
step  222800 | cos 0.5836 | thought 0.83 dec_ce 1.8148 | 5.4 it/s
step  222850 | cos 0.5795 | thought 0.9186 dec_ce 1.8935 | 5.4 it/s
step  222900 | cos 0.5849 | thought 0.8315 dec_ce 1.7007 | 5.3 it/s
step  222950 | cos 0.5814 | thought 0.8499 dec_ce 1.7581 | 5.3 it/s
step  223000 | cos 0.5824 | thought 0.8747 dec_ce 1.8513 | 5.3 it/s
step  223050 | cos 0.5825 | thought 0.8591 dec_ce 1.7797 | 5.1 it/s
step  223100 | cos 0.5838 | thought 0.8398 dec_ce 1.6808 | 5.2 it/s
step  223150 | cos 0.5824 | thought 0.8629 dec_ce 1.632 | 5.4 it/s
step  223200 | cos 0.5813 | thought 0.8633 dec_ce 1.8796 | 5.3 it/s
step  223250 | cos 0.5819 | thought 0.8101 dec_ce 1.6994 | 5.4 it/s
step  223300 | cos 0.5832 | thought 0.8986 dec_ce 1.786 | 5.4 it/s
step  223350 | cos 0.5818 | thought 0.8246 dec_ce 1.7861 | 5.2 it/s
step  223400 | cos 0.5819 | thought 0.8197 dec_ce 1.6526 | 5.2 it/s
step  223450 | cos 0.5807 | thought 0.8162 dec_ce 1.6939 | 5.2 it/s
step  223500 | cos 0.5829 | thought 0.8439 dec_ce 1.6658 | 5.3 it/s
step  223550 | cos 0.5841 | thought 0.8656 dec_ce 1.6818 | 5.1 it/s
step  223600 | cos 0.5821 | thought 0.8384 dec_ce 1.8202 | 5.4 it/s
step  223650 | cos 0.5837 | thought 0.8143 dec_ce 1.6967 | 5.2 it/s
step  223700 | cos 0.5837 | thought 0.8517 dec_ce 1.6933 | 5.3 it/s
step  223750 | cos 0.5810 | thought 0.8785 dec_ce 1.7576 | 5.3 it/s
step  223800 | cos 0.5837 | thought 0.9203 dec_ce 2.1251 | 5.3 it/s
step  223850 | cos 0.5788 | thought 0.8782 dec_ce 1.8346 | 5.2 it/s
step  223900 | cos 0.5832 | thought 0.8486 dec_ce 1.645 | 5.4 it/s
step  223950 | cos 0.5861 | thought 0.8536 dec_ce 1.7744 | 5.3 it/s
step  224000 | cos 0.5809 | thought 0.8308 dec_ce 1.7103 | 5.1 it/s
step  224000 | VAL cos 0.5843 | VAL dec CE 3.4155
step  224050 | cos 0.5810 | thought 0.8331 dec_ce 1.736 | 4.2 it/s
step  224100 | cos 0.5827 | thought 0.8366 dec_ce 1.688 | 5.5 it/s
step  224150 | cos 0.5821 | thought 0.8957 dec_ce 1.8731 | 5.2 it/s
step  224200 | cos 0.5849 | thought 0.7748 dec_ce 1.6153 | 5.5 it/s
step  224250 | cos 0.5830 | thought 0.8189 dec_ce 1.9159 | 5.3 it/s
step  224300 | cos 0.5812 | thought 0.8575 dec_ce 1.7128 | 5.3 it/s
step  224350 | cos 0.5800 | thought 0.8282 dec_ce 1.7157 | 5.3 it/s
step  224400 | cos 0.5869 | thought 0.8537 dec_ce 1.815 | 5.2 it/s
step  224450 | cos 0.5832 | thought 0.8913 dec_ce 1.8386 | 5.2 it/s
step  224500 | cos 0.5853 | thought 0.8324 dec_ce 1.8073 | 5.4 it/s
step  224550 | cos 0.5870 | thought 0.8735 dec_ce 1.8108 | 5.1 it/s
step  224600 | cos 0.5852 | thought 0.8637 dec_ce 1.8001 | 5.4 it/s
step  224650 | cos 0.5835 | thought 0.9072 dec_ce 1.8286 | 5.3 it/s
step  224700 | cos 0.5820 | thought 0.8135 dec_ce 1.6521 | 5.3 it/s
step  224750 | cos 0.5814 | thought 0.8468 dec_ce 1.6719 | 5.2 it/s
step  224800 | cos 0.5840 | thought 0.9071 dec_ce 1.8598 | 5.3 it/s
step  224850 | cos 0.5861 | thought 0.7978 dec_ce 1.5358 | 5.3 it/s
step  224900 | cos 0.5842 | thought 0.8297 dec_ce 1.6978 | 5.3 it/s
step  224950 | cos 0.5852 | thought 0.8697 dec_ce 1.7736 | 5.3 it/s
step  225000 | cos 0.5814 | thought 0.8541 dec_ce 1.7806 | 5.3 it/s

Run 'm4_frontier' done: 225000 steps | final val cos 0.5838 dec CE 3.4143 (best 3.4140)
/home/nochi/vault/projects/ThoughtVectors/thoughtvec/.venv/lib/python3.12/site-packages/torch/nn/modules/transformer.py:392: UserWarning: enable_nested_tensor is True, but self.use_nested_tensor is False because encoder_layer.norm_first was True
  warnings.warn(
{"ckpt": "checkpoints/m4_frontier/best.pt", "val_cos": 0.4658, "val_dec_ce": 3.8009, "ref_f1": 0.3197, "distinct1": 0.0221, "distinct2": 0.0862, "len_ratio": 0.85, "rows": 1024}
