=== thinker ablation R4_CTL (7200s): thinker.n_hypotheses=4 thinker.w_decoder=0.5 thinker.k_ctx=8 thinker.k_out=8 thinker.k_out_random_prefix=true thinker.k_out_min=4 data.shard_dir=data/dialogue_combined ===
/home/nochi/vault/projects/ThoughtVectors/thoughtvec/.venv/lib/python3.12/site-packages/torch/nn/modules/transformer.py:392: UserWarning: enable_nested_tensor is True, but self.use_nested_tensor is False because encoder_layer.norm_first was True
  warnings.warn(
thinker params: 15.10M (codec d=384, frozen=True)
step      50 | cos 0.0372 | thought 2.5155 dec_ce 2.7113 | 4.2 it/s
step     100 | cos 0.0976 | thought 2.2936 dec_ce 2.4196 | 4.5 it/s
step     150 | cos 0.1819 | thought 2.0896 dec_ce 2.2772 | 4.5 it/s
step     200 | cos 0.2298 | thought 2.0804 dec_ce 2.4369 | 4.6 it/s
step     250 | cos 0.2503 | thought 2.0057 dec_ce 2.3331 | 4.5 it/s
step     300 | cos 0.2614 | thought 1.9487 dec_ce 2.2422 | 4.6 it/s
step     350 | cos 0.2737 | thought 1.884 dec_ce 2.1142 | 4.7 it/s
step     400 | cos 0.2841 | thought 1.8946 dec_ce 2.3697 | 4.6 it/s
step     450 | cos 0.3045 | thought 1.7805 dec_ce 2.2515 | 4.5 it/s
step     500 | cos 0.3253 | thought 1.7456 dec_ce 2.1222 | 4.8 it/s
step     500 | VAL cos 0.3487 | VAL dec CE 4.1814
step     550 | cos 0.3472 | thought 1.6317 dec_ce 2.1436 | 3.8 it/s
step     600 | cos 0.3812 | thought 1.5336 dec_ce 2.0263 | 4.5 it/s
step     650 | cos 0.4014 | thought 1.4992 dec_ce 2.1583 | 4.6 it/s
step     700 | cos 0.4204 | thought 1.5262 dec_ce 2.2385 | 4.7 it/s
step     750 | cos 0.4283 | thought 1.44 dec_ce 2.3389 | 4.6 it/s
step     800 | cos 0.4325 | thought 1.4186 dec_ce 2.0422 | 4.6 it/s
step     850 | cos 0.4433 | thought 1.4002 dec_ce 2.2304 | 4.6 it/s
step     900 | cos 0.4509 | thought 1.4414 dec_ce 2.3288 | 4.5 it/s
step     950 | cos 0.4543 | thought 1.4284 dec_ce 2.28 | 4.7 it/s
step    1000 | cos 0.4539 | thought 1.3475 dec_ce 2.1077 | 4.5 it/s
step    1000 | VAL cos 0.4730 | VAL dec CE 4.0741
step    1050 | cos 0.4589 | thought 1.3386 dec_ce 2.1475 | 3.6 it/s
step    1100 | cos 0.4637 | thought 1.373 dec_ce 2.2625 | 4.5 it/s
step    1150 | cos 0.4632 | thought 1.2911 dec_ce 2.0912 | 4.5 it/s
step    1200 | cos 0.4674 | thought 1.2539 dec_ce 2.1747 | 4.6 it/s
step    1250 | cos 0.4667 | thought 1.2591 dec_ce 2.162 | 4.5 it/s
step    1300 | cos 0.4711 | thought 1.2516 dec_ce 2.2057 | 4.7 it/s
step    1350 | cos 0.4711 | thought 1.2821 dec_ce 2.1312 | 4.6 it/s
step    1400 | cos 0.4747 | thought 1.2453 dec_ce 2.1025 | 4.6 it/s
step    1450 | cos 0.4714 | thought 1.1998 dec_ce 2.1398 | 4.4 it/s
step    1500 | cos 0.4739 | thought 1.2065 dec_ce 2.1858 | 4.5 it/s
step    1500 | VAL cos 0.4888 | VAL dec CE 4.0309
step    1550 | cos 0.4747 | thought 1.1367 dec_ce 2.0079 | 3.7 it/s
step    1600 | cos 0.4789 | thought 1.1364 dec_ce 2.0243 | 4.6 it/s
step    1650 | cos 0.4767 | thought 1.1057 dec_ce 1.9915 | 4.5 it/s
step    1700 | cos 0.4777 | thought 1.1447 dec_ce 2.0531 | 4.6 it/s
step    1750 | cos 0.4808 | thought 1.1174 dec_ce 2.061 | 4.6 it/s
step    1800 | cos 0.4782 | thought 1.1352 dec_ce 2.3428 | 4.5 it/s
step    1850 | cos 0.4782 | thought 1.158 dec_ce 2.1661 | 4.7 it/s
step    1900 | cos 0.4764 | thought 1.0816 dec_ce 2.1092 | 4.6 it/s
step    1950 | cos 0.4805 | thought 1.1175 dec_ce 2.216 | 4.5 it/s
step    2000 | cos 0.4792 | thought 1.0595 dec_ce 2.1062 | 4.6 it/s
step    2000 | VAL cos 0.4930 | VAL dec CE 3.9938
step    2050 | cos 0.4793 | thought 1.0568 dec_ce 2.0168 | 3.6 it/s
step    2100 | cos 0.4828 | thought 1.0991 dec_ce 2.1245 | 4.5 it/s
step    2150 | cos 0.4813 | thought 1.1289 dec_ce 2.248 | 4.6 it/s
step    2200 | cos 0.4812 | thought 1.0782 dec_ce 2.1154 | 4.6 it/s
step    2250 | cos 0.4837 | thought 1.0406 dec_ce 2.1578 | 4.6 it/s
step    2300 | cos 0.4825 | thought 1.0415 dec_ce 2.1613 | 4.5 it/s
step    2350 | cos 0.4831 | thought 1.0702 dec_ce 2.2222 | 4.6 it/s
step    2400 | cos 0.4828 | thought 1.116 dec_ce 2.1907 | 4.6 it/s
step    2450 | cos 0.4831 | thought 1.0648 dec_ce 2.2244 | 4.7 it/s
step    2500 | cos 0.4865 | thought 1.0225 dec_ce 2.0265 | 4.7 it/s
step    2500 | VAL cos 0.4974 | VAL dec CE 3.9848
step    2550 | cos 0.4828 | thought 1.02 dec_ce 2.0957 | 3.6 it/s
step    2600 | cos 0.4881 | thought 1.011 dec_ce 2.013 | 4.6 it/s
step    2650 | cos 0.4880 | thought 1.0605 dec_ce 2.2001 | 4.6 it/s
step    2700 | cos 0.4872 | thought 1.0518 dec_ce 2.2263 | 4.5 it/s
step    2750 | cos 0.4887 | thought 1.0257 dec_ce 2.0197 | 4.6 it/s
step    2800 | cos 0.4875 | thought 1.0024 dec_ce 2.079 | 4.6 it/s
step    2850 | cos 0.4902 | thought 1.0197 dec_ce 2.2565 | 4.6 it/s
step    2900 | cos 0.4916 | thought 1.0393 dec_ce 2.0694 | 4.6 it/s
step    2950 | cos 0.4890 | thought 0.9906 dec_ce 1.9954 | 4.5 it/s
step    3000 | cos 0.4867 | thought 1.0357 dec_ce 2.0947 | 4.5 it/s
step    3000 | VAL cos 0.5022 | VAL dec CE 3.9834
step    3050 | cos 0.4897 | thought 0.9698 dec_ce 1.891 | 3.7 it/s
step    3100 | cos 0.4911 | thought 1.0098 dec_ce 2.1627 | 4.7 it/s
step    3150 | cos 0.4934 | thought 1.064 dec_ce 2.3654 | 4.6 it/s
step    3200 | cos 0.4916 | thought 1.0084 dec_ce 2.0746 | 4.5 it/s
step    3250 | cos 0.4908 | thought 1.0252 dec_ce 2.1016 | 4.5 it/s
step    3300 | cos 0.4930 | thought 1.0437 dec_ce 2.1936 | 4.6 it/s
step    3350 | cos 0.4897 | thought 1.051 dec_ce 2.0615 | 4.6 it/s
step    3400 | cos 0.4918 | thought 1.0073 dec_ce 2.0333 | 4.6 it/s
step    3450 | cos 0.4929 | thought 1.0106 dec_ce 2.0861 | 4.5 it/s
step    3500 | cos 0.4907 | thought 1.0427 dec_ce 2.0432 | 4.5 it/s
step    3500 | VAL cos 0.5014 | VAL dec CE 3.9780
step    3550 | cos 0.4895 | thought 1.0068 dec_ce 2.1618 | 3.5 it/s
step    3600 | cos 0.4929 | thought 1.0244 dec_ce 2.2396 | 4.6 it/s
step    3650 | cos 0.4889 | thought 1.0097 dec_ce 2.0462 | 4.5 it/s
step    3700 | cos 0.4944 | thought 1.019 dec_ce 2.0722 | 4.6 it/s
step    3750 | cos 0.4940 | thought 1.0312 dec_ce 2.1398 | 4.6 it/s
step    3800 | cos 0.4943 | thought 1.0087 dec_ce 2.0407 | 4.6 it/s
step    3850 | cos 0.4904 | thought 1.0521 dec_ce 2.304 | 4.6 it/s
step    3900 | cos 0.4957 | thought 1.0492 dec_ce 2.1925 | 4.7 it/s
step    3950 | cos 0.4933 | thought 0.9777 dec_ce 2.1295 | 4.5 it/s
step    4000 | cos 0.4945 | thought 1.0701 dec_ce 2.139 | 4.6 it/s
step    4000 | VAL cos 0.5053 | VAL dec CE 3.9584
step    4050 | cos 0.4946 | thought 1.0643 dec_ce 2.3404 | 3.6 it/s
step    4100 | cos 0.4947 | thought 1.0158 dec_ce 2.0807 | 4.6 it/s
step    4150 | cos 0.4944 | thought 0.9525 dec_ce 1.9707 | 4.5 it/s
step    4200 | cos 0.4929 | thought 1.0084 dec_ce 2.1085 | 4.6 it/s
step    4250 | cos 0.4934 | thought 1.0553 dec_ce 2.2517 | 4.6 it/s
step    4300 | cos 0.4952 | thought 0.9995 dec_ce 2.222 | 4.6 it/s
step    4350 | cos 0.4931 | thought 1.0011 dec_ce 2.0023 | 4.7 it/s
step    4400 | cos 0.4962 | thought 0.9965 dec_ce 2.0708 | 4.6 it/s
step    4450 | cos 0.4948 | thought 1.0566 dec_ce 2.2428 | 4.6 it/s
step    4500 | cos 0.4988 | thought 1.033 dec_ce 2.1362 | 4.7 it/s
step    4500 | VAL cos 0.5081 | VAL dec CE 3.9651
step    4550 | cos 0.4946 | thought 1.0064 dec_ce 1.986 | 3.7 it/s
step    4600 | cos 0.4952 | thought 1.006 dec_ce 2.1461 | 4.6 it/s
step    4650 | cos 0.4975 | thought 0.9757 dec_ce 2.0682 | 4.5 it/s
step    4700 | cos 0.4950 | thought 1.0367 dec_ce 2.1662 | 4.6 it/s
step    4750 | cos 0.4999 | thought 0.9955 dec_ce 1.9379 | 4.6 it/s
step    4800 | cos 0.4964 | thought 1.024 dec_ce 2.1808 | 4.7 it/s
step    4850 | cos 0.4985 | thought 1.0312 dec_ce 2.0621 | 4.5 it/s
step    4900 | cos 0.4979 | thought 0.9796 dec_ce 1.9909 | 4.5 it/s
step    4950 | cos 0.4951 | thought 1.0425 dec_ce 2.3009 | 4.6 it/s
step    5000 | cos 0.5000 | thought 1.0253 dec_ce 2.117 | 4.7 it/s
step    5000 | VAL cos 0.5080 | VAL dec CE 3.9537
step    5050 | cos 0.4979 | thought 1.0137 dec_ce 2.2564 | 3.6 it/s
step    5100 | cos 0.4963 | thought 1.0482 dec_ce 2.1889 | 4.6 it/s
step    5150 | cos 0.4970 | thought 1.0174 dec_ce 2.1678 | 4.5 it/s
step    5200 | cos 0.4985 | thought 1.01 dec_ce 2.0929 | 4.5 it/s
step    5250 | cos 0.4971 | thought 0.9896 dec_ce 2.0438 | 4.7 it/s
step    5300 | cos 0.4958 | thought 1.0143 dec_ce 2.1941 | 4.5 it/s
step    5350 | cos 0.4991 | thought 1.0391 dec_ce 2.1775 | 4.7 it/s
step    5400 | cos 0.4947 | thought 1.0151 dec_ce 2.162 | 4.5 it/s
step    5450 | cos 0.4968 | thought 1.0336 dec_ce 2.0387 | 4.6 it/s
step    5500 | cos 0.4962 | thought 1.0184 dec_ce 2.1435 | 4.7 it/s
step    5500 | VAL cos 0.5088 | VAL dec CE 3.9491
step    5550 | cos 0.4971 | thought 1.029 dec_ce 2.095 | 3.7 it/s
step    5600 | cos 0.4970 | thought 1.0314 dec_ce 2.2505 | 4.5 it/s
step    5650 | cos 0.4977 | thought 1.0149 dec_ce 2.0902 | 4.6 it/s
step    5700 | cos 0.4954 | thought 0.9928 dec_ce 2.0051 | 4.6 it/s
step    5750 | cos 0.4979 | thought 1.0601 dec_ce 2.2601 | 4.6 it/s
step    5800 | cos 0.4950 | thought 1.02 dec_ce 2.2364 | 4.6 it/s
step    5850 | cos 0.4990 | thought 1.0517 dec_ce 2.1208 | 4.6 it/s
step    5900 | cos 0.4990 | thought 1.0032 dec_ce 2.1234 | 4.7 it/s
step    5950 | cos 0.4996 | thought 1.0411 dec_ce 2.2291 | 4.6 it/s
step    6000 | cos 0.4977 | thought 0.9886 dec_ce 1.9633 | 4.6 it/s
step    6000 | VAL cos 0.5077 | VAL dec CE 3.9388
step    6050 | cos 0.4976 | thought 1.0102 dec_ce 2.2188 | 3.6 it/s
step    6100 | cos 0.5002 | thought 0.9452 dec_ce 1.9727 | 4.5 it/s
step    6150 | cos 0.5009 | thought 1.0167 dec_ce 2.1094 | 4.7 it/s
step    6200 | cos 0.4998 | thought 1.0172 dec_ce 2.122 | 4.6 it/s
step    6250 | cos 0.5014 | thought 1.0055 dec_ce 2.016 | 4.6 it/s
step    6300 | cos 0.4968 | thought 1.0038 dec_ce 2.1201 | 4.6 it/s
step    6350 | cos 0.5002 | thought 1.0064 dec_ce 2.1106 | 4.6 it/s
step    6400 | cos 0.5013 | thought 0.9489 dec_ce 1.9846 | 4.6 it/s
step    6450 | cos 0.5013 | thought 1.0778 dec_ce 2.2618 | 4.5 it/s
step    6500 | cos 0.5000 | thought 0.9792 dec_ce 2.1006 | 4.6 it/s
step    6500 | VAL cos 0.5096 | VAL dec CE 3.9401
step    6550 | cos 0.4946 | thought 1.0174 dec_ce 2.1091 | 3.7 it/s
step    6600 | cos 0.4988 | thought 1.026 dec_ce 2.1432 | 4.6 it/s
step    6650 | cos 0.4986 | thought 0.994 dec_ce 1.9633 | 4.4 it/s
step    6700 | cos 0.5010 | thought 0.9671 dec_ce 2.1119 | 4.6 it/s
step    6750 | cos 0.4985 | thought 0.9808 dec_ce 2.0706 | 4.7 it/s
step    6800 | cos 0.4984 | thought 1.0392 dec_ce 2.2024 | 4.6 it/s
step    6850 | cos 0.4983 | thought 1.008 dec_ce 2.0023 | 4.5 it/s
step    6900 | cos 0.5022 | thought 1.022 dec_ce 2.0997 | 4.7 it/s
step    6950 | cos 0.4986 | thought 1.0268 dec_ce 2.0373 | 4.6 it/s
step    7000 | cos 0.5010 | thought 1.0387 dec_ce 2.4066 | 4.5 it/s
step    7000 | VAL cos 0.5092 | VAL dec CE 3.9378
step    7050 | cos 0.4943 | thought 0.9564 dec_ce 1.8893 | 3.6 it/s
step    7100 | cos 0.5044 | thought 0.9532 dec_ce 2.0952 | 4.6 it/s
step    7150 | cos 0.5023 | thought 1.0145 dec_ce 2.0142 | 4.6 it/s
step    7200 | cos 0.4997 | thought 1.0383 dec_ce 2.1213 | 4.6 it/s
step    7250 | cos 0.4992 | thought 1.0793 dec_ce 2.3735 | 4.5 it/s
step    7300 | cos 0.5013 | thought 0.9823 dec_ce 2.0905 | 4.6 it/s
step    7350 | cos 0.5028 | thought 0.9746 dec_ce 1.9133 | 4.7 it/s
step    7400 | cos 0.5027 | thought 0.955 dec_ce 1.906 | 4.7 it/s
step    7450 | cos 0.4995 | thought 0.9887 dec_ce 2.115 | 4.5 it/s
step    7500 | cos 0.5029 | thought 0.9889 dec_ce 2.1235 | 4.5 it/s
step    7500 | VAL cos 0.5109 | VAL dec CE 3.9311
step    7550 | cos 0.5018 | thought 0.9848 dec_ce 2.0765 | 3.7 it/s
step    7600 | cos 0.5017 | thought 1.0125 dec_ce 2.2014 | 4.6 it/s
step    7650 | cos 0.5007 | thought 1.0225 dec_ce 2.202 | 4.6 it/s
step    7700 | cos 0.4992 | thought 1.0135 dec_ce 2.0735 | 4.6 it/s
step    7750 | cos 0.4989 | thought 0.9912 dec_ce 1.9974 | 4.7 it/s
step    7800 | cos 0.4991 | thought 1.0323 dec_ce 2.1192 | 4.6 it/s
step    7850 | cos 0.5006 | thought 1.0291 dec_ce 2.0959 | 4.5 it/s
step    7900 | cos 0.4997 | thought 1.0672 dec_ce 2.3126 | 4.7 it/s
step    7950 | cos 0.5019 | thought 0.993 dec_ce 2.1034 | 4.6 it/s
step    8000 | cos 0.5011 | thought 0.9591 dec_ce 1.9794 | 4.6 it/s
step    8000 | VAL cos 0.5101 | VAL dec CE 3.9211
step    8050 | cos 0.5038 | thought 0.9626 dec_ce 2.0063 | 3.7 it/s
step    8100 | cos 0.5055 | thought 0.9759 dec_ce 2.0151 | 4.8 it/s
step    8150 | cos 0.5022 | thought 0.9611 dec_ce 1.9056 | 4.6 it/s
step    8200 | cos 0.5019 | thought 0.9442 dec_ce 2.0296 | 4.5 it/s
step    8250 | cos 0.5052 | thought 0.9486 dec_ce 1.9332 | 4.5 it/s
step    8300 | cos 0.5012 | thought 1.0016 dec_ce 2.1563 | 4.6 it/s
step    8350 | cos 0.5015 | thought 0.9937 dec_ce 1.9651 | 4.6 it/s
step    8400 | cos 0.5006 | thought 1.0206 dec_ce 2.1878 | 4.6 it/s
step    8450 | cos 0.5015 | thought 1.0044 dec_ce 1.9934 | 4.7 it/s
step    8500 | cos 0.5027 | thought 0.9997 dec_ce 2.0913 | 4.6 it/s
step    8500 | VAL cos 0.5135 | VAL dec CE 3.9131
step    8550 | cos 0.4982 | thought 1.0253 dec_ce 2.1474 | 3.7 it/s
step    8600 | cos 0.5032 | thought 0.9463 dec_ce 1.9163 | 4.5 it/s
step    8650 | cos 0.5030 | thought 1.0361 dec_ce 2.2017 | 4.7 it/s
step    8700 | cos 0.5027 | thought 1.0088 dec_ce 2.0713 | 4.5 it/s
step    8750 | cos 0.5046 | thought 0.9661 dec_ce 2.1175 | 4.6 it/s
step    8800 | cos 0.5027 | thought 0.9752 dec_ce 2.1174 | 4.6 it/s
step    8850 | cos 0.5025 | thought 0.997 dec_ce 2.2389 | 4.6 it/s
step    8900 | cos 0.5047 | thought 1.0023 dec_ce 2.2281 | 4.6 it/s
step    8950 | cos 0.5003 | thought 1.0315 dec_ce 1.9918 | 4.6 it/s
step    9000 | cos 0.5047 | thought 1.0228 dec_ce 2.0354 | 4.7 it/s
step    9000 | VAL cos 0.5121 | VAL dec CE 3.9201
step    9050 | cos 0.5040 | thought 0.9921 dec_ce 2.0966 | 3.8 it/s
step    9100 | cos 0.5029 | thought 0.9793 dec_ce 1.9961 | 4.6 it/s
step    9150 | cos 0.5065 | thought 1.0178 dec_ce 2.1891 | 4.6 it/s
step    9200 | cos 0.5054 | thought 0.9863 dec_ce 2.0485 | 4.8 it/s
step    9250 | cos 0.5035 | thought 1.0379 dec_ce 2.2498 | 4.6 it/s
step    9300 | cos 0.5050 | thought 1.0218 dec_ce 2.1335 | 4.7 it/s
step    9350 | cos 0.5059 | thought 0.9894 dec_ce 2.0432 | 4.6 it/s
step    9400 | cos 0.5016 | thought 1.0032 dec_ce 2.0926 | 4.5 it/s
step    9450 | cos 0.5013 | thought 1.029 dec_ce 2.2291 | 4.7 it/s
step    9500 | cos 0.5030 | thought 0.9693 dec_ce 2.1039 | 4.5 it/s
step    9500 | VAL cos 0.5141 | VAL dec CE 3.9102
step    9550 | cos 0.5045 | thought 0.9998 dec_ce 1.9935 | 3.7 it/s
step    9600 | cos 0.5026 | thought 1.0345 dec_ce 2.0454 | 4.6 it/s
step    9650 | cos 0.5052 | thought 1.02 dec_ce 2.1998 | 4.6 it/s
step    9700 | cos 0.5039 | thought 1.0466 dec_ce 2.1205 | 4.6 it/s
step    9750 | cos 0.5063 | thought 0.9547 dec_ce 1.823 | 4.6 it/s
step    9800 | cos 0.5012 | thought 0.9784 dec_ce 1.9419 | 4.6 it/s
step    9850 | cos 0.5042 | thought 1.0165 dec_ce 2.0996 | 4.6 it/s
step    9900 | cos 0.5046 | thought 1.0436 dec_ce 2.2273 | 4.5 it/s
step    9950 | cos 0.5041 | thought 0.969 dec_ce 2.0244 | 4.6 it/s
step   10000 | cos 0.5009 | thought 0.951 dec_ce 1.9135 | 4.6 it/s
step   10000 | VAL cos 0.5153 | VAL dec CE 3.9079
step   10050 | cos 0.5065 | thought 0.9558 dec_ce 1.9014 | 3.6 it/s
step   10100 | cos 0.5060 | thought 0.9773 dec_ce 1.9945 | 4.7 it/s
step   10150 | cos 0.5025 | thought 0.9558 dec_ce 2.0599 | 4.6 it/s
step   10200 | cos 0.5064 | thought 1.0101 dec_ce 2.0473 | 4.6 it/s
step   10250 | cos 0.5019 | thought 0.929 dec_ce 2.0385 | 4.6 it/s
step   10300 | cos 0.5011 | thought 1.0262 dec_ce 2.1582 | 4.6 it/s
step   10350 | cos 0.5060 | thought 1.0134 dec_ce 2.0949 | 4.5 it/s
step   10400 | cos 0.5006 | thought 0.9665 dec_ce 2.0466 | 4.5 it/s
step   10450 | cos 0.5007 | thought 1.0306 dec_ce 2.0606 | 4.6 it/s
step   10500 | cos 0.5044 | thought 1.0283 dec_ce 2.2735 | 4.5 it/s
step   10500 | VAL cos 0.5164 | VAL dec CE 3.9100
step   10550 | cos 0.5018 | thought 1.0531 dec_ce 2.078 | 3.7 it/s
step   10600 | cos 0.5033 | thought 0.9895 dec_ce 2.1196 | 4.5 it/s
step   10650 | cos 0.5064 | thought 1.0173 dec_ce 2.2659 | 4.7 it/s
step   10700 | cos 0.5048 | thought 1.0132 dec_ce 2.2019 | 4.6 it/s
step   10750 | cos 0.5091 | thought 0.9777 dec_ce 1.9738 | 4.6 it/s
step   10800 | cos 0.5063 | thought 1.0292 dec_ce 2.1798 | 4.7 it/s
step   10850 | cos 0.5060 | thought 1.0209 dec_ce 2.2881 | 4.5 it/s
step   10900 | cos 0.5068 | thought 0.9453 dec_ce 1.9522 | 4.5 it/s
step   10950 | cos 0.5067 | thought 1.0356 dec_ce 2.1761 | 4.6 it/s
step   11000 | cos 0.5066 | thought 1.0208 dec_ce 2.2797 | 4.6 it/s
step   11000 | VAL cos 0.5190 | VAL dec CE 3.8984
step   11050 | cos 0.5095 | thought 0.9711 dec_ce 2.0206 | 3.7 it/s
step   11100 | cos 0.5048 | thought 1.0438 dec_ce 2.2308 | 4.6 it/s
step   11150 | cos 0.5079 | thought 0.9747 dec_ce 2.0313 | 4.5 it/s
step   11200 | cos 0.5098 | thought 0.9458 dec_ce 1.918 | 4.6 it/s
step   11250 | cos 0.5101 | thought 0.9851 dec_ce 2.0018 | 4.7 it/s
step   11300 | cos 0.5106 | thought 1.0326 dec_ce 2.0986 | 4.7 it/s
step   11350 | cos 0.5119 | thought 0.946 dec_ce 1.9364 | 4.6 it/s
step   11400 | cos 0.5097 | thought 0.9658 dec_ce 1.9472 | 4.5 it/s
step   11450 | cos 0.5070 | thought 1.0137 dec_ce 2.0912 | 4.5 it/s
step   11500 | cos 0.5100 | thought 0.9694 dec_ce 1.9876 | 4.6 it/s
step   11500 | VAL cos 0.5199 | VAL dec CE 3.8883
step   11550 | cos 0.5128 | thought 0.9973 dec_ce 2.1168 | 3.8 it/s
step   11600 | cos 0.5078 | thought 1.0241 dec_ce 2.2041 | 4.6 it/s
step   11650 | cos 0.5100 | thought 0.9945 dec_ce 2.0725 | 4.5 it/s
step   11700 | cos 0.5107 | thought 0.939 dec_ce 1.8627 | 4.7 it/s
step   11750 | cos 0.5094 | thought 0.9661 dec_ce 2.167 | 4.5 it/s
step   11800 | cos 0.5098 | thought 0.958 dec_ce 1.9455 | 4.6 it/s
step   11850 | cos 0.5080 | thought 1.0407 dec_ce 2.0921 | 4.5 it/s
step   11900 | cos 0.5075 | thought 0.9663 dec_ce 1.9062 | 4.5 it/s
step   11950 | cos 0.5103 | thought 0.9852 dec_ce 1.9515 | 4.6 it/s
step   12000 | cos 0.5162 | thought 0.9992 dec_ce 2.1467 | 4.6 it/s
step   12000 | VAL cos 0.5236 | VAL dec CE 3.8915
step   12050 | cos 0.5117 | thought 1.0066 dec_ce 2.1831 | 3.7 it/s
step   12100 | cos 0.5135 | thought 1.0084 dec_ce 2.0756 | 4.5 it/s
step   12150 | cos 0.5158 | thought 0.944 dec_ce 1.8968 | 4.6 it/s
step   12200 | cos 0.5135 | thought 0.975 dec_ce 2.085 | 4.6 it/s
step   12250 | cos 0.5153 | thought 0.9727 dec_ce 1.9727 | 4.7 it/s
step   12300 | cos 0.5126 | thought 0.9853 dec_ce 2.0793 | 4.7 it/s
step   12350 | cos 0.5119 | thought 0.9772 dec_ce 2.0022 | 4.6 it/s
step   12400 | cos 0.5123 | thought 0.948 dec_ce 1.9623 | 4.6 it/s
step   12450 | cos 0.5112 | thought 0.9924 dec_ce 2.0174 | 4.6 it/s
step   12500 | cos 0.5129 | thought 1.0551 dec_ce 2.0938 | 4.7 it/s
step   12500 | VAL cos 0.5224 | VAL dec CE 3.8806
step   12550 | cos 0.5153 | thought 0.9789 dec_ce 2.096 | 3.8 it/s
step   12600 | cos 0.5163 | thought 0.9725 dec_ce 2.1901 | 4.6 it/s
step   12650 | cos 0.5137 | thought 0.9947 dec_ce 2.1192 | 4.7 it/s
step   12700 | cos 0.5152 | thought 0.9611 dec_ce 2.0899 | 4.7 it/s
step   12750 | cos 0.5166 | thought 1.024 dec_ce 2.1777 | 4.5 it/s
step   12800 | cos 0.5131 | thought 1.0143 dec_ce 2.1341 | 4.6 it/s
step   12850 | cos 0.5116 | thought 0.9883 dec_ce 2.1291 | 4.5 it/s
step   12900 | cos 0.5187 | thought 0.9788 dec_ce 2.1748 | 4.7 it/s
step   12950 | cos 0.5161 | thought 0.9895 dec_ce 2.0261 | 4.7 it/s
step   13000 | cos 0.5144 | thought 0.9493 dec_ce 1.9805 | 4.6 it/s
step   13000 | VAL cos 0.5262 | VAL dec CE 3.8893
step   13050 | cos 0.5153 | thought 1.0311 dec_ce 2.2553 | 3.9 it/s
step   13100 | cos 0.5155 | thought 0.954 dec_ce 1.9776 | 4.7 it/s
step   13150 | cos 0.5140 | thought 1.0195 dec_ce 2.1206 | 4.7 it/s
step   13200 | cos 0.5184 | thought 0.9861 dec_ce 2.1023 | 4.5 it/s
step   13250 | cos 0.5118 | thought 0.9708 dec_ce 1.9374 | 4.7 it/s
step   13300 | cos 0.5181 | thought 1.0026 dec_ce 2.0377 | 4.6 it/s
step   13350 | cos 0.5119 | thought 0.9785 dec_ce 2.1332 | 4.6 it/s
step   13400 | cos 0.5155 | thought 0.9533 dec_ce 2.0637 | 4.6 it/s
step   13450 | cos 0.5160 | thought 0.9696 dec_ce 2.1754 | 4.6 it/s
step   13500 | cos 0.5159 | thought 0.9769 dec_ce 2.0107 | 4.5 it/s
step   13500 | VAL cos 0.5256 | VAL dec CE 3.8855
step   13550 | cos 0.5149 | thought 0.9791 dec_ce 1.9627 | 3.8 it/s
step   13600 | cos 0.5142 | thought 1.0208 dec_ce 2.1957 | 4.5 it/s
step   13650 | cos 0.5153 | thought 0.963 dec_ce 2.1878 | 4.5 it/s
step   13700 | cos 0.5176 | thought 0.9512 dec_ce 1.9039 | 4.7 it/s
step   13750 | cos 0.5147 | thought 0.9849 dec_ce 1.9221 | 4.5 it/s
step   13800 | cos 0.5134 | thought 0.9629 dec_ce 1.9889 | 4.5 it/s
step   13850 | cos 0.5155 | thought 0.9934 dec_ce 2.0866 | 4.6 it/s
step   13900 | cos 0.5148 | thought 1.0046 dec_ce 2.0863 | 4.6 it/s
step   13950 | cos 0.5142 | thought 0.9874 dec_ce 2.3225 | 4.4 it/s
step   14000 | cos 0.5168 | thought 1.0043 dec_ce 2.2455 | 4.5 it/s
step   14000 | VAL cos 0.5282 | VAL dec CE 3.8660
step   14050 | cos 0.5163 | thought 0.9599 dec_ce 2.0901 | 3.7 it/s
step   14100 | cos 0.5125 | thought 0.9964 dec_ce 2.0696 | 4.6 it/s
step   14150 | cos 0.5173 | thought 0.9305 dec_ce 2.0846 | 4.5 it/s
step   14200 | cos 0.5157 | thought 0.937 dec_ce 2.0182 | 4.6 it/s
step   14250 | cos 0.5109 | thought 0.9584 dec_ce 2.0165 | 4.5 it/s
step   14300 | cos 0.5158 | thought 0.9443 dec_ce 1.97 | 4.6 it/s
step   14350 | cos 0.5158 | thought 0.9833 dec_ce 2.0356 | 4.7 it/s
step   14400 | cos 0.5195 | thought 0.9574 dec_ce 2.0204 | 4.6 it/s
step   14450 | cos 0.5145 | thought 0.9887 dec_ce 2.1044 | 4.4 it/s
step   14500 | cos 0.5173 | thought 0.95 dec_ce 2.1585 | 4.6 it/s
step   14500 | VAL cos 0.5274 | VAL dec CE 3.8733
step   14550 | cos 0.5198 | thought 0.9917 dec_ce 2.2881 | 3.8 it/s
step   14600 | cos 0.5179 | thought 0.9778 dec_ce 2.0623 | 4.6 it/s
step   14650 | cos 0.5207 | thought 0.9813 dec_ce 2.0935 | 4.5 it/s
step   14700 | cos 0.5165 | thought 0.9883 dec_ce 1.99 | 4.6 it/s
step   14750 | cos 0.5158 | thought 0.9922 dec_ce 2.0057 | 4.5 it/s
step   14800 | cos 0.5159 | thought 0.9628 dec_ce 2.0749 | 4.5 it/s
step   14850 | cos 0.5169 | thought 1.0026 dec_ce 2.0245 | 4.7 it/s
step   14900 | cos 0.5205 | thought 0.9567 dec_ce 2.1327 | 4.7 it/s
step   14950 | cos 0.5196 | thought 0.95 dec_ce 1.9581 | 4.6 it/s
step   15000 | cos 0.5155 | thought 0.9878 dec_ce 2.1215 | 4.5 it/s
step   15000 | VAL cos 0.5292 | VAL dec CE 3.8632
step   15050 | cos 0.5166 | thought 0.9627 dec_ce 2.0536 | 3.7 it/s
step   15100 | cos 0.5168 | thought 0.9854 dec_ce 2.0819 | 4.5 it/s
step   15150 | cos 0.5187 | thought 0.9219 dec_ce 1.9094 | 4.6 it/s
step   15200 | cos 0.5187 | thought 0.9632 dec_ce 1.9362 | 4.7 it/s
step   15250 | cos 0.5198 | thought 0.9483 dec_ce 2.0766 | 4.6 it/s
step   15300 | cos 0.5225 | thought 0.9576 dec_ce 1.9247 | 4.7 it/s
step   15350 | cos 0.5170 | thought 1.0054 dec_ce 2.0377 | 4.5 it/s
step   15400 | cos 0.5144 | thought 1.0015 dec_ce 2.142 | 4.5 it/s
step   15450 | cos 0.5182 | thought 0.9401 dec_ce 1.8705 | 4.6 it/s
step   15500 | cos 0.5210 | thought 0.991 dec_ce 2.1212 | 4.6 it/s
step   15500 | VAL cos 0.5291 | VAL dec CE 3.8636
step   15550 | cos 0.5165 | thought 0.9693 dec_ce 1.9145 | 3.7 it/s
step   15600 | cos 0.5177 | thought 1.0018 dec_ce 2.3035 | 4.6 it/s
step   15650 | cos 0.5190 | thought 0.9743 dec_ce 2.0423 | 4.6 it/s
step   15700 | cos 0.5136 | thought 0.9691 dec_ce 1.9548 | 4.4 it/s
step   15750 | cos 0.5186 | thought 0.9258 dec_ce 1.8424 | 4.6 it/s
step   15800 | cos 0.5174 | thought 0.9337 dec_ce 1.9304 | 4.6 it/s
step   15850 | cos 0.5165 | thought 0.9481 dec_ce 2.0455 | 4.6 it/s
step   15900 | cos 0.5159 | thought 0.9713 dec_ce 2.1201 | 4.6 it/s
step   15950 | cos 0.5169 | thought 0.9755 dec_ce 2.0338 | 4.6 it/s
step   16000 | cos 0.5207 | thought 0.9195 dec_ce 1.9284 | 4.7 it/s
step   16000 | VAL cos 0.5288 | VAL dec CE 3.8610
step   16050 | cos 0.5197 | thought 0.9509 dec_ce 1.9411 | 3.6 it/s
step   16100 | cos 0.5174 | thought 1.0025 dec_ce 2.2557 | 4.5 it/s
step   16150 | cos 0.5190 | thought 0.9603 dec_ce 1.8906 | 4.6 it/s
step   16200 | cos 0.5149 | thought 1.0376 dec_ce 2.0461 | 4.4 it/s
step   16250 | cos 0.5189 | thought 0.9764 dec_ce 1.957 | 4.6 it/s
step   16300 | cos 0.5196 | thought 0.9686 dec_ce 2.0867 | 4.7 it/s
step   16350 | cos 0.5178 | thought 0.9353 dec_ce 1.9378 | 4.4 it/s
step   16400 | cos 0.5188 | thought 1.0128 dec_ce 2.2963 | 4.7 it/s
step   16450 | cos 0.5183 | thought 0.9752 dec_ce 2.0519 | 4.5 it/s
step   16500 | cos 0.5199 | thought 0.9831 dec_ce 2.1093 | 4.5 it/s
step   16500 | VAL cos 0.5297 | VAL dec CE 3.8656
step   16550 | cos 0.5184 | thought 1.0075 dec_ce 2.2542 | 3.8 it/s
step   16600 | cos 0.5189 | thought 0.9434 dec_ce 2.0392 | 4.5 it/s
step   16650 | cos 0.5196 | thought 0.9374 dec_ce 1.8682 | 4.6 it/s
step   16700 | cos 0.5201 | thought 0.9812 dec_ce 1.9271 | 4.7 it/s
step   16750 | cos 0.5187 | thought 0.9706 dec_ce 2.0053 | 4.5 it/s
step   16800 | cos 0.5186 | thought 0.9868 dec_ce 2.2001 | 4.5 it/s
step   16850 | cos 0.5167 | thought 0.9928 dec_ce 1.8985 | 4.5 it/s
step   16900 | cos 0.5180 | thought 0.9473 dec_ce 1.9777 | 4.5 it/s
step   16950 | cos 0.5214 | thought 0.9766 dec_ce 1.9454 | 4.6 it/s
step   17000 | cos 0.5175 | thought 0.9336 dec_ce 1.9722 | 4.4 it/s
step   17000 | VAL cos 0.5297 | VAL dec CE 3.8696
step   17050 | cos 0.5148 | thought 0.9961 dec_ce 2.0531 | 3.8 it/s
step   17100 | cos 0.5212 | thought 0.9641 dec_ce 2.0923 | 4.5 it/s
step   17150 | cos 0.5191 | thought 0.9656 dec_ce 1.998 | 4.5 it/s
step   17200 | cos 0.5218 | thought 0.9249 dec_ce 1.8522 | 4.5 it/s
step   17250 | cos 0.5226 | thought 0.9828 dec_ce 2.0741 | 4.7 it/s
step   17300 | cos 0.5195 | thought 0.934 dec_ce 1.8605 | 4.6 it/s
step   17350 | cos 0.5145 | thought 1.0207 dec_ce 2.2355 | 4.5 it/s
step   17400 | cos 0.5198 | thought 0.9752 dec_ce 1.9828 | 4.5 it/s
step   17450 | cos 0.5204 | thought 0.9803 dec_ce 2.098 | 4.5 it/s
step   17500 | cos 0.5194 | thought 0.9981 dec_ce 2.0674 | 4.5 it/s
step   17500 | VAL cos 0.5296 | VAL dec CE 3.8573
step   17550 | cos 0.5216 | thought 0.9784 dec_ce 1.9597 | 3.7 it/s
step   17600 | cos 0.5212 | thought 0.9676 dec_ce 2.016 | 4.7 it/s
step   17650 | cos 0.5184 | thought 0.966 dec_ce 2.0712 | 4.6 it/s
step   17700 | cos 0.5160 | thought 0.9425 dec_ce 2.0225 | 4.7 it/s
step   17750 | cos 0.5198 | thought 1.0112 dec_ce 2.2201 | 4.5 it/s
step   17800 | cos 0.5203 | thought 0.9641 dec_ce 2.0119 | 4.5 it/s
step   17850 | cos 0.5175 | thought 0.9596 dec_ce 1.9721 | 4.5 it/s
step   17900 | cos 0.5211 | thought 0.9624 dec_ce 2.0128 | 4.6 it/s
step   17950 | cos 0.5163 | thought 0.9016 dec_ce 1.9738 | 4.5 it/s
step   18000 | cos 0.5173 | thought 1.0311 dec_ce 2.0692 | 4.5 it/s
step   18000 | VAL cos 0.5311 | VAL dec CE 3.8595
step   18050 | cos 0.5207 | thought 0.9496 dec_ce 2.0742 | 3.7 it/s
step   18100 | cos 0.5224 | thought 0.9297 dec_ce 2.095 | 4.6 it/s
step   18150 | cos 0.5200 | thought 0.9977 dec_ce 2.0766 | 4.5 it/s
step   18200 | cos 0.5173 | thought 1.012 dec_ce 2.1353 | 4.6 it/s
step   18250 | cos 0.5215 | thought 0.9369 dec_ce 1.8626 | 4.6 it/s
step   18300 | cos 0.5226 | thought 0.9868 dec_ce 2.0805 | 4.6 it/s
step   18350 | cos 0.5211 | thought 0.9748 dec_ce 2.1285 | 4.6 it/s
step   18400 | cos 0.5184 | thought 0.9997 dec_ce 2.1765 | 4.6 it/s
step   18450 | cos 0.5211 | thought 0.9861 dec_ce 2.0222 | 4.6 it/s
step   18500 | cos 0.5156 | thought 1.0118 dec_ce 2.1132 | 4.6 it/s
step   18500 | VAL cos 0.5318 | VAL dec CE 3.8528
step   18550 | cos 0.5212 | thought 0.9613 dec_ce 2.1611 | 3.7 it/s
step   18600 | cos 0.5171 | thought 1.004 dec_ce 2.082 | 4.5 it/s
step   18650 | cos 0.5253 | thought 0.9613 dec_ce 2.1246 | 4.6 it/s
step   18700 | cos 0.5194 | thought 0.9807 dec_ce 2.02 | 4.4 it/s
step   18750 | cos 0.5200 | thought 0.9808 dec_ce 2.0599 | 4.6 it/s
step   18800 | cos 0.5242 | thought 0.9882 dec_ce 2.1627 | 4.6 it/s
step   18850 | cos 0.5204 | thought 0.9638 dec_ce 2.077 | 4.6 it/s
step   18900 | cos 0.5217 | thought 1.0087 dec_ce 2.0283 | 4.6 it/s
step   18950 | cos 0.5194 | thought 0.9936 dec_ce 2.0779 | 4.5 it/s
step   19000 | cos 0.5197 | thought 0.9885 dec_ce 2.0093 | 4.6 it/s
step   19000 | VAL cos 0.5318 | VAL dec CE 3.8440
step   19050 | cos 0.5188 | thought 0.9687 dec_ce 1.9753 | 3.7 it/s
step   19100 | cos 0.5224 | thought 0.9924 dec_ce 1.9567 | 4.7 it/s
step   19150 | cos 0.5213 | thought 0.9554 dec_ce 1.9918 | 4.5 it/s
step   19200 | cos 0.5202 | thought 0.9496 dec_ce 2.0644 | 4.5 it/s
step   19250 | cos 0.5210 | thought 0.9791 dec_ce 2.0323 | 4.5 it/s
step   19300 | cos 0.5203 | thought 1.0251 dec_ce 2.1419 | 4.5 it/s
step   19350 | cos 0.5182 | thought 1.0215 dec_ce 2.1306 | 4.5 it/s
step   19400 | cos 0.5230 | thought 0.9762 dec_ce 2.0421 | 4.6 it/s
step   19450 | cos 0.5159 | thought 1.0014 dec_ce 2.0822 | 4.7 it/s
step   19500 | cos 0.5216 | thought 0.9643 dec_ce 2.0364 | 4.5 it/s
step   19500 | VAL cos 0.5315 | VAL dec CE 3.8551
step   19550 | cos 0.5196 | thought 1.0136 dec_ce 2.0011 | 3.8 it/s
step   19600 | cos 0.5210 | thought 0.937 dec_ce 2.0153 | 4.5 it/s
step   19650 | cos 0.5196 | thought 0.9841 dec_ce 1.9493 | 4.4 it/s
step   19700 | cos 0.5206 | thought 0.9667 dec_ce 1.9685 | 4.6 it/s
step   19750 | cos 0.5240 | thought 0.9668 dec_ce 2.0812 | 4.4 it/s
step   19800 | cos 0.5189 | thought 0.9471 dec_ce 1.9387 | 4.6 it/s
step   19850 | cos 0.5206 | thought 1.0149 dec_ce 2.2976 | 4.5 it/s
step   19900 | cos 0.5213 | thought 0.9713 dec_ce 2.1478 | 4.6 it/s
step   19950 | cos 0.5229 | thought 0.9262 dec_ce 1.8987 | 4.6 it/s
step   20000 | cos 0.5170 | thought 0.9397 dec_ce 2.0551 | 4.6 it/s
step   20000 | VAL cos 0.5312 | VAL dec CE 3.8494
step   20050 | cos 0.5241 | thought 0.9342 dec_ce 1.9181 | 3.8 it/s
step   20100 | cos 0.5215 | thought 0.9491 dec_ce 1.8915 | 4.5 it/s
step   20150 | cos 0.5224 | thought 0.9889 dec_ce 2.0936 | 4.6 it/s
step   20200 | cos 0.5186 | thought 0.97 dec_ce 2.1155 | 4.7 it/s
step   20250 | cos 0.5177 | thought 0.9578 dec_ce 1.8876 | 4.5 it/s
step   20300 | cos 0.5214 | thought 1.0187 dec_ce 2.1486 | 4.6 it/s
step   20350 | cos 0.5191 | thought 0.9935 dec_ce 1.9778 | 4.5 it/s
step   20400 | cos 0.5209 | thought 1.0168 dec_ce 2.2415 | 4.7 it/s
step   20450 | cos 0.5247 | thought 0.973 dec_ce 2.1268 | 4.7 it/s
step   20500 | cos 0.5224 | thought 0.9543 dec_ce 2.1757 | 4.6 it/s
step   20500 | VAL cos 0.5321 | VAL dec CE 3.8397
step   20550 | cos 0.5187 | thought 0.9266 dec_ce 1.9594 | 3.7 it/s
step   20600 | cos 0.5209 | thought 0.9439 dec_ce 2.0454 | 4.6 it/s
step   20650 | cos 0.5241 | thought 0.9899 dec_ce 2.0414 | 4.6 it/s
step   20700 | cos 0.5205 | thought 0.9313 dec_ce 1.9126 | 4.6 it/s
step   20750 | cos 0.5199 | thought 0.9293 dec_ce 1.9717 | 4.5 it/s
step   20800 | cos 0.5213 | thought 1.0055 dec_ce 2.1575 | 4.6 it/s
step   20850 | cos 0.5200 | thought 0.8939 dec_ce 1.7988 | 4.6 it/s
step   20900 | cos 0.5214 | thought 0.9771 dec_ce 2.0846 | 4.6 it/s
step   20950 | cos 0.5182 | thought 0.9375 dec_ce 1.9411 | 4.6 it/s
step   21000 | cos 0.5213 | thought 0.9383 dec_ce 1.9484 | 4.6 it/s
step   21000 | VAL cos 0.5320 | VAL dec CE 3.8385
step   21050 | cos 0.5200 | thought 0.9942 dec_ce 2.0778 | 3.8 it/s
step   21100 | cos 0.5217 | thought 1.0011 dec_ce 2.1906 | 4.5 it/s
step   21150 | cos 0.5219 | thought 0.9842 dec_ce 2.2246 | 4.5 it/s
step   21200 | cos 0.5190 | thought 0.9456 dec_ce 2.0257 | 4.5 it/s
step   21250 | cos 0.5221 | thought 1.0295 dec_ce 2.3561 | 4.4 it/s
step   21300 | cos 0.5220 | thought 0.9993 dec_ce 2.0723 | 4.6 it/s
step   21350 | cos 0.5195 | thought 0.9786 dec_ce 1.9492 | 4.5 it/s
step   21400 | cos 0.5214 | thought 0.9542 dec_ce 2.0598 | 4.6 it/s
step   21450 | cos 0.5225 | thought 0.9973 dec_ce 2.0574 | 4.6 it/s
step   21500 | cos 0.5208 | thought 1.0462 dec_ce 2.1064 | 4.5 it/s
step   21500 | VAL cos 0.5324 | VAL dec CE 3.8370
step   21550 | cos 0.5211 | thought 1.0032 dec_ce 2.0964 | 3.7 it/s
step   21600 | cos 0.5204 | thought 1.0 dec_ce 2.0008 | 4.6 it/s
step   21650 | cos 0.5247 | thought 1.0046 dec_ce 2.1342 | 4.5 it/s
step   21700 | cos 0.5223 | thought 0.9656 dec_ce 2.0823 | 4.6 it/s
step   21750 | cos 0.5213 | thought 0.9774 dec_ce 2.185 | 4.5 it/s
step   21800 | cos 0.5210 | thought 0.9726 dec_ce 1.9622 | 4.6 it/s
step   21850 | cos 0.5232 | thought 0.9889 dec_ce 2.1234 | 4.6 it/s
step   21900 | cos 0.5236 | thought 0.9508 dec_ce 1.9518 | 4.6 it/s
step   21950 | cos 0.5196 | thought 1.0108 dec_ce 2.2792 | 4.5 it/s
step   22000 | cos 0.5223 | thought 0.9837 dec_ce 2.1527 | 4.6 it/s
step   22000 | VAL cos 0.5322 | VAL dec CE 3.8376
step   22050 | cos 0.5190 | thought 0.9988 dec_ce 2.0359 | 3.7 it/s
step   22100 | cos 0.5230 | thought 0.9576 dec_ce 2.0557 | 4.7 it/s
step   22150 | cos 0.5238 | thought 0.9733 dec_ce 2.0908 | 4.5 it/s
step   22200 | cos 0.5242 | thought 0.9895 dec_ce 2.1203 | 4.7 it/s
step   22250 | cos 0.5191 | thought 0.9735 dec_ce 2.0845 | 4.4 it/s
step   22300 | cos 0.5223 | thought 0.9382 dec_ce 1.8585 | 4.6 it/s
step   22350 | cos 0.5233 | thought 0.9794 dec_ce 2.0195 | 4.6 it/s
step   22400 | cos 0.5213 | thought 0.9871 dec_ce 2.1727 | 4.6 it/s
step   22450 | cos 0.5205 | thought 0.9603 dec_ce 1.989 | 4.5 it/s
step   22500 | cos 0.5215 | thought 0.9786 dec_ce 2.0515 | 4.6 it/s
step   22500 | VAL cos 0.5336 | VAL dec CE 3.8401
step   22550 | cos 0.5201 | thought 1.01 dec_ce 2.1641 | 3.9 it/s
step   22600 | cos 0.5232 | thought 0.9739 dec_ce 1.9895 | 4.5 it/s
step   22650 | cos 0.5216 | thought 0.9367 dec_ce 2.1783 | 4.7 it/s
step   22700 | cos 0.5220 | thought 0.9798 dec_ce 2.0523 | 4.7 it/s
step   22750 | cos 0.5238 | thought 0.9996 dec_ce 2.0721 | 4.5 it/s
step   22800 | cos 0.5215 | thought 1.0127 dec_ce 2.177 | 4.5 it/s
step   22850 | cos 0.5203 | thought 0.9114 dec_ce 1.937 | 4.5 it/s
step   22900 | cos 0.5215 | thought 0.965 dec_ce 2.0672 | 4.7 it/s
step   22950 | cos 0.5201 | thought 1.0093 dec_ce 1.9718 | 4.6 it/s
step   23000 | cos 0.5235 | thought 0.9659 dec_ce 2.2434 | 4.5 it/s
step   23000 | VAL cos 0.5337 | VAL dec CE 3.8343
step   23050 | cos 0.5253 | thought 0.9235 dec_ce 1.9033 | 3.7 it/s
step   23100 | cos 0.5205 | thought 0.98 dec_ce 1.9915 | 4.5 it/s
step   23150 | cos 0.5219 | thought 1.0032 dec_ce 2.0597 | 4.7 it/s
step   23200 | cos 0.5247 | thought 0.9668 dec_ce 2.2277 | 4.4 it/s
step   23250 | cos 0.5281 | thought 0.9692 dec_ce 1.9855 | 4.7 it/s
step   23300 | cos 0.5244 | thought 0.9358 dec_ce 1.8943 | 4.5 it/s
step   23350 | cos 0.5204 | thought 1.0003 dec_ce 2.1076 | 4.5 it/s
step   23400 | cos 0.5281 | thought 1.033 dec_ce 2.1598 | 4.6 it/s
step   23450 | cos 0.5304 | thought 0.9891 dec_ce 1.9832 | 4.7 it/s
step   23500 | cos 0.5233 | thought 0.9764 dec_ce 2.0501 | 4.5 it/s
step   23500 | VAL cos 0.5333 | VAL dec CE 3.8396
step   23550 | cos 0.5259 | thought 0.9224 dec_ce 1.8669 | 3.7 it/s
step   23600 | cos 0.5250 | thought 0.9458 dec_ce 1.8961 | 4.5 it/s
step   23650 | cos 0.5241 | thought 1.0035 dec_ce 2.0538 | 4.5 it/s
step   23700 | cos 0.5241 | thought 0.9758 dec_ce 2.1442 | 4.5 it/s
step   23750 | cos 0.5259 | thought 0.9556 dec_ce 1.9571 | 4.6 it/s
step   23800 | cos 0.5276 | thought 0.9245 dec_ce 1.923 | 4.7 it/s
step   23850 | cos 0.5279 | thought 0.954 dec_ce 1.9329 | 4.6 it/s
step   23900 | cos 0.5233 | thought 0.9869 dec_ce 2.1807 | 4.6 it/s
step   23950 | cos 0.5250 | thought 1.0119 dec_ce 2.0738 | 4.5 it/s
step   24000 | cos 0.5275 | thought 0.9131 dec_ce 1.8014 | 4.6 it/s
step   24000 | VAL cos 0.5338 | VAL dec CE 3.8270
step   24050 | cos 0.5275 | thought 0.9346 dec_ce 1.9664 | 3.7 it/s
step   24100 | cos 0.5234 | thought 0.9707 dec_ce 1.9851 | 4.6 it/s
step   24150 | cos 0.5262 | thought 0.9368 dec_ce 2.0292 | 4.5 it/s
step   24200 | cos 0.5247 | thought 0.9538 dec_ce 2.0009 | 4.5 it/s
step   24250 | cos 0.5253 | thought 0.9703 dec_ce 2.007 | 4.6 it/s
step   24300 | cos 0.5259 | thought 0.929 dec_ce 1.8533 | 4.6 it/s
step   24350 | cos 0.5271 | thought 0.9661 dec_ce 1.9075 | 4.5 it/s
step   24400 | cos 0.5304 | thought 0.9694 dec_ce 2.1114 | 4.5 it/s
step   24450 | cos 0.5228 | thought 0.9998 dec_ce 1.9819 | 4.5 it/s
step   24500 | cos 0.5211 | thought 0.9517 dec_ce 1.97 | 4.5 it/s
step   24500 | VAL cos 0.5341 | VAL dec CE 3.8304
step   24550 | cos 0.5228 | thought 0.9209 dec_ce 1.9489 | 3.9 it/s
step   24600 | cos 0.5234 | thought 0.942 dec_ce 1.9024 | 4.7 it/s
step   24650 | cos 0.5287 | thought 1.016 dec_ce 2.1783 | 4.7 it/s
step   24700 | cos 0.5261 | thought 0.9468 dec_ce 1.9298 | 4.6 it/s
step   24750 | cos 0.5263 | thought 0.964 dec_ce 2.0443 | 4.6 it/s
step   24800 | cos 0.5244 | thought 0.9762 dec_ce 2.0256 | 4.7 it/s
step   24850 | cos 0.5258 | thought 0.9729 dec_ce 2.0018 | 4.7 it/s
step   24900 | cos 0.5261 | thought 0.9509 dec_ce 1.874 | 4.7 it/s
step   24950 | cos 0.5255 | thought 0.981 dec_ce 1.9962 | 4.6 it/s
step   25000 | cos 0.5258 | thought 0.96 dec_ce 2.1454 | 4.5 it/s
step   25000 | VAL cos 0.5348 | VAL dec CE 3.8279
step   25050 | cos 0.5258 | thought 0.9991 dec_ce 2.1985 | 3.9 it/s
step   25100 | cos 0.5215 | thought 0.9618 dec_ce 1.9174 | 4.5 it/s
step   25150 | cos 0.5241 | thought 0.9624 dec_ce 2.1855 | 4.5 it/s
step   25200 | cos 0.5278 | thought 0.9659 dec_ce 2.0402 | 4.5 it/s
step   25250 | cos 0.5276 | thought 0.9337 dec_ce 2.0376 | 4.5 it/s
step   25300 | cos 0.5250 | thought 0.9647 dec_ce 1.9819 | 4.6 it/s
step   25350 | cos 0.5276 | thought 0.9036 dec_ce 1.8941 | 4.7 it/s
step   25400 | cos 0.5307 | thought 1.0215 dec_ce 2.1775 | 4.5 it/s
step   25450 | cos 0.5244 | thought 0.9894 dec_ce 2.0539 | 4.5 it/s
step   25500 | cos 0.5257 | thought 0.9901 dec_ce 1.9935 | 4.5 it/s
step   25500 | VAL cos 0.5348 | VAL dec CE 3.8190
step   25550 | cos 0.5287 | thought 0.9446 dec_ce 2.0181 | 3.8 it/s
step   25600 | cos 0.5236 | thought 0.9241 dec_ce 1.8386 | 4.6 it/s
step   25650 | cos 0.5273 | thought 0.9596 dec_ce 2.0251 | 4.6 it/s
step   25700 | cos 0.5274 | thought 0.9575 dec_ce 1.9733 | 4.7 it/s
step   25750 | cos 0.5245 | thought 0.9952 dec_ce 2.1528 | 4.6 it/s
step   25800 | cos 0.5223 | thought 0.9982 dec_ce 2.3333 | 4.6 it/s
step   25850 | cos 0.5264 | thought 0.9439 dec_ce 1.9778 | 4.5 it/s
step   25900 | cos 0.5235 | thought 0.9855 dec_ce 2.0975 | 4.6 it/s
step   25950 | cos 0.5225 | thought 0.9838 dec_ce 2.049 | 4.6 it/s
step   26000 | cos 0.5283 | thought 0.9328 dec_ce 1.897 | 4.7 it/s
step   26000 | VAL cos 0.5346 | VAL dec CE 3.8213
step   26050 | cos 0.5239 | thought 1.0189 dec_ce 2.091 | 3.6 it/s
step   26100 | cos 0.5255 | thought 0.9152 dec_ce 1.8559 | 4.5 it/s
step   26150 | cos 0.5248 | thought 0.9763 dec_ce 2.0336 | 4.5 it/s
step   26200 | cos 0.5318 | thought 0.9443 dec_ce 1.9972 | 4.6 it/s
step   26250 | cos 0.5233 | thought 0.9443 dec_ce 1.9493 | 4.5 it/s
step   26300 | cos 0.5302 | thought 0.9138 dec_ce 1.8528 | 4.6 it/s
step   26350 | cos 0.5231 | thought 0.9879 dec_ce 1.9779 | 4.5 it/s
step   26400 | cos 0.5209 | thought 0.9174 dec_ce 1.8969 | 4.7 it/s
step   26450 | cos 0.5261 | thought 0.9633 dec_ce 2.0553 | 4.5 it/s
step   26500 | cos 0.5261 | thought 0.9475 dec_ce 2.0158 | 4.7 it/s
step   26500 | VAL cos 0.5352 | VAL dec CE 3.8200
step   26550 | cos 0.5261 | thought 0.9382 dec_ce 2.0676 | 3.7 it/s
step   26600 | cos 0.5304 | thought 0.9886 dec_ce 2.1259 | 4.6 it/s
step   26650 | cos 0.5269 | thought 0.9748 dec_ce 1.9357 | 4.5 it/s
step   26700 | cos 0.5281 | thought 0.9757 dec_ce 2.0171 | 4.5 it/s
step   26750 | cos 0.5276 | thought 0.9066 dec_ce 1.7401 | 4.6 it/s
step   26800 | cos 0.5233 | thought 0.9233 dec_ce 2.0767 | 4.5 it/s
step   26850 | cos 0.5248 | thought 0.9855 dec_ce 2.0629 | 4.6 it/s
step   26900 | cos 0.5279 | thought 0.9465 dec_ce 2.0496 | 4.5 it/s
step   26950 | cos 0.5225 | thought 0.9255 dec_ce 1.9935 | 4.6 it/s
step   27000 | cos 0.5289 | thought 0.9778 dec_ce 1.9049 | 4.6 it/s
step   27000 | VAL cos 0.5350 | VAL dec CE 3.8151
step   27050 | cos 0.5263 | thought 0.9874 dec_ce 2.2185 | 3.7 it/s
step   27100 | cos 0.5295 | thought 0.9391 dec_ce 2.0419 | 4.6 it/s
step   27150 | cos 0.5244 | thought 1.0107 dec_ce 2.086 | 4.6 it/s
step   27200 | cos 0.5265 | thought 0.9661 dec_ce 1.982 | 4.5 it/s
step   27250 | cos 0.5250 | thought 0.9862 dec_ce 2.1243 | 4.5 it/s
step   27300 | cos 0.5287 | thought 0.9742 dec_ce 2.1889 | 4.6 it/s
step   27350 | cos 0.5257 | thought 0.9694 dec_ce 1.95 | 4.5 it/s
step   27400 | cos 0.5289 | thought 0.9098 dec_ce 1.8752 | 4.7 it/s
step   27450 | cos 0.5229 | thought 0.9389 dec_ce 1.8758 | 4.6 it/s
step   27500 | cos 0.5287 | thought 0.9419 dec_ce 2.0105 | 4.5 it/s
step   27500 | VAL cos 0.5362 | VAL dec CE 3.8213
step   27550 | cos 0.5238 | thought 0.9861 dec_ce 2.1345 | 3.7 it/s
step   27600 | cos 0.5252 | thought 0.9843 dec_ce 1.9705 | 4.5 it/s
step   27650 | cos 0.5274 | thought 0.9702 dec_ce 1.9783 | 4.4 it/s
step   27700 | cos 0.5277 | thought 0.9614 dec_ce 1.8388 | 4.6 it/s
step   27750 | cos 0.5274 | thought 0.983 dec_ce 2.1504 | 4.6 it/s
step   27800 | cos 0.5309 | thought 0.9625 dec_ce 1.977 | 4.5 it/s
step   27850 | cos 0.5253 | thought 1.0202 dec_ce 2.2026 | 4.4 it/s
step   27900 | cos 0.5263 | thought 0.9328 dec_ce 2.061 | 4.6 it/s
step   27950 | cos 0.5269 | thought 0.9073 dec_ce 1.8715 | 4.5 it/s
step   28000 | cos 0.5290 | thought 0.9433 dec_ce 2.0074 | 4.5 it/s
step   28000 | VAL cos 0.5359 | VAL dec CE 3.8172
step   28050 | cos 0.5250 | thought 0.9592 dec_ce 2.1196 | 3.7 it/s
step   28100 | cos 0.5239 | thought 0.9547 dec_ce 2.0577 | 4.6 it/s
step   28150 | cos 0.5328 | thought 0.9348 dec_ce 2.0165 | 4.7 it/s
step   28200 | cos 0.5275 | thought 0.9336 dec_ce 1.9738 | 4.6 it/s
step   28250 | cos 0.5296 | thought 0.9185 dec_ce 2.0549 | 4.5 it/s
step   28300 | cos 0.5261 | thought 1.0379 dec_ce 2.1331 | 4.5 it/s
step   28350 | cos 0.5270 | thought 0.9739 dec_ce 2.0988 | 4.5 it/s
step   28400 | cos 0.5260 | thought 0.9995 dec_ce 2.1245 | 4.5 it/s
step   28450 | cos 0.5256 | thought 1.0198 dec_ce 2.0232 | 4.6 it/s
step   28500 | cos 0.5275 | thought 0.9931 dec_ce 2.0039 | 4.5 it/s
step   28500 | VAL cos 0.5359 | VAL dec CE 3.8177
step   28550 | cos 0.5292 | thought 0.9589 dec_ce 2.0284 | 3.9 it/s
step   28600 | cos 0.5303 | thought 0.9405 dec_ce 2.0746 | 4.5 it/s
step   28650 | cos 0.5254 | thought 0.9551 dec_ce 1.9735 | 4.5 it/s
step   28700 | cos 0.5294 | thought 0.9262 dec_ce 2.0159 | 4.6 it/s
step   28750 | cos 0.5280 | thought 0.9604 dec_ce 2.1466 | 4.6 it/s
step   28800 | cos 0.5248 | thought 0.9677 dec_ce 2.0082 | 4.4 it/s
step   28850 | cos 0.5266 | thought 1.0258 dec_ce 2.0115 | 4.5 it/s
step   28900 | cos 0.5275 | thought 0.9943 dec_ce 2.0077 | 4.6 it/s
step   28950 | cos 0.5277 | thought 0.9407 dec_ce 1.8378 | 4.6 it/s
step   29000 | cos 0.5247 | thought 0.9668 dec_ce 2.055 | 4.5 it/s
step   29000 | VAL cos 0.5358 | VAL dec CE 3.8121
step   29050 | cos 0.5274 | thought 0.9379 dec_ce 2.0011 | 3.6 it/s
step   29100 | cos 0.5299 | thought 0.9295 dec_ce 1.9214 | 4.6 it/s
step   29150 | cos 0.5270 | thought 0.9817 dec_ce 2.0096 | 4.6 it/s
step   29200 | cos 0.5307 | thought 0.9265 dec_ce 2.0368 | 4.6 it/s
step   29250 | cos 0.5291 | thought 0.9713 dec_ce 2.0549 | 4.5 it/s
step   29300 | cos 0.5289 | thought 0.9753 dec_ce 2.0953 | 4.6 it/s
step   29350 | cos 0.5281 | thought 1.0018 dec_ce 2.0562 | 4.5 it/s
step   29400 | cos 0.5226 | thought 1.0002 dec_ce 2.0552 | 4.4 it/s
step   29450 | cos 0.5286 | thought 0.9523 dec_ce 2.0661 | 4.5 it/s
step   29500 | cos 0.5293 | thought 0.9173 dec_ce 1.866 | 4.5 it/s
step   29500 | VAL cos 0.5361 | VAL dec CE 3.8085
step   29550 | cos 0.5232 | thought 0.9838 dec_ce 2.0931 | 3.7 it/s
step   29600 | cos 0.5251 | thought 0.9683 dec_ce 2.0688 | 4.5 it/s
step   29650 | cos 0.5284 | thought 0.9933 dec_ce 2.1153 | 4.4 it/s
step   29700 | cos 0.5277 | thought 0.9557 dec_ce 2.0331 | 4.4 it/s
step   29750 | cos 0.5291 | thought 1.0019 dec_ce 2.0394 | 4.6 it/s
step   29800 | cos 0.5271 | thought 0.927 dec_ce 2.0479 | 4.5 it/s
step   29850 | cos 0.5272 | thought 0.9558 dec_ce 2.0589 | 4.5 it/s
step   29900 | cos 0.5239 | thought 0.9336 dec_ce 2.0023 | 4.4 it/s
step   29950 | cos 0.5256 | thought 0.9572 dec_ce 2.1481 | 4.4 it/s
step   30000 | cos 0.5295 | thought 0.9442 dec_ce 2.0607 | 4.6 it/s
step   30000 | VAL cos 0.5358 | VAL dec CE 3.8082
step   30050 | cos 0.5287 | thought 0.9759 dec_ce 2.1742 | 3.7 it/s
step   30100 | cos 0.5297 | thought 0.9655 dec_ce 1.9548 | 4.6 it/s
step   30150 | cos 0.5286 | thought 1.0043 dec_ce 2.0564 | 4.6 it/s
step   30200 | cos 0.5222 | thought 0.9258 dec_ce 1.9585 | 4.5 it/s
step   30250 | cos 0.5252 | thought 0.9577 dec_ce 2.0261 | 4.5 it/s
step   30300 | cos 0.5284 | thought 1.0129 dec_ce 2.2382 | 4.5 it/s
step   30350 | cos 0.5235 | thought 0.9794 dec_ce 2.0063 | 4.6 it/s
step   30400 | cos 0.5258 | thought 1.033 dec_ce 2.2735 | 4.6 it/s
step   30450 | cos 0.5214 | thought 0.9968 dec_ce 2.1059 | 4.5 it/s
step   30500 | cos 0.5293 | thought 0.9402 dec_ce 1.981 | 4.6 it/s
step   30500 | VAL cos 0.5362 | VAL dec CE 3.8195
step   30550 | cos 0.5260 | thought 0.9712 dec_ce 1.8757 | 3.8 it/s
step   30600 | cos 0.5277 | thought 0.9672 dec_ce 2.0809 | 4.7 it/s
step   30650 | cos 0.5260 | thought 0.922 dec_ce 1.8877 | 4.6 it/s
step   30700 | cos 0.5302 | thought 0.9335 dec_ce 1.979 | 4.5 it/s
step   30750 | cos 0.5263 | thought 0.9684 dec_ce 2.0348 | 4.6 it/s
step   30800 | cos 0.5252 | thought 1.0201 dec_ce 2.1399 | 4.5 it/s
step   30850 | cos 0.5265 | thought 0.9597 dec_ce 2.0464 | 4.5 it/s
step   30900 | cos 0.5260 | thought 0.9821 dec_ce 2.0655 | 4.5 it/s
step   30950 | cos 0.5246 | thought 0.9598 dec_ce 1.933 | 4.5 it/s
step   31000 | cos 0.5267 | thought 0.9501 dec_ce 1.8716 | 4.6 it/s
step   31000 | VAL cos 0.5359 | VAL dec CE 3.8114
step   31050 | cos 0.5325 | thought 0.9812 dec_ce 1.9951 | 3.7 it/s
step   31100 | cos 0.5258 | thought 0.9735 dec_ce 1.9738 | 4.4 it/s
step   31150 | cos 0.5273 | thought 0.9247 dec_ce 1.9847 | 4.5 it/s
step   31200 | cos 0.5266 | thought 0.9716 dec_ce 2.0889 | 4.5 it/s
step   31250 | cos 0.5298 | thought 0.9372 dec_ce 2.0491 | 4.5 it/s
step   31300 | cos 0.5263 | thought 0.9506 dec_ce 2.097 | 4.5 it/s
step   31350 | cos 0.5269 | thought 0.9613 dec_ce 1.8595 | 4.6 it/s
step   31400 | cos 0.5241 | thought 0.9222 dec_ce 1.9254 | 4.4 it/s
step   31450 | cos 0.5263 | thought 0.924 dec_ce 1.9654 | 4.5 it/s
step   31500 | cos 0.5293 | thought 0.9244 dec_ce 1.9897 | 4.5 it/s
step   31500 | VAL cos 0.5362 | VAL dec CE 3.8091
step   31550 | cos 0.5272 | thought 0.9839 dec_ce 2.1457 | 3.8 it/s
step   31600 | cos 0.5255 | thought 0.9665 dec_ce 2.0329 | 4.5 it/s
step   31650 | cos 0.5256 | thought 0.9296 dec_ce 1.8817 | 4.6 it/s
step   31700 | cos 0.5269 | thought 0.9775 dec_ce 2.2124 | 4.5 it/s
step   31750 | cos 0.5271 | thought 0.9305 dec_ce 2.0977 | 4.5 it/s
step   31800 | cos 0.5296 | thought 1.0386 dec_ce 2.2038 | 4.6 it/s
step   31850 | cos 0.5267 | thought 0.9319 dec_ce 2.0246 | 4.4 it/s
step   31900 | cos 0.5272 | thought 0.94 dec_ce 2.0483 | 4.5 it/s
step   31950 | cos 0.5291 | thought 0.946 dec_ce 1.944 | 4.5 it/s
step   32000 | cos 0.5259 | thought 0.98 dec_ce 2.0212 | 4.6 it/s
step   32000 | VAL cos 0.5365 | VAL dec CE 3.8084
step   32050 | cos 0.5258 | thought 0.9448 dec_ce 2.1192 | 3.6 it/s
step   32100 | cos 0.5293 | thought 0.9282 dec_ce 1.8733 | 4.5 it/s
step   32150 | cos 0.5278 | thought 0.9858 dec_ce 2.115 | 4.5 it/s
wall-clock cap reached at step 32156

Run 'R4_CTL' done: 32156 steps | final val cos 0.5365 | dec CE 3.8079
/home/nochi/vault/projects/ThoughtVectors/thoughtvec/.venv/lib/python3.12/site-packages/torch/nn/modules/transformer.py:392: UserWarning: enable_nested_tensor is True, but self.use_nested_tensor is False because encoder_layer.norm_first was True
  warnings.warn(
{"ckpt": "checkpoints/R4_CTL/best.pt", "val_cos": 0.4041, "val_dec_ce": 4.0275, "ref_f1": 0.2702, "distinct1": 0.0113, "distinct2": 0.0413, "len_ratio": 1.068, "out_vectors": 8.0, "rows": 1024}
=== thinker ablation R4_CONTRAST (7200s): thinker.n_hypotheses=4 thinker.w_decoder=0.5 thinker.k_ctx=8 thinker.k_out=8 thinker.k_out_random_prefix=true thinker.k_out_min=4 data.shard_dir=data/dialogue_combined thinker.contrast_weight=0.2 ===
/home/nochi/vault/projects/ThoughtVectors/thoughtvec/.venv/lib/python3.12/site-packages/torch/nn/modules/transformer.py:392: UserWarning: enable_nested_tensor is True, but self.use_nested_tensor is False because encoder_layer.norm_first was True
  warnings.warn(
thinker params: 15.10M (codec d=384, frozen=True)
step      50 | cos 0.0372 | thought 2.5156 dec_ce 2.7081 contrast 0.7227 | 4.1 it/s
step     100 | cos 0.0945 | thought 2.3113 dec_ce 2.4078 contrast 0.755 | 4.5 it/s
step     150 | cos 0.1685 | thought 2.1279 dec_ce 2.2597 contrast 0.7206 | 4.4 it/s
step     200 | cos 0.2081 | thought 2.1287 dec_ce 2.4106 contrast 0.7685 | 4.5 it/s
step     250 | cos 0.2318 | thought 2.0361 dec_ce 2.3375 contrast 0.7122 | 4.4 it/s
step     300 | cos 0.2471 | thought 2.0001 dec_ce 2.2286 contrast 0.7237 | 4.6 it/s
step     350 | cos 0.2587 | thought 1.9096 dec_ce 2.1162 contrast 0.7009 | 4.6 it/s
step     400 | cos 0.2660 | thought 1.9497 dec_ce 2.3985 contrast 0.6702 | 4.5 it/s
step     450 | cos 0.2827 | thought 1.8206 dec_ce 2.2545 contrast 0.67 | 4.4 it/s
step     500 | cos 0.3022 | thought 1.8215 dec_ce 2.1509 contrast 0.6506 | 4.7 it/s
step     500 | VAL cos 0.3237 | VAL dec CE 4.2489
step     550 | cos 0.3284 | thought 1.6997 dec_ce 2.1841 contrast 0.6809 | 3.8 it/s
step     600 | cos 0.3558 | thought 1.6103 dec_ce 2.0548 contrast 0.6339 | 4.5 it/s
step     650 | cos 0.3659 | thought 1.6384 dec_ce 2.2023 contrast 0.6096 | 4.5 it/s
step     700 | cos 0.3828 | thought 1.6323 dec_ce 2.2569 contrast 0.6096 | 4.6 it/s
step     750 | cos 0.3904 | thought 1.5319 dec_ce 2.3483 contrast 0.5503 | 4.5 it/s
step     800 | cos 0.3975 | thought 1.5378 dec_ce 2.0545 contrast 0.4885 | 4.5 it/s
step     850 | cos 0.4108 | thought 1.4777 dec_ce 2.2393 contrast 0.4743 | 4.5 it/s
step     900 | cos 0.4176 | thought 1.5226 dec_ce 2.3356 contrast 0.4848 | 4.4 it/s
step     950 | cos 0.4219 | thought 1.5327 dec_ce 2.2694 contrast 0.4619 | 4.6 it/s
step    1000 | cos 0.4210 | thought 1.4329 dec_ce 2.1164 contrast 0.4691 | 4.4 it/s
step    1000 | VAL cos 0.4407 | VAL dec CE 4.0875
step    1050 | cos 0.4275 | thought 1.4518 dec_ce 2.1551 contrast 0.5124 | 3.6 it/s
step    1100 | cos 0.4335 | thought 1.4453 dec_ce 2.2815 contrast 0.4807 | 4.4 it/s
step    1150 | cos 0.4316 | thought 1.3651 dec_ce 2.086 contrast 0.4938 | 4.4 it/s
step    1200 | cos 0.4367 | thought 1.3526 dec_ce 2.1787 contrast 0.4717 | 4.5 it/s
step    1250 | cos 0.4360 | thought 1.3551 dec_ce 2.1638 contrast 0.3938 | 4.4 it/s
step    1300 | cos 0.4446 | thought 1.3227 dec_ce 2.1969 contrast 0.4345 | 4.6 it/s
step    1350 | cos 0.4437 | thought 1.3481 dec_ce 2.1284 contrast 0.4457 | 4.5 it/s
step    1400 | cos 0.4486 | thought 1.3136 dec_ce 2.1047 contrast 0.4465 | 4.5 it/s
step    1450 | cos 0.4471 | thought 1.2542 dec_ce 2.1432 contrast 0.4843 | 4.4 it/s
step    1500 | cos 0.4493 | thought 1.2717 dec_ce 2.198 contrast 0.4546 | 4.4 it/s
step    1500 | VAL cos 0.4593 | VAL dec CE 4.0390
step    1550 | cos 0.4501 | thought 1.203 dec_ce 2.0111 contrast 0.4759 | 3.5 it/s
step    1600 | cos 0.4562 | thought 1.2095 dec_ce 2.0138 contrast 0.4389 | 4.5 it/s
step    1650 | cos 0.4534 | thought 1.1659 dec_ce 1.9926 contrast 0.4735 | 4.4 it/s
step    1700 | cos 0.4564 | thought 1.2166 dec_ce 2.0659 contrast 0.459 | 4.5 it/s
step    1750 | cos 0.4590 | thought 1.1798 dec_ce 2.0749 contrast 0.4505 | 4.5 it/s
step    1800 | cos 0.4564 | thought 1.1742 dec_ce 2.3361 contrast 0.4934 | 4.4 it/s
step    1850 | cos 0.4558 | thought 1.2152 dec_ce 2.1663 contrast 0.4293 | 4.6 it/s
step    1900 | cos 0.4543 | thought 1.147 dec_ce 2.1219 contrast 0.405 | 4.5 it/s
step    1950 | cos 0.4584 | thought 1.1614 dec_ce 2.2131 contrast 0.4436 | 4.4 it/s
step    2000 | cos 0.4583 | thought 1.1155 dec_ce 2.1172 contrast 0.397 | 4.5 it/s
step    2000 | VAL cos 0.4727 | VAL dec CE 3.9999
step    2050 | cos 0.4573 | thought 1.1233 dec_ce 2.0211 contrast 0.4272 | 3.5 it/s
step    2100 | cos 0.4608 | thought 1.1711 dec_ce 2.1293 contrast 0.4363 | 4.4 it/s
step    2150 | cos 0.4577 | thought 1.2057 dec_ce 2.2506 contrast 0.3832 | 4.5 it/s
step    2200 | cos 0.4605 | thought 1.141 dec_ce 2.1308 contrast 0.4639 | 4.5 it/s
step    2250 | cos 0.4632 | thought 1.0886 dec_ce 2.1578 contrast 0.4354 | 4.5 it/s
step    2300 | cos 0.4624 | thought 1.0969 dec_ce 2.1677 contrast 0.4211 | 4.5 it/s
step    2350 | cos 0.4634 | thought 1.129 dec_ce 2.2337 contrast 0.3717 | 4.5 it/s
step    2400 | cos 0.4621 | thought 1.1669 dec_ce 2.1955 contrast 0.3947 | 4.5 it/s
step    2450 | cos 0.4635 | thought 1.1136 dec_ce 2.2389 contrast 0.4009 | 4.5 it/s
step    2500 | cos 0.4648 | thought 1.0618 dec_ce 2.0281 contrast 0.4139 | 4.6 it/s
step    2500 | VAL cos 0.4795 | VAL dec CE 4.0067
step    2550 | cos 0.4608 | thought 1.0711 dec_ce 2.1004 contrast 0.3662 | 3.6 it/s
step    2600 | cos 0.4654 | thought 1.0667 dec_ce 2.0172 contrast 0.4349 | 4.5 it/s
step    2650 | cos 0.4645 | thought 1.1056 dec_ce 2.2123 contrast 0.3827 | 4.5 it/s
step    2700 | cos 0.4639 | thought 1.0988 dec_ce 2.2317 contrast 0.4076 | 4.4 it/s
step    2750 | cos 0.4653 | thought 1.0553 dec_ce 2.0235 contrast 0.426 | 4.5 it/s
step    2800 | cos 0.4634 | thought 1.0487 dec_ce 2.0993 contrast 0.4621 | 4.5 it/s
step    2850 | cos 0.4662 | thought 1.06 dec_ce 2.262 contrast 0.394 | 4.5 it/s
step    2900 | cos 0.4676 | thought 1.0875 dec_ce 2.0797 contrast 0.474 | 4.5 it/s
step    2950 | cos 0.4643 | thought 1.0412 dec_ce 1.9975 contrast 0.4349 | 4.4 it/s
step    3000 | cos 0.4619 | thought 1.0806 dec_ce 2.0943 contrast 0.3941 | 4.4 it/s
step    3000 | VAL cos 0.4785 | VAL dec CE 4.0024
step    3050 | cos 0.4664 | thought 1.0101 dec_ce 1.9035 contrast 0.4252 | 3.5 it/s
step    3100 | cos 0.4673 | thought 1.0616 dec_ce 2.1727 contrast 0.4287 | 4.6 it/s
step    3150 | cos 0.4686 | thought 1.0942 dec_ce 2.3633 contrast 0.3925 | 4.5 it/s
step    3200 | cos 0.4679 | thought 1.0433 dec_ce 2.0923 contrast 0.456 | 4.4 it/s
step    3250 | cos 0.4656 | thought 1.0659 dec_ce 2.107 contrast 0.4107 | 4.4 it/s
step    3300 | cos 0.4682 | thought 1.0866 dec_ce 2.2145 contrast 0.3998 | 4.5 it/s
step    3350 | cos 0.4657 | thought 1.0991 dec_ce 2.0704 contrast 0.4028 | 4.5 it/s
step    3400 | cos 0.4676 | thought 1.0579 dec_ce 2.0517 contrast 0.4044 | 4.5 it/s
step    3450 | cos 0.4690 | thought 1.0575 dec_ce 2.0978 contrast 0.3861 | 4.4 it/s
step    3500 | cos 0.4674 | thought 1.085 dec_ce 2.0479 contrast 0.4142 | 4.4 it/s
step    3500 | VAL cos 0.4777 | VAL dec CE 4.0014
step    3550 | cos 0.4656 | thought 1.0495 dec_ce 2.1605 contrast 0.3847 | 3.5 it/s
step    3600 | cos 0.4681 | thought 1.0621 dec_ce 2.2432 contrast 0.406 | 4.5 it/s
step    3650 | cos 0.4646 | thought 1.0453 dec_ce 2.0555 contrast 0.3616 | 4.4 it/s
step    3700 | cos 0.4700 | thought 1.0672 dec_ce 2.0757 contrast 0.4117 | 4.5 it/s
step    3750 | cos 0.4702 | thought 1.0655 dec_ce 2.1396 contrast 0.4055 | 4.5 it/s
step    3800 | cos 0.4694 | thought 1.0614 dec_ce 2.0523 contrast 0.4275 | 4.5 it/s
step    3850 | cos 0.4670 | thought 1.0781 dec_ce 2.2922 contrast 0.3447 | 4.5 it/s
step    3900 | cos 0.4722 | thought 1.0958 dec_ce 2.2106 contrast 0.3599 | 4.6 it/s
step    3950 | cos 0.4688 | thought 1.0158 dec_ce 2.1304 contrast 0.4093 | 4.4 it/s
step    4000 | cos 0.4698 | thought 1.1121 dec_ce 2.1395 contrast 0.3679 | 4.5 it/s
step    4000 | VAL cos 0.4866 | VAL dec CE 3.9712
step    4050 | cos 0.4706 | thought 1.1164 dec_ce 2.3492 contrast 0.3541 | 3.5 it/s
step    4100 | cos 0.4701 | thought 1.0812 dec_ce 2.087 contrast 0.3275 | 4.5 it/s
step    4150 | cos 0.4716 | thought 0.9955 dec_ce 1.9747 contrast 0.3504 | 4.4 it/s
step    4200 | cos 0.4683 | thought 1.0468 dec_ce 2.1085 contrast 0.3428 | 4.5 it/s
step    4250 | cos 0.4687 | thought 1.0935 dec_ce 2.2626 contrast 0.417 | 4.5 it/s
step    4300 | cos 0.4708 | thought 1.0365 dec_ce 2.234 contrast 0.3653 | 4.5 it/s
step    4350 | cos 0.4683 | thought 1.0509 dec_ce 2.0135 contrast 0.3516 | 4.5 it/s
step    4400 | cos 0.4714 | thought 1.0444 dec_ce 2.0867 contrast 0.3575 | 4.5 it/s
step    4450 | cos 0.4714 | thought 1.096 dec_ce 2.2538 contrast 0.3811 | 4.5 it/s
step    4500 | cos 0.4736 | thought 1.0696 dec_ce 2.1372 contrast 0.3622 | 4.6 it/s
step    4500 | VAL cos 0.4879 | VAL dec CE 4.0113
step    4550 | cos 0.4700 | thought 1.0538 dec_ce 1.9972 contrast 0.4184 | 3.7 it/s
step    4600 | cos 0.4715 | thought 1.046 dec_ce 2.1452 contrast 0.3485 | 4.5 it/s
step    4650 | cos 0.4728 | thought 1.0258 dec_ce 2.0747 contrast 0.452 | 4.4 it/s
step    4700 | cos 0.4708 | thought 1.0705 dec_ce 2.1628 contrast 0.3899 | 4.5 it/s
step    4750 | cos 0.4760 | thought 1.0368 dec_ce 1.9419 contrast 0.4091 | 4.5 it/s
step    4800 | cos 0.4729 | thought 1.0621 dec_ce 2.1895 contrast 0.4117 | 4.6 it/s
step    4850 | cos 0.4729 | thought 1.0668 dec_ce 2.0648 contrast 0.3649 | 4.5 it/s
step    4900 | cos 0.4741 | thought 1.0169 dec_ce 2.0022 contrast 0.3875 | 4.4 it/s
step    4950 | cos 0.4703 | thought 1.0934 dec_ce 2.3279 contrast 0.3333 | 4.5 it/s
step    5000 | cos 0.4736 | thought 1.0732 dec_ce 2.1234 contrast 0.3713 | 4.6 it/s
step    5000 | VAL cos 0.4844 | VAL dec CE 3.9708
step    5050 | cos 0.4726 | thought 1.0525 dec_ce 2.259 contrast 0.3788 | 3.5 it/s
step    5100 | cos 0.4705 | thought 1.0899 dec_ce 2.1898 contrast 0.4099 | 4.5 it/s
step    5150 | cos 0.4712 | thought 1.0584 dec_ce 2.1774 contrast 0.3112 | 4.4 it/s
step    5200 | cos 0.4741 | thought 1.0522 dec_ce 2.1065 contrast 0.363 | 4.4 it/s
step    5250 | cos 0.4716 | thought 1.0345 dec_ce 2.0612 contrast 0.3407 | 4.6 it/s
step    5300 | cos 0.4696 | thought 1.0555 dec_ce 2.208 contrast 0.3547 | 4.4 it/s
step    5350 | cos 0.4753 | thought 1.0844 dec_ce 2.1889 contrast 0.3413 | 4.6 it/s
step    5400 | cos 0.4713 | thought 1.0549 dec_ce 2.172 contrast 0.3857 | 4.4 it/s
step    5450 | cos 0.4717 | thought 1.0908 dec_ce 2.0562 contrast 0.3848 | 4.5 it/s
step    5500 | cos 0.4726 | thought 1.0562 dec_ce 2.1485 contrast 0.3663 | 4.6 it/s
step    5500 | VAL cos 0.4874 | VAL dec CE 3.9608
step    5550 | cos 0.4712 | thought 1.0672 dec_ce 2.1008 contrast 0.3858 | 3.5 it/s
step    5600 | cos 0.4724 | thought 1.0704 dec_ce 2.2538 contrast 0.3305 | 4.4 it/s
step    5650 | cos 0.4724 | thought 1.0529 dec_ce 2.0854 contrast 0.3519 | 4.5 it/s
step    5700 | cos 0.4704 | thought 1.0237 dec_ce 2.0157 contrast 0.4477 | 4.5 it/s
step    5750 | cos 0.4723 | thought 1.0965 dec_ce 2.2696 contrast 0.3267 | 4.5 it/s
step    5800 | cos 0.4706 | thought 1.0611 dec_ce 2.243 contrast 0.3632 | 4.5 it/s
step    5850 | cos 0.4715 | thought 1.096 dec_ce 2.1257 contrast 0.3664 | 4.5 it/s
step    5900 | cos 0.4740 | thought 1.0514 dec_ce 2.134 contrast 0.3721 | 4.7 it/s
step    5950 | cos 0.4743 | thought 1.0658 dec_ce 2.2261 contrast 0.363 | 4.5 it/s
step    6000 | cos 0.4724 | thought 1.021 dec_ce 1.9569 contrast 0.3936 | 4.5 it/s
step    6000 | VAL cos 0.4845 | VAL dec CE 3.9594
step    6050 | cos 0.4719 | thought 1.0586 dec_ce 2.2166 contrast 0.3497 | 3.5 it/s
step    6100 | cos 0.4752 | thought 0.9883 dec_ce 1.9778 contrast 0.3516 | 4.5 it/s
step    6150 | cos 0.4760 | thought 1.0693 dec_ce 2.1254 contrast 0.3846 | 4.6 it/s
step    6200 | cos 0.4744 | thought 1.0651 dec_ce 2.1305 contrast 0.3869 | 4.6 it/s
step    6250 | cos 0.4761 | thought 1.0526 dec_ce 2.0253 contrast 0.3157 | 4.5 it/s
step    6300 | cos 0.4741 | thought 1.0427 dec_ce 2.1325 contrast 0.3433 | 4.5 it/s
step    6350 | cos 0.4759 | thought 1.0427 dec_ce 2.1195 contrast 0.357 | 4.5 it/s
step    6400 | cos 0.4759 | thought 0.9885 dec_ce 1.9907 contrast 0.3241 | 4.6 it/s
step    6450 | cos 0.4762 | thought 1.1147 dec_ce 2.2481 contrast 0.4045 | 4.4 it/s
step    6500 | cos 0.4749 | thought 1.0334 dec_ce 2.1119 contrast 0.4302 | 4.5 it/s
step    6500 | VAL cos 0.4859 | VAL dec CE 3.9579
step    6550 | cos 0.4707 | thought 1.0589 dec_ce 2.1271 contrast 0.382 | 3.5 it/s
step    6600 | cos 0.4744 | thought 1.0675 dec_ce 2.1468 contrast 0.3479 | 4.6 it/s
step    6650 | cos 0.4722 | thought 1.0387 dec_ce 1.9786 contrast 0.4005 | 4.4 it/s
step    6700 | cos 0.4749 | thought 1.0211 dec_ce 2.1227 contrast 0.347 | 4.5 it/s
step    6750 | cos 0.4726 | thought 1.0265 dec_ce 2.0884 contrast 0.3883 | 4.6 it/s
step    6800 | cos 0.4733 | thought 1.0837 dec_ce 2.2218 contrast 0.3577 | 4.5 it/s
step    6850 | cos 0.4728 | thought 1.0566 dec_ce 2.0137 contrast 0.3974 | 4.5 it/s
step    6900 | cos 0.4779 | thought 1.058 dec_ce 2.1139 contrast 0.3169 | 4.6 it/s
step    6950 | cos 0.4742 | thought 1.0709 dec_ce 2.046 contrast 0.3728 | 4.5 it/s
step    7000 | cos 0.4761 | thought 1.0834 dec_ce 2.4233 contrast 0.3662 | 4.5 it/s
step    7000 | VAL cos 0.4901 | VAL dec CE 3.9518
step    7050 | cos 0.4689 | thought 1.0017 dec_ce 1.8789 contrast 0.3337 | 3.4 it/s
step    7100 | cos 0.4799 | thought 1.0041 dec_ce 2.1086 contrast 0.4006 | 4.6 it/s
step    7150 | cos 0.4783 | thought 1.0537 dec_ce 2.0345 contrast 0.4034 | 4.5 it/s
step    7200 | cos 0.4753 | thought 1.0767 dec_ce 2.1271 contrast 0.3917 | 4.5 it/s
step    7250 | cos 0.4747 | thought 1.1105 dec_ce 2.3717 contrast 0.2915 | 4.4 it/s
step    7300 | cos 0.4761 | thought 1.0211 dec_ce 2.1049 contrast 0.3505 | 4.5 it/s
step    7350 | cos 0.4791 | thought 1.0172 dec_ce 1.9244 contrast 0.3944 | 4.6 it/s
step    7400 | cos 0.4781 | thought 0.9923 dec_ce 1.9209 contrast 0.3552 | 4.6 it/s
step    7450 | cos 0.4739 | thought 1.0314 dec_ce 2.1217 contrast 0.3679 | 4.4 it/s
step    7500 | cos 0.4769 | thought 1.044 dec_ce 2.1374 contrast 0.4101 | 4.4 it/s
step    7500 | VAL cos 0.4898 | VAL dec CE 3.9511
step    7550 | cos 0.4770 | thought 1.0386 dec_ce 2.0959 contrast 0.3986 | 3.6 it/s
step    7600 | cos 0.4759 | thought 1.0475 dec_ce 2.2247 contrast 0.3311 | 4.5 it/s
step    7650 | cos 0.4768 | thought 1.0751 dec_ce 2.2199 contrast 0.4495 | 4.5 it/s
step    7700 | cos 0.4740 | thought 1.0595 dec_ce 2.081 contrast 0.3424 | 4.5 it/s
step    7750 | cos 0.4735 | thought 1.0388 dec_ce 2.0149 contrast 0.3621 | 4.6 it/s
step    7800 | cos 0.4737 | thought 1.0924 dec_ce 2.1466 contrast 0.3544 | 4.5 it/s
step    7850 | cos 0.4756 | thought 1.0694 dec_ce 2.1146 contrast 0.3172 | 4.5 it/s
step    7900 | cos 0.4739 | thought 1.1037 dec_ce 2.3205 contrast 0.3324 | 4.6 it/s
step    7950 | cos 0.4775 | thought 1.0385 dec_ce 2.1241 contrast 0.3433 | 4.5 it/s
step    8000 | cos 0.4758 | thought 1.0132 dec_ce 2.0082 contrast 0.32 | 4.5 it/s
step    8000 | VAL cos 0.4821 | VAL dec CE 3.9511
step    8050 | cos 0.4777 | thought 1.0152 dec_ce 2.0314 contrast 0.3511 | 3.5 it/s
step    8100 | cos 0.4789 | thought 1.0187 dec_ce 2.0327 contrast 0.3547 | 4.7 it/s
step    8150 | cos 0.4763 | thought 1.0126 dec_ce 1.9123 contrast 0.3925 | 4.6 it/s
step    8200 | cos 0.4778 | thought 0.9818 dec_ce 2.0226 contrast 0.3323 | 4.4 it/s
step    8250 | cos 0.4793 | thought 1.0035 dec_ce 1.9455 contrast 0.3773 | 4.4 it/s
step    8300 | cos 0.4766 | thought 1.041 dec_ce 2.1615 contrast 0.359 | 4.5 it/s
step    8350 | cos 0.4775 | thought 1.0115 dec_ce 1.9742 contrast 0.3272 | 4.5 it/s
step    8400 | cos 0.4755 | thought 1.0561 dec_ce 2.192 contrast 0.3712 | 4.5 it/s
step    8450 | cos 0.4762 | thought 1.0377 dec_ce 2.0089 contrast 0.3984 | 4.6 it/s
step    8500 | cos 0.4757 | thought 1.0516 dec_ce 2.0915 contrast 0.3084 | 4.5 it/s
step    8500 | VAL cos 0.4895 | VAL dec CE 3.9484
step    8550 | cos 0.4737 | thought 1.065 dec_ce 2.1486 contrast 0.364 | 3.5 it/s
step    8600 | cos 0.4767 | thought 0.9948 dec_ce 1.9436 contrast 0.3808 | 4.5 it/s
step    8650 | cos 0.4776 | thought 1.0768 dec_ce 2.2171 contrast 0.3196 | 4.6 it/s
step    8700 | cos 0.4767 | thought 1.0705 dec_ce 2.0903 contrast 0.3843 | 4.5 it/s
step    8750 | cos 0.4793 | thought 0.9918 dec_ce 2.1141 contrast 0.2761 | 4.6 it/s
step    8800 | cos 0.4772 | thought 1.0243 dec_ce 2.1316 contrast 0.3955 | 4.5 it/s
step    8850 | cos 0.4764 | thought 1.0467 dec_ce 2.2511 contrast 0.2945 | 4.5 it/s
step    8900 | cos 0.4780 | thought 1.0484 dec_ce 2.2364 contrast 0.3257 | 4.5 it/s
step    8950 | cos 0.4746 | thought 1.082 dec_ce 2.008 contrast 0.3524 | 4.5 it/s
step    9000 | cos 0.4788 | thought 1.0679 dec_ce 2.045 contrast 0.4017 | 4.6 it/s
step    9000 | VAL cos 0.4921 | VAL dec CE 3.9358
step    9050 | cos 0.4784 | thought 1.0356 dec_ce 2.1028 contrast 0.3457 | 3.5 it/s
step    9100 | cos 0.4773 | thought 1.0164 dec_ce 2.012 contrast 0.3494 | 4.5 it/s
step    9150 | cos 0.4813 | thought 1.0479 dec_ce 2.1938 contrast 0.3292 | 4.5 it/s
step    9200 | cos 0.4794 | thought 1.046 dec_ce 2.065 contrast 0.3636 | 4.7 it/s
step    9250 | cos 0.4783 | thought 1.0788 dec_ce 2.2665 contrast 0.3311 | 4.6 it/s
step    9300 | cos 0.4779 | thought 1.0661 dec_ce 2.1407 contrast 0.3317 | 4.6 it/s
step    9350 | cos 0.4793 | thought 1.0229 dec_ce 2.0494 contrast 0.3493 | 4.5 it/s
step    9400 | cos 0.4762 | thought 1.0436 dec_ce 2.0984 contrast 0.3317 | 4.4 it/s
step    9450 | cos 0.4764 | thought 1.0761 dec_ce 2.2434 contrast 0.3978 | 4.6 it/s
step    9500 | cos 0.4775 | thought 1.0259 dec_ce 2.1173 contrast 0.3638 | 4.5 it/s
step    9500 | VAL cos 0.4884 | VAL dec CE 3.9339
step    9550 | cos 0.4791 | thought 1.0407 dec_ce 2.0004 contrast 0.3065 | 3.6 it/s
step    9600 | cos 0.4765 | thought 1.0735 dec_ce 2.0662 contrast 0.3206 | 4.5 it/s
step    9650 | cos 0.4802 | thought 1.0725 dec_ce 2.2043 contrast 0.3174 | 4.5 it/s
step    9700 | cos 0.4785 | thought 1.0816 dec_ce 2.1344 contrast 0.3114 | 4.5 it/s
step    9750 | cos 0.4795 | thought 0.9966 dec_ce 1.8258 contrast 0.314 | 4.5 it/s
step    9800 | cos 0.4755 | thought 1.0272 dec_ce 1.9587 contrast 0.4045 | 4.5 it/s
step    9850 | cos 0.4794 | thought 1.0637 dec_ce 2.1145 contrast 0.3279 | 4.5 it/s
step    9900 | cos 0.4802 | thought 1.0742 dec_ce 2.2325 contrast 0.3152 | 4.4 it/s
step    9950 | cos 0.4773 | thought 1.0261 dec_ce 2.0434 contrast 0.3779 | 4.6 it/s
step   10000 | cos 0.4751 | thought 1.0057 dec_ce 1.9425 contrast 0.4128 | 4.5 it/s
step   10000 | VAL cos 0.4932 | VAL dec CE 3.9301
step   10050 | cos 0.4798 | thought 0.999 dec_ce 1.9262 contrast 0.3179 | 3.4 it/s
step   10100 | cos 0.4793 | thought 1.015 dec_ce 2.0017 contrast 0.3328 | 4.6 it/s
step   10150 | cos 0.4768 | thought 1.0008 dec_ce 2.0692 contrast 0.3253 | 4.5 it/s
step   10200 | cos 0.4802 | thought 1.0579 dec_ce 2.0521 contrast 0.3551 | 4.5 it/s
step   10250 | cos 0.4751 | thought 0.9726 dec_ce 2.057 contrast 0.3103 | 4.5 it/s
step   10300 | cos 0.4752 | thought 1.0606 dec_ce 2.1686 contrast 0.3137 | 4.5 it/s
step   10350 | cos 0.4811 | thought 1.0557 dec_ce 2.1107 contrast 0.3264 | 4.5 it/s
step   10400 | cos 0.4751 | thought 1.0278 dec_ce 2.0608 contrast 0.3277 | 4.4 it/s
step   10450 | cos 0.4739 | thought 1.0684 dec_ce 2.0729 contrast 0.4062 | 4.5 it/s
step   10500 | cos 0.4791 | thought 1.0748 dec_ce 2.2773 contrast 0.2899 | 4.4 it/s
step   10500 | VAL cos 0.4954 | VAL dec CE 3.9299
step   10550 | cos 0.4760 | thought 1.0947 dec_ce 2.0884 contrast 0.3373 | 3.5 it/s
step   10600 | cos 0.4789 | thought 1.037 dec_ce 2.1358 contrast 0.3487 | 4.4 it/s
step   10650 | cos 0.4800 | thought 1.0503 dec_ce 2.2742 contrast 0.2878 | 4.6 it/s
step   10700 | cos 0.4780 | thought 1.0562 dec_ce 2.2068 contrast 0.2949 | 4.5 it/s
step   10750 | cos 0.4818 | thought 1.0205 dec_ce 1.972 contrast 0.3145 | 4.5 it/s
step   10800 | cos 0.4803 | thought 1.0669 dec_ce 2.187 contrast 0.3802 | 4.6 it/s
step   10850 | cos 0.4787 | thought 1.0588 dec_ce 2.2907 contrast 0.3027 | 4.4 it/s
step   10900 | cos 0.4802 | thought 0.9834 dec_ce 1.9589 contrast 0.2864 | 4.4 it/s
step   10950 | cos 0.4794 | thought 1.0788 dec_ce 2.1921 contrast 0.3974 | 4.5 it/s
step   11000 | cos 0.4788 | thought 1.0598 dec_ce 2.2719 contrast 0.3353 | 4.5 it/s
step   11000 | VAL cos 0.4947 | VAL dec CE 3.9219
step   11050 | cos 0.4802 | thought 1.0269 dec_ce 2.0434 contrast 0.3311 | 3.5 it/s
step   11100 | cos 0.4761 | thought 1.1009 dec_ce 2.2426 contrast 0.3916 | 4.5 it/s
step   11150 | cos 0.4789 | thought 1.0237 dec_ce 2.0396 contrast 0.3436 | 4.4 it/s
step   11200 | cos 0.4806 | thought 0.9902 dec_ce 1.934 contrast 0.3459 | 4.5 it/s
step   11250 | cos 0.4802 | thought 1.0351 dec_ce 1.9975 contrast 0.3512 | 4.6 it/s
step   11300 | cos 0.4804 | thought 1.0865 dec_ce 2.1062 contrast 0.3785 | 4.6 it/s
step   11350 | cos 0.4811 | thought 0.996 dec_ce 1.9525 contrast 0.3061 | 4.5 it/s
step   11400 | cos 0.4789 | thought 1.0276 dec_ce 1.9596 contrast 0.3723 | 4.4 it/s
step   11450 | cos 0.4783 | thought 1.0605 dec_ce 2.1007 contrast 0.3432 | 4.4 it/s
step   11500 | cos 0.4788 | thought 1.0179 dec_ce 1.9953 contrast 0.3838 | 4.5 it/s
step   11500 | VAL cos 0.4919 | VAL dec CE 3.9194
step   11550 | cos 0.4815 | thought 1.064 dec_ce 2.1422 contrast 0.3179 | 3.5 it/s
step   11600 | cos 0.4767 | thought 1.0709 dec_ce 2.2162 contrast 0.3188 | 4.5 it/s
step   11650 | cos 0.4794 | thought 1.0463 dec_ce 2.0867 contrast 0.3071 | 4.4 it/s
step   11700 | cos 0.4803 | thought 1.0037 dec_ce 1.8696 contrast 0.3964 | 4.6 it/s
step   11750 | cos 0.4782 | thought 1.0217 dec_ce 2.1725 contrast 0.3352 | 4.4 it/s
step   11800 | cos 0.4796 | thought 0.9996 dec_ce 1.9488 contrast 0.33 | 4.5 it/s
step   11850 | cos 0.4782 | thought 1.0816 dec_ce 2.107 contrast 0.3586 | 4.4 it/s
step   11900 | cos 0.4785 | thought 1.0209 dec_ce 1.9046 contrast 0.3611 | 4.4 it/s
step   11950 | cos 0.4802 | thought 1.0598 dec_ce 1.9693 contrast 0.3981 | 4.5 it/s
step   12000 | cos 0.4848 | thought 1.0365 dec_ce 2.1551 contrast 0.2774 | 4.5 it/s
step   12000 | VAL cos 0.4948 | VAL dec CE 3.9195
step   12050 | cos 0.4802 | thought 1.0662 dec_ce 2.1857 contrast 0.3135 | 3.6 it/s
step   12100 | cos 0.4825 | thought 1.0588 dec_ce 2.0672 contrast 0.3416 | 4.4 it/s
step   12150 | cos 0.4846 | thought 0.9947 dec_ce 1.918 contrast 0.3549 | 4.5 it/s
step   12200 | cos 0.4819 | thought 1.0144 dec_ce 2.0924 contrast 0.2947 | 4.5 it/s
step   12250 | cos 0.4853 | thought 1.0334 dec_ce 1.9829 contrast 0.3343 | 4.6 it/s
step   12300 | cos 0.4801 | thought 1.0258 dec_ce 2.078 contrast 0.3299 | 4.6 it/s
step   12350 | cos 0.4802 | thought 1.0438 dec_ce 2.0306 contrast 0.3405 | 4.5 it/s
step   12400 | cos 0.4805 | thought 1.0021 dec_ce 1.9778 contrast 0.3223 | 4.5 it/s
step   12450 | cos 0.4787 | thought 1.0506 dec_ce 2.0303 contrast 0.3341 | 4.5 it/s
step   12500 | cos 0.4828 | thought 1.1129 dec_ce 2.1109 contrast 0.3678 | 4.6 it/s
step   12500 | VAL cos 0.4896 | VAL dec CE 3.9180
step   12550 | cos 0.4832 | thought 1.0302 dec_ce 2.1129 contrast 0.3287 | 3.6 it/s
step   12600 | cos 0.4835 | thought 1.0497 dec_ce 2.2138 contrast 0.3106 | 4.6 it/s
step   12650 | cos 0.4812 | thought 1.0513 dec_ce 2.1205 contrast 0.3196 | 4.6 it/s
step   12700 | cos 0.4830 | thought 1.0341 dec_ce 2.096 contrast 0.3185 | 4.6 it/s
step   12750 | cos 0.4844 | thought 1.0755 dec_ce 2.1855 contrast 0.3352 | 4.4 it/s
step   12800 | cos 0.4814 | thought 1.0699 dec_ce 2.1438 contrast 0.3654 | 4.5 it/s
step   12850 | cos 0.4812 | thought 1.0488 dec_ce 2.1531 contrast 0.3383 | 4.5 it/s
step   12900 | cos 0.4886 | thought 1.0361 dec_ce 2.1906 contrast 0.2955 | 4.6 it/s
step   12950 | cos 0.4850 | thought 1.0433 dec_ce 2.035 contrast 0.3796 | 4.6 it/s
step   13000 | cos 0.4818 | thought 1.0212 dec_ce 1.9956 contrast 0.331 | 4.5 it/s
step   13000 | VAL cos 0.4925 | VAL dec CE 3.9199
step   13050 | cos 0.4847 | thought 1.0805 dec_ce 2.268 contrast 0.2832 | 3.7 it/s
step   13100 | cos 0.4828 | thought 1.0222 dec_ce 2.0005 contrast 0.3245 | 4.6 it/s
step   13150 | cos 0.4821 | thought 1.055 dec_ce 2.1313 contrast 0.3189 | 4.6 it/s
step   13200 | cos 0.4871 | thought 1.0443 dec_ce 2.1154 contrast 0.3052 | 4.4 it/s
step   13250 | cos 0.4807 | thought 1.0352 dec_ce 1.9696 contrast 0.4018 | 4.6 it/s
step   13300 | cos 0.4847 | thought 1.0473 dec_ce 2.053 contrast 0.3187 | 4.5 it/s
step   13350 | cos 0.4802 | thought 1.024 dec_ce 2.1471 contrast 0.2871 | 4.5 it/s
step   13400 | cos 0.4821 | thought 1.0192 dec_ce 2.0889 contrast 0.2845 | 4.5 it/s
step   13450 | cos 0.4817 | thought 1.0303 dec_ce 2.1957 contrast 0.3433 | 4.5 it/s
step   13500 | cos 0.4825 | thought 1.0371 dec_ce 2.0245 contrast 0.3659 | 4.4 it/s
step   13500 | VAL cos 0.4910 | VAL dec CE 3.9190
step   13550 | cos 0.4841 | thought 1.0242 dec_ce 1.9674 contrast 0.3227 | 3.6 it/s
step   13600 | cos 0.4797 | thought 1.0738 dec_ce 2.2103 contrast 0.314 | 4.4 it/s
step   13650 | cos 0.4826 | thought 1.0186 dec_ce 2.2035 contrast 0.2898 | 4.4 it/s
step   13700 | cos 0.4853 | thought 0.9955 dec_ce 1.9283 contrast 0.3342 | 4.6 it/s
step   13750 | cos 0.4820 | thought 1.0219 dec_ce 1.9358 contrast 0.3529 | 4.4 it/s
step   13800 | cos 0.4810 | thought 1.0087 dec_ce 2.0023 contrast 0.2531 | 4.4 it/s
step   13850 | cos 0.4804 | thought 1.0401 dec_ce 2.1061 contrast 0.3121 | 4.5 it/s
step   13900 | cos 0.4812 | thought 1.0485 dec_ce 2.1076 contrast 0.3302 | 4.5 it/s
step   13950 | cos 0.4804 | thought 1.0398 dec_ce 2.3394 contrast 0.3275 | 4.4 it/s
step   14000 | cos 0.4837 | thought 1.0615 dec_ce 2.2579 contrast 0.3032 | 4.4 it/s
step   14000 | VAL cos 0.4942 | VAL dec CE 3.9032
step   14050 | cos 0.4832 | thought 1.0249 dec_ce 2.1071 contrast 0.345 | 3.3 it/s
step   14100 | cos 0.4789 | thought 1.0492 dec_ce 2.0797 contrast 0.2838 | 4.5 it/s
step   14150 | cos 0.4824 | thought 0.9885 dec_ce 2.0968 contrast 0.2935 | 4.4 it/s
step   14200 | cos 0.4820 | thought 1.0031 dec_ce 2.0341 contrast 0.3178 | 4.5 it/s
step   14250 | cos 0.4776 | thought 1.0069 dec_ce 2.0169 contrast 0.3312 | 4.4 it/s
step   14300 | cos 0.4813 | thought 1.019 dec_ce 2.0001 contrast 0.3094 | 4.5 it/s
step   14350 | cos 0.4813 | thought 1.0231 dec_ce 2.0438 contrast 0.3381 | 4.6 it/s
step   14400 | cos 0.4840 | thought 1.0094 dec_ce 2.0391 contrast 0.2761 | 4.5 it/s
step   14450 | cos 0.4816 | thought 1.0521 dec_ce 2.1186 contrast 0.3371 | 4.4 it/s
step   14500 | cos 0.4822 | thought 1.0164 dec_ce 2.1618 contrast 0.2862 | 4.5 it/s
step   14500 | VAL cos 0.4970 | VAL dec CE 3.9032
step   14550 | cos 0.4854 | thought 1.0518 dec_ce 2.3099 contrast 0.2595 | 3.5 it/s
step   14600 | cos 0.4839 | thought 1.0299 dec_ce 2.0916 contrast 0.3058 | 4.5 it/s
step   14650 | cos 0.4859 | thought 1.0485 dec_ce 2.1072 contrast 0.3245 | 4.4 it/s
step   14700 | cos 0.4833 | thought 1.0646 dec_ce 2.001 contrast 0.3956 | 4.5 it/s
step   14750 | cos 0.4822 | thought 1.0615 dec_ce 2.0249 contrast 0.3834 | 4.4 it/s
step   14800 | cos 0.4817 | thought 1.0213 dec_ce 2.0851 contrast 0.3217 | 4.4 it/s
step   14850 | cos 0.4842 | thought 1.0636 dec_ce 2.0433 contrast 0.3625 | 4.6 it/s
step   14900 | cos 0.4843 | thought 1.0151 dec_ce 2.1364 contrast 0.285 | 4.6 it/s
step   14950 | cos 0.4860 | thought 1.0121 dec_ce 1.9775 contrast 0.3443 | 4.5 it/s
step   15000 | cos 0.4801 | thought 1.0417 dec_ce 2.1168 contrast 0.3354 | 4.4 it/s
step   15000 | VAL cos 0.4930 | VAL dec CE 3.9021
step   15050 | cos 0.4828 | thought 1.0205 dec_ce 2.0762 contrast 0.3088 | 3.4 it/s
step   15100 | cos 0.4843 | thought 1.029 dec_ce 2.0962 contrast 0.2694 | 4.4 it/s
step   15150 | cos 0.4848 | thought 0.9893 dec_ce 1.9368 contrast 0.3262 | 4.5 it/s
step   15200 | cos 0.4844 | thought 1.0114 dec_ce 1.9471 contrast 0.3013 | 4.6 it/s
step   15250 | cos 0.4845 | thought 1.0235 dec_ce 2.1026 contrast 0.3157 | 4.5 it/s
step   15300 | cos 0.4865 | thought 1.0257 dec_ce 1.9462 contrast 0.3621 | 4.6 it/s
step   15350 | cos 0.4829 | thought 1.0606 dec_ce 2.0655 contrast 0.321 | 4.4 it/s
step   15400 | cos 0.4798 | thought 1.0551 dec_ce 2.1626 contrast 0.3048 | 4.4 it/s
step   15450 | cos 0.4854 | thought 0.9844 dec_ce 1.8826 contrast 0.2738 | 4.5 it/s
step   15500 | cos 0.4862 | thought 1.0379 dec_ce 2.1303 contrast 0.2331 | 4.5 it/s
step   15500 | VAL cos 0.4950 | VAL dec CE 3.8974
step   15550 | cos 0.4813 | thought 1.0421 dec_ce 1.9388 contrast 0.3637 | 3.5 it/s
step   15600 | cos 0.4836 | thought 1.053 dec_ce 2.3162 contrast 0.278 | 4.5 it/s
step   15650 | cos 0.4863 | thought 1.0302 dec_ce 2.0602 contrast 0.2806 | 4.5 it/s
step   15700 | cos 0.4806 | thought 1.0273 dec_ce 1.9792 contrast 0.3497 | 4.3 it/s
step   15750 | cos 0.4851 | thought 0.9937 dec_ce 1.8686 contrast 0.3624 | 4.5 it/s
step   15800 | cos 0.4841 | thought 1.0035 dec_ce 1.9739 contrast 0.3544 | 4.5 it/s
step   15850 | cos 0.4816 | thought 1.0124 dec_ce 2.0588 contrast 0.3173 | 4.5 it/s
step   15900 | cos 0.4826 | thought 1.0193 dec_ce 2.126 contrast 0.2793 | 4.5 it/s
step   15950 | cos 0.4818 | thought 1.0278 dec_ce 2.0475 contrast 0.3083 | 4.5 it/s
step   16000 | cos 0.4849 | thought 0.9794 dec_ce 1.9419 contrast 0.3279 | 4.6 it/s
step   16000 | VAL cos 0.4915 | VAL dec CE 3.9045
step   16050 | cos 0.4832 | thought 1.0124 dec_ce 1.9609 contrast 0.3728 | 3.5 it/s
step   16100 | cos 0.4828 | thought 1.0597 dec_ce 2.2751 contrast 0.2875 | 4.4 it/s
step   16150 | cos 0.4843 | thought 1.0255 dec_ce 1.9107 contrast 0.3076 | 4.5 it/s
step   16200 | cos 0.4820 | thought 1.0783 dec_ce 2.0562 contrast 0.3409 | 4.3 it/s
step   16250 | cos 0.4849 | thought 1.0337 dec_ce 1.9689 contrast 0.3593 | 4.6 it/s
step   16300 | cos 0.4866 | thought 1.0258 dec_ce 2.088 contrast 0.3094 | 4.6 it/s
step   16350 | cos 0.4832 | thought 0.9982 dec_ce 1.9626 contrast 0.2904 | 4.4 it/s
step   16400 | cos 0.4841 | thought 1.0623 dec_ce 2.3084 contrast 0.2968 | 4.6 it/s
step   16450 | cos 0.4842 | thought 1.0265 dec_ce 2.0613 contrast 0.2931 | 4.5 it/s
step   16500 | cos 0.4862 | thought 1.0167 dec_ce 2.1196 contrast 0.3259 | 4.4 it/s
step   16500 | VAL cos 0.4961 | VAL dec CE 3.9065
step   16550 | cos 0.4845 | thought 1.0665 dec_ce 2.2733 contrast 0.2682 | 3.6 it/s
step   16600 | cos 0.4840 | thought 1.0204 dec_ce 2.0585 contrast 0.3361 | 4.4 it/s
step   16650 | cos 0.4855 | thought 0.9938 dec_ce 1.884 contrast 0.3189 | 4.5 it/s
step   16700 | cos 0.4848 | thought 1.0253 dec_ce 1.9269 contrast 0.3647 | 4.6 it/s
step   16750 | cos 0.4853 | thought 1.037 dec_ce 2.0228 contrast 0.268 | 4.4 it/s
step   16800 | cos 0.4847 | thought 1.034 dec_ce 2.2136 contrast 0.2586 | 4.4 it/s
step   16850 | cos 0.4836 | thought 1.0597 dec_ce 1.9124 contrast 0.367 | 4.5 it/s
step   16900 | cos 0.4847 | thought 1.0051 dec_ce 1.9964 contrast 0.2584 | 4.4 it/s
step   16950 | cos 0.4869 | thought 1.0418 dec_ce 1.9598 contrast 0.3549 | 4.5 it/s
step   17000 | cos 0.4835 | thought 0.9912 dec_ce 1.9843 contrast 0.3108 | 4.3 it/s
step   17000 | VAL cos 0.4969 | VAL dec CE 3.9122
step   17050 | cos 0.4819 | thought 1.0492 dec_ce 2.048 contrast 0.3324 | 3.6 it/s
step   17100 | cos 0.4867 | thought 1.0187 dec_ce 2.0899 contrast 0.3024 | 4.5 it/s
step   17150 | cos 0.4847 | thought 1.011 dec_ce 2.0088 contrast 0.3137 | 4.4 it/s
step   17200 | cos 0.4860 | thought 0.9951 dec_ce 1.8891 contrast 0.3257 | 4.4 it/s
step   17250 | cos 0.4884 | thought 1.0434 dec_ce 2.0992 contrast 0.2633 | 4.6 it/s
step   17300 | cos 0.4857 | thought 0.9843 dec_ce 1.8816 contrast 0.3101 | 4.5 it/s
step   17350 | cos 0.4813 | thought 1.0853 dec_ce 2.2587 contrast 0.2625 | 4.4 it/s
step   17400 | cos 0.4855 | thought 1.0361 dec_ce 2.0039 contrast 0.2723 | 4.4 it/s
step   17450 | cos 0.4845 | thought 1.0315 dec_ce 2.1135 contrast 0.3231 | 4.4 it/s
step   17500 | cos 0.4841 | thought 1.0703 dec_ce 2.0888 contrast 0.3313 | 4.4 it/s
step   17500 | VAL cos 0.4940 | VAL dec CE 3.8911
step   17550 | cos 0.4875 | thought 1.0356 dec_ce 1.986 contrast 0.3512 | 3.5 it/s
step   17600 | cos 0.4866 | thought 1.0315 dec_ce 2.0451 contrast 0.288 | 4.6 it/s
step   17650 | cos 0.4844 | thought 1.0412 dec_ce 2.1008 contrast 0.3132 | 4.5 it/s
step   17700 | cos 0.4822 | thought 1.0088 dec_ce 2.0407 contrast 0.2871 | 4.6 it/s
step   17750 | cos 0.4860 | thought 1.0593 dec_ce 2.2304 contrast 0.2598 | 4.5 it/s
step   17800 | cos 0.4865 | thought 1.0173 dec_ce 2.0333 contrast 0.3259 | 4.4 it/s
step   17850 | cos 0.4841 | thought 1.0238 dec_ce 1.9974 contrast 0.2802 | 4.4 it/s
step   17900 | cos 0.4874 | thought 1.0337 dec_ce 2.0296 contrast 0.3098 | 4.5 it/s
step   17950 | cos 0.4826 | thought 0.9663 dec_ce 1.9912 contrast 0.3092 | 4.4 it/s
step   18000 | cos 0.4827 | thought 1.1007 dec_ce 2.0918 contrast 0.3612 | 4.4 it/s
step   18000 | VAL cos 0.4969 | VAL dec CE 3.8913
step   18050 | cos 0.4876 | thought 1.0073 dec_ce 2.0787 contrast 0.2775 | 3.5 it/s
step   18100 | cos 0.4877 | thought 0.9899 dec_ce 2.1191 contrast 0.2932 | 4.5 it/s
step   18150 | cos 0.4859 | thought 1.0458 dec_ce 2.0913 contrast 0.2534 | 4.4 it/s
step   18200 | cos 0.4848 | thought 1.0632 dec_ce 2.1369 contrast 0.2719 | 4.5 it/s
step   18250 | cos 0.4863 | thought 0.9816 dec_ce 1.8953 contrast 0.2992 | 4.5 it/s
step   18300 | cos 0.4869 | thought 1.0594 dec_ce 2.1018 contrast 0.3844 | 4.5 it/s
step   18350 | cos 0.4893 | thought 1.0319 dec_ce 2.1525 contrast 0.2719 | 4.5 it/s
step   18400 | cos 0.4844 | thought 1.0513 dec_ce 2.2014 contrast 0.2877 | 4.5 it/s
step   18450 | cos 0.4861 | thought 1.0439 dec_ce 2.0367 contrast 0.3047 | 4.5 it/s
step   18500 | cos 0.4821 | thought 1.0705 dec_ce 2.1456 contrast 0.3227 | 4.6 it/s
step   18500 | VAL cos 0.4970 | VAL dec CE 3.8872
step   18550 | cos 0.4856 | thought 1.0283 dec_ce 2.194 contrast 0.2896 | 3.6 it/s
step   18600 | cos 0.4816 | thought 1.0602 dec_ce 2.0845 contrast 0.2825 | 4.5 it/s
step   18650 | cos 0.4917 | thought 1.0191 dec_ce 2.1508 contrast 0.2638 | 4.5 it/s
step   18700 | cos 0.4846 | thought 1.0236 dec_ce 2.0474 contrast 0.3482 | 4.4 it/s
step   18750 | cos 0.4865 | thought 1.0153 dec_ce 2.0702 contrast 0.2445 | 4.5 it/s
step   18800 | cos 0.4908 | thought 1.0375 dec_ce 2.1793 contrast 0.3158 | 4.5 it/s
step   18850 | cos 0.4874 | thought 1.0184 dec_ce 2.1092 contrast 0.3106 | 4.6 it/s
step   18900 | cos 0.4858 | thought 1.0574 dec_ce 2.0424 contrast 0.3067 | 4.6 it/s
step   18950 | cos 0.4844 | thought 1.0446 dec_ce 2.0915 contrast 0.263 | 4.4 it/s
step   19000 | cos 0.4854 | thought 1.035 dec_ce 2.019 contrast 0.2735 | 4.6 it/s
step   19000 | VAL cos 0.4984 | VAL dec CE 3.8854
step   19050 | cos 0.4837 | thought 1.0441 dec_ce 1.9997 contrast 0.3175 | 3.6 it/s
step   19100 | cos 0.4881 | thought 1.0388 dec_ce 1.9724 contrast 0.2684 | 4.6 it/s
step   19150 | cos 0.4879 | thought 0.9978 dec_ce 2.0106 contrast 0.2459 | 4.4 it/s
step   19200 | cos 0.4867 | thought 1.0136 dec_ce 2.0878 contrast 0.2356 | 4.4 it/s
step   19250 | cos 0.4865 | thought 1.0314 dec_ce 2.0497 contrast 0.2814 | 4.5 it/s
step   19300 | cos 0.4867 | thought 1.0669 dec_ce 2.1419 contrast 0.3116 | 4.5 it/s
step   19350 | cos 0.4838 | thought 1.0664 dec_ce 2.1448 contrast 0.2835 | 4.4 it/s
step   19400 | cos 0.4874 | thought 1.0438 dec_ce 2.0465 contrast 0.3296 | 4.5 it/s
step   19450 | cos 0.4836 | thought 1.0517 dec_ce 2.0922 contrast 0.27 | 4.6 it/s
step   19500 | cos 0.4862 | thought 1.0211 dec_ce 2.0622 contrast 0.3213 | 4.5 it/s
step   19500 | VAL cos 0.5000 | VAL dec CE 3.8901
step   19550 | cos 0.4857 | thought 1.0511 dec_ce 2.0055 contrast 0.2862 | 3.6 it/s
step   19600 | cos 0.4856 | thought 1.0042 dec_ce 2.0394 contrast 0.3479 | 4.4 it/s
step   19650 | cos 0.4863 | thought 1.0469 dec_ce 1.9637 contrast 0.3596 | 4.4 it/s
step   19700 | cos 0.4866 | thought 1.0141 dec_ce 1.9895 contrast 0.2841 | 4.5 it/s
step   19750 | cos 0.4894 | thought 1.0268 dec_ce 2.0848 contrast 0.2572 | 4.3 it/s
step   19800 | cos 0.4845 | thought 1.0061 dec_ce 1.9584 contrast 0.3332 | 4.5 it/s
step   19850 | cos 0.4856 | thought 1.047 dec_ce 2.3027 contrast 0.2546 | 4.5 it/s
step   19900 | cos 0.4869 | thought 1.035 dec_ce 2.1619 contrast 0.2979 | 4.5 it/s
step   19950 | cos 0.4879 | thought 0.9854 dec_ce 1.9201 contrast 0.2787 | 4.5 it/s
step   20000 | cos 0.4842 | thought 1.0111 dec_ce 2.0788 contrast 0.2729 | 4.5 it/s
step   20000 | VAL cos 0.4979 | VAL dec CE 3.8923
step   20050 | cos 0.4887 | thought 0.9916 dec_ce 1.9402 contrast 0.3476 | 3.7 it/s
step   20100 | cos 0.4874 | thought 0.9974 dec_ce 1.9037 contrast 0.2923 | 4.4 it/s
step   20150 | cos 0.4877 | thought 1.0645 dec_ce 2.1291 contrast 0.3631 | 4.6 it/s
step   20200 | cos 0.4836 | thought 1.0208 dec_ce 2.1368 contrast 0.2614 | 4.6 it/s
step   20250 | cos 0.4833 | thought 1.0016 dec_ce 1.9081 contrast 0.2728 | 4.4 it/s
step   20300 | cos 0.4873 | thought 1.0708 dec_ce 2.1672 contrast 0.2609 | 4.5 it/s
step   20350 | cos 0.4836 | thought 1.043 dec_ce 1.9981 contrast 0.282 | 4.5 it/s
step   20400 | cos 0.4886 | thought 1.0638 dec_ce 2.2417 contrast 0.2831 | 4.6 it/s
step   20450 | cos 0.4905 | thought 1.023 dec_ce 2.1421 contrast 0.3199 | 4.6 it/s
step   20500 | cos 0.4893 | thought 1.0205 dec_ce 2.1923 contrast 0.2677 | 4.5 it/s
step   20500 | VAL cos 0.4954 | VAL dec CE 3.8830
step   20550 | cos 0.4845 | thought 0.9779 dec_ce 1.9746 contrast 0.3296 | 3.5 it/s
step   20600 | cos 0.4856 | thought 1.0058 dec_ce 2.0529 contrast 0.3069 | 4.5 it/s
step   20650 | cos 0.4883 | thought 1.031 dec_ce 2.046 contrast 0.2688 | 4.5 it/s
step   20700 | cos 0.4862 | thought 1.0082 dec_ce 1.9261 contrast 0.3022 | 4.5 it/s
step   20750 | cos 0.4847 | thought 0.9829 dec_ce 1.9885 contrast 0.2688 | 4.4 it/s
step   20800 | cos 0.4845 | thought 1.0658 dec_ce 2.1703 contrast 0.3726 | 4.5 it/s
step   20850 | cos 0.4865 | thought 0.9736 dec_ce 1.8368 contrast 0.3912 | 4.5 it/s
step   20900 | cos 0.4881 | thought 1.0327 dec_ce 2.1026 contrast 0.3325 | 4.5 it/s
step   20950 | cos 0.4823 | thought 1.0056 dec_ce 1.9743 contrast 0.2974 | 4.5 it/s
step   21000 | cos 0.4864 | thought 1.0173 dec_ce 1.9862 contrast 0.3197 | 4.5 it/s
step   21000 | VAL cos 0.4947 | VAL dec CE 3.8782
step   21050 | cos 0.4840 | thought 1.0667 dec_ce 2.1156 contrast 0.2848 | 3.4 it/s
step   21100 | cos 0.4882 | thought 1.0464 dec_ce 2.2007 contrast 0.3043 | 4.3 it/s
step   21150 | cos 0.4876 | thought 1.0579 dec_ce 2.2434 contrast 0.3105 | 4.4 it/s
step   21200 | cos 0.4850 | thought 1.0225 dec_ce 2.0384 contrast 0.3092 | 4.4 it/s
step   21250 | cos 0.4877 | thought 1.0752 dec_ce 2.3667 contrast 0.2925 | 4.3 it/s
step   21300 | cos 0.4881 | thought 1.041 dec_ce 2.0804 contrast 0.2554 | 4.5 it/s
step   21350 | cos 0.4857 | thought 1.0221 dec_ce 1.9469 contrast 0.284 | 4.5 it/s
step   21400 | cos 0.4884 | thought 1.0144 dec_ce 2.075 contrast 0.3495 | 4.5 it/s
step   21450 | cos 0.4888 | thought 1.046 dec_ce 2.0632 contrast 0.2945 | 4.5 it/s
step   21500 | cos 0.4867 | thought 1.096 dec_ce 2.1212 contrast 0.3571 | 4.4 it/s
step   21500 | VAL cos 0.4998 | VAL dec CE 3.8719
step   21550 | cos 0.4886 | thought 1.0616 dec_ce 2.1038 contrast 0.2937 | 3.5 it/s
step   21600 | cos 0.4867 | thought 1.0355 dec_ce 1.9974 contrast 0.3014 | 4.5 it/s
step   21650 | cos 0.4892 | thought 1.0674 dec_ce 2.1709 contrast 0.2462 | 4.5 it/s
step   21700 | cos 0.4881 | thought 1.0307 dec_ce 2.0965 contrast 0.2613 | 4.6 it/s
step   21750 | cos 0.4865 | thought 1.0284 dec_ce 2.1972 contrast 0.3022 | 4.5 it/s
step   21800 | cos 0.4851 | thought 1.0335 dec_ce 1.9765 contrast 0.2801 | 4.6 it/s
step   21850 | cos 0.4885 | thought 1.0453 dec_ce 2.1372 contrast 0.2655 | 4.6 it/s
step   21900 | cos 0.4882 | thought 1.0111 dec_ce 1.9721 contrast 0.2823 | 4.6 it/s
step   21950 | cos 0.4859 | thought 1.0616 dec_ce 2.2911 contrast 0.2585 | 4.5 it/s
step   22000 | cos 0.4890 | thought 1.0431 dec_ce 2.1705 contrast 0.2768 | 4.6 it/s
step   22000 | VAL cos 0.4998 | VAL dec CE 3.8758
step   22050 | cos 0.4856 | thought 1.0463 dec_ce 2.0537 contrast 0.2824 | 3.5 it/s
step   22100 | cos 0.4891 | thought 1.0011 dec_ce 2.0623 contrast 0.2844 | 4.6 it/s
step   22150 | cos 0.4898 | thought 1.0319 dec_ce 2.1127 contrast 0.3545 | 4.4 it/s
step   22200 | cos 0.4882 | thought 1.056 dec_ce 2.1482 contrast 0.3367 | 4.6 it/s
step   22250 | cos 0.4854 | thought 1.0268 dec_ce 2.0913 contrast 0.29 | 4.4 it/s
step   22300 | cos 0.4881 | thought 0.9905 dec_ce 1.8746 contrast 0.3044 | 4.5 it/s
step   22350 | cos 0.4885 | thought 1.0326 dec_ce 2.0481 contrast 0.3157 | 4.5 it/s
step   22400 | cos 0.4871 | thought 1.0446 dec_ce 2.1832 contrast 0.3376 | 4.5 it/s
step   22450 | cos 0.4854 | thought 1.0226 dec_ce 2.0157 contrast 0.3047 | 4.4 it/s
step   22500 | cos 0.4866 | thought 1.0372 dec_ce 2.0751 contrast 0.3381 | 4.5 it/s
step   22500 | VAL cos 0.4991 | VAL dec CE 3.8831
step   22550 | cos 0.4859 | thought 1.0601 dec_ce 2.1766 contrast 0.3299 | 3.7 it/s
step   22600 | cos 0.4881 | thought 1.0332 dec_ce 2.0216 contrast 0.4084 | 4.4 it/s
step   22650 | cos 0.4879 | thought 0.9923 dec_ce 2.1959 contrast 0.2836 | 4.6 it/s
step   22700 | cos 0.4877 | thought 1.0332 dec_ce 2.0564 contrast 0.2393 | 4.6 it/s
step   22750 | cos 0.4882 | thought 1.0678 dec_ce 2.1002 contrast 0.3299 | 4.4 it/s
step   22800 | cos 0.4878 | thought 1.0639 dec_ce 2.1898 contrast 0.3039 | 4.5 it/s
step   22850 | cos 0.4856 | thought 0.9697 dec_ce 1.9636 contrast 0.3017 | 4.4 it/s
step   22900 | cos 0.4856 | thought 1.0085 dec_ce 2.093 contrast 0.2935 | 4.6 it/s
step   22950 | cos 0.4853 | thought 1.0714 dec_ce 1.9998 contrast 0.3237 | 4.5 it/s
step   23000 | cos 0.4880 | thought 1.0123 dec_ce 2.2609 contrast 0.2773 | 4.4 it/s
step   23000 | VAL cos 0.5000 | VAL dec CE 3.8722
step   23050 | cos 0.4892 | thought 0.9825 dec_ce 1.9182 contrast 0.2968 | 3.5 it/s
step   23100 | cos 0.4863 | thought 1.0434 dec_ce 2.0065 contrast 0.3293 | 4.4 it/s
step   23150 | cos 0.4888 | thought 1.0512 dec_ce 2.0737 contrast 0.2961 | 4.1 it/s
step   23200 | cos 0.4910 | thought 1.0187 dec_ce 2.2407 contrast 0.2771 | 3.7 it/s
step   23250 | cos 0.4918 | thought 1.0297 dec_ce 2.0091 contrast 0.2321 | 4.0 it/s
step   23300 | cos 0.4896 | thought 1.0034 dec_ce 1.9249 contrast 0.3117 | 3.9 it/s
step   23350 | cos 0.4865 | thought 1.0759 dec_ce 2.1426 contrast 0.3242 | 4.0 it/s
step   23400 | cos 0.4938 | thought 1.0834 dec_ce 2.1651 contrast 0.2963 | 4.0 it/s
step   23450 | cos 0.4952 | thought 1.0433 dec_ce 2.0023 contrast 0.3329 | 4.2 it/s
step   23500 | cos 0.4895 | thought 1.0246 dec_ce 2.0636 contrast 0.2593 | 4.0 it/s
step   23500 | VAL cos 0.4997 | VAL dec CE 3.8722
step   23550 | cos 0.4922 | thought 0.9887 dec_ce 1.885 contrast 0.3317 | 3.2 it/s
step   23600 | cos 0.4910 | thought 1.0141 dec_ce 1.9108 contrast 0.2846 | 4.0 it/s
step   23650 | cos 0.4889 | thought 1.0564 dec_ce 2.0644 contrast 0.2676 | 3.8 it/s
step   23700 | cos 0.4891 | thought 1.0482 dec_ce 2.1612 contrast 0.2782 | 3.9 it/s
step   23750 | cos 0.4918 | thought 1.0221 dec_ce 1.98 contrast 0.2922 | 3.5 it/s
step   23800 | cos 0.4935 | thought 0.9673 dec_ce 1.9489 contrast 0.2877 | 4.0 it/s
step   23850 | cos 0.4953 | thought 1.0005 dec_ce 1.9457 contrast 0.2898 | 3.7 it/s
step   23900 | cos 0.4897 | thought 1.0431 dec_ce 2.1972 contrast 0.2965 | 3.9 it/s
step   23950 | cos 0.4901 | thought 1.0565 dec_ce 2.0966 contrast 0.2795 | 3.8 it/s
step   24000 | cos 0.4916 | thought 0.9803 dec_ce 1.8474 contrast 0.3002 | 3.3 it/s
step   24000 | VAL cos 0.4998 | VAL dec CE 3.8695
step   24050 | cos 0.4953 | thought 1.0046 dec_ce 1.9912 contrast 0.2912 | 3.0 it/s
step   24100 | cos 0.4905 | thought 1.0355 dec_ce 2.0014 contrast 0.2382 | 3.9 it/s
step   24150 | cos 0.4913 | thought 1.0005 dec_ce 2.0486 contrast 0.2626 | 3.9 it/s
step   24200 | cos 0.4904 | thought 1.0233 dec_ce 2.0299 contrast 0.3157 | 3.9 it/s
step   24250 | cos 0.4931 | thought 1.0261 dec_ce 2.0278 contrast 0.2714 | 3.1 it/s
step   24300 | cos 0.4919 | thought 0.9922 dec_ce 1.8756 contrast 0.2983 | 3.9 it/s
step   24350 | cos 0.4933 | thought 1.0166 dec_ce 1.9316 contrast 0.2612 | 3.4 it/s
step   24400 | cos 0.4961 | thought 1.0179 dec_ce 2.1227 contrast 0.25 | 3.5 it/s
step   24450 | cos 0.4902 | thought 1.0396 dec_ce 2.004 contrast 0.2842 | 3.6 it/s
step   24500 | cos 0.4868 | thought 1.0177 dec_ce 1.9993 contrast 0.3533 | 3.6 it/s
step   24500 | VAL cos 0.4975 | VAL dec CE 3.8728
step   24550 | cos 0.4901 | thought 0.991 dec_ce 1.9747 contrast 0.2607 | 2.7 it/s
step   24600 | cos 0.4904 | thought 0.9833 dec_ce 1.9173 contrast 0.2607 | 3.6 it/s
step   24650 | cos 0.4934 | thought 1.0704 dec_ce 2.2017 contrast 0.3078 | 3.6 it/s
step   24700 | cos 0.4924 | thought 0.9993 dec_ce 1.9613 contrast 0.268 | 3.9 it/s
step   24750 | cos 0.4919 | thought 1.0089 dec_ce 2.0596 contrast 0.2754 | 3.7 it/s
step   24800 | cos 0.4915 | thought 1.0303 dec_ce 2.0423 contrast 0.2394 | 4.0 it/s
step   24850 | cos 0.4918 | thought 1.0245 dec_ce 2.0172 contrast 0.2696 | 4.0 it/s
step   24900 | cos 0.4929 | thought 0.9939 dec_ce 1.8957 contrast 0.2998 | 4.0 it/s
step   24950 | cos 0.4919 | thought 1.0323 dec_ce 2.0156 contrast 0.2634 | 4.1 it/s
step   25000 | cos 0.4901 | thought 1.0114 dec_ce 2.1615 contrast 0.2635 | 3.8 it/s
step   25000 | VAL cos 0.4980 | VAL dec CE 3.8706
step   25050 | cos 0.4916 | thought 1.0541 dec_ce 2.2188 contrast 0.2172 | 3.7 it/s
step   25100 | cos 0.4883 | thought 1.022 dec_ce 1.9562 contrast 0.3452 | 4.4 it/s
step   25150 | cos 0.4921 | thought 1.0121 dec_ce 2.2064 contrast 0.3142 | 4.4 it/s
step   25200 | cos 0.4936 | thought 1.02 dec_ce 2.0451 contrast 0.2966 | 4.4 it/s
step   25250 | cos 0.4925 | thought 0.9843 dec_ce 2.0634 contrast 0.2298 | 3.8 it/s
step   25300 | cos 0.4924 | thought 1.0001 dec_ce 1.9989 contrast 0.2456 | 3.7 it/s
step   25350 | cos 0.4945 | thought 0.9631 dec_ce 1.9179 contrast 0.2686 | 4.5 it/s
step   25400 | cos 0.4959 | thought 1.0655 dec_ce 2.1803 contrast 0.2663 | 3.7 it/s
step   25450 | cos 0.4900 | thought 1.0292 dec_ce 2.0591 contrast 0.2671 | 3.2 it/s
step   25500 | cos 0.4911 | thought 1.0533 dec_ce 2.0116 contrast 0.294 | 3.8 it/s
step   25500 | VAL cos 0.4981 | VAL dec CE 3.8629
step   25550 | cos 0.4960 | thought 0.9802 dec_ce 2.0264 contrast 0.2431 | 3.0 it/s
step   25600 | cos 0.4889 | thought 1.0002 dec_ce 1.8668 contrast 0.3136 | 3.7 it/s
step   25650 | cos 0.4946 | thought 1.0059 dec_ce 2.0376 contrast 0.2136 | 3.6 it/s
step   25700 | cos 0.4939 | thought 1.0142 dec_ce 2.013 contrast 0.2696 | 4.0 it/s
step   25750 | cos 0.4900 | thought 1.054 dec_ce 2.1695 contrast 0.2378 | 3.8 it/s
step   25800 | cos 0.4891 | thought 1.0611 dec_ce 2.3468 contrast 0.3343 | 3.7 it/s
step   25850 | cos 0.4929 | thought 0.9849 dec_ce 2.0034 contrast 0.2784 | 3.8 it/s
step   25900 | cos 0.4903 | thought 1.0217 dec_ce 2.1125 contrast 0.2308 | 3.9 it/s
step   25950 | cos 0.4882 | thought 1.0313 dec_ce 2.057 contrast 0.2594 | 3.7 it/s
step   26000 | cos 0.4945 | thought 0.9735 dec_ce 1.9226 contrast 0.264 | 3.7 it/s
step   26000 | VAL cos 0.4989 | VAL dec CE 3.8678
step   26050 | cos 0.4895 | thought 1.0725 dec_ce 2.1124 contrast 0.3102 | 2.8 it/s
step   26100 | cos 0.4932 | thought 0.9738 dec_ce 1.8724 contrast 0.2553 | 4.0 it/s
step   26150 | cos 0.4914 | thought 1.0261 dec_ce 2.0439 contrast 0.2595 | 4.0 it/s
step   26200 | cos 0.4980 | thought 1.0072 dec_ce 2.0198 contrast 0.2715 | 4.2 it/s
step   26250 | cos 0.4902 | thought 1.0073 dec_ce 1.9709 contrast 0.275 | 4.0 it/s
step   26300 | cos 0.4949 | thought 0.978 dec_ce 1.8716 contrast 0.3075 | 3.9 it/s
step   26350 | cos 0.4895 | thought 1.0357 dec_ce 1.9955 contrast 0.2873 | 4.1 it/s
step   26400 | cos 0.4873 | thought 0.9728 dec_ce 1.9225 contrast 0.2906 | 4.0 it/s
step   26450 | cos 0.4920 | thought 1.0025 dec_ce 2.0585 contrast 0.2401 | 3.9 it/s
step   26500 | cos 0.4921 | thought 0.9906 dec_ce 2.035 contrast 0.2989 | 4.1 it/s
step   26500 | VAL cos 0.4992 | VAL dec CE 3.8652
step   26550 | cos 0.4932 | thought 0.999 dec_ce 2.0877 contrast 0.2203 | 3.5 it/s
step   26600 | cos 0.4952 | thought 1.0556 dec_ce 2.1367 contrast 0.2353 | 4.0 it/s
step   26650 | cos 0.4934 | thought 1.0279 dec_ce 1.96 contrast 0.3275 | 3.7 it/s
step   26700 | cos 0.4942 | thought 1.0324 dec_ce 2.0432 contrast 0.2459 | 4.0 it/s
step   26750 | cos 0.4933 | thought 0.9539 dec_ce 1.7536 contrast 0.302 | 4.3 it/s
step   26800 | cos 0.4896 | thought 0.9895 dec_ce 2.0824 contrast 0.2602 | 4.2 it/s
step   26850 | cos 0.4919 | thought 1.0345 dec_ce 2.0779 contrast 0.2185 | 4.3 it/s
step   26900 | cos 0.4949 | thought 0.9953 dec_ce 2.0605 contrast 0.2642 | 4.2 it/s
step   26950 | cos 0.4889 | thought 0.9874 dec_ce 2.019 contrast 0.236 | 4.2 it/s
step   27000 | cos 0.4938 | thought 1.0444 dec_ce 1.9315 contrast 0.3411 | 4.2 it/s
step   27000 | VAL cos 0.4987 | VAL dec CE 3.8594
step   27050 | cos 0.4926 | thought 1.0306 dec_ce 2.2223 contrast 0.2746 | 3.3 it/s
step   27100 | cos 0.4952 | thought 1.0069 dec_ce 2.0514 contrast 0.2979 | 4.2 it/s
step   27150 | cos 0.4903 | thought 1.0528 dec_ce 2.1104 contrast 0.2826 | 4.2 it/s
step   27200 | cos 0.4913 | thought 1.0328 dec_ce 2.0072 contrast 0.2952 | 4.2 it/s
step   27250 | cos 0.4902 | thought 1.034 dec_ce 2.1463 contrast 0.2375 | 4.2 it/s
step   27300 | cos 0.4951 | thought 1.0304 dec_ce 2.2089 contrast 0.2219 | 4.2 it/s
step   27350 | cos 0.4915 | thought 1.0313 dec_ce 1.977 contrast 0.2859 | 4.2 it/s
step   27400 | cos 0.4927 | thought 0.9994 dec_ce 1.9399 contrast 0.2569 | 4.4 it/s
step   27450 | cos 0.4890 | thought 0.9872 dec_ce 1.9008 contrast 0.2285 | 4.2 it/s
step   27500 | cos 0.4947 | thought 1.0095 dec_ce 2.0426 contrast 0.2714 | 4.2 it/s
step   27500 | VAL cos 0.5003 | VAL dec CE 3.8667
step   27550 | cos 0.4918 | thought 1.0409 dec_ce 2.1554 contrast 0.2398 | 3.3 it/s
step   27600 | cos 0.4909 | thought 1.027 dec_ce 1.9646 contrast 0.2613 | 4.2 it/s
step   27650 | cos 0.4933 | thought 1.0333 dec_ce 2.0166 contrast 0.305 | 4.1 it/s
step   27700 | cos 0.4936 | thought 1.0228 dec_ce 1.8673 contrast 0.3039 | 4.2 it/s
step   27750 | cos 0.4921 | thought 1.0444 dec_ce 2.1773 contrast 0.2948 | 4.2 it/s
step   27800 | cos 0.4961 | thought 0.9989 dec_ce 1.9894 contrast 0.2473 | 4.2 it/s
step   27850 | cos 0.4912 | thought 1.0569 dec_ce 2.2195 contrast 0.2665 | 4.1 it/s
step   27900 | cos 0.4926 | thought 0.9856 dec_ce 2.0778 contrast 0.2703 | 4.3 it/s
step   27950 | cos 0.4923 | thought 0.9589 dec_ce 1.8946 contrast 0.2769 | 4.2 it/s
step   28000 | cos 0.4948 | thought 0.9964 dec_ce 2.0307 contrast 0.2275 | 4.1 it/s
step   28000 | VAL cos 0.5011 | VAL dec CE 3.8631
step   28050 | cos 0.4914 | thought 1.0312 dec_ce 2.1517 contrast 0.2838 | 3.3 it/s
step   28100 | cos 0.4911 | thought 1.0147 dec_ce 2.087 contrast 0.2798 | 4.3 it/s
step   28150 | cos 0.4985 | thought 0.99 dec_ce 2.0384 contrast 0.306 | 4.3 it/s
step   28200 | cos 0.4943 | thought 0.9855 dec_ce 2.0025 contrast 0.3117 | 4.2 it/s
step   28250 | cos 0.4964 | thought 0.9856 dec_ce 2.0813 contrast 0.2607 | 4.2 it/s
step   28300 | cos 0.4912 | thought 1.0852 dec_ce 2.1513 contrast 0.3072 | 4.1 it/s
step   28350 | cos 0.4934 | thought 1.03 dec_ce 2.1165 contrast 0.2456 | 4.2 it/s
step   28400 | cos 0.4926 | thought 1.0447 dec_ce 2.151 contrast 0.2329 | 4.2 it/s
step   28450 | cos 0.4917 | thought 1.0776 dec_ce 2.0369 contrast 0.2974 | 4.2 it/s
step   28500 | cos 0.4956 | thought 1.0298 dec_ce 2.0191 contrast 0.2792 | 4.2 it/s
step   28500 | VAL cos 0.4998 | VAL dec CE 3.8640
step   28550 | cos 0.4937 | thought 0.9967 dec_ce 2.0466 contrast 0.2707 | 3.5 it/s
step   28600 | cos 0.4958 | thought 0.9825 dec_ce 2.0826 contrast 0.2642 | 4.2 it/s
step   28650 | cos 0.4914 | thought 1.0072 dec_ce 1.9957 contrast 0.2169 | 4.2 it/s
step   28700 | cos 0.4953 | thought 0.9899 dec_ce 2.0406 contrast 0.2759 | 4.2 it/s
step   28750 | cos 0.4952 | thought 1.0172 dec_ce 2.1809 contrast 0.2403 | 4.2 it/s
step   28800 | cos 0.4916 | thought 1.024 dec_ce 2.018 contrast 0.292 | 4.1 it/s
step   28850 | cos 0.4921 | thought 1.0636 dec_ce 2.027 contrast 0.3041 | 4.2 it/s
step   28900 | cos 0.4927 | thought 1.0325 dec_ce 2.0191 contrast 0.2681 | 4.3 it/s
step   28950 | cos 0.4945 | thought 1.0097 dec_ce 1.8707 contrast 0.3066 | 4.3 it/s
step   29000 | cos 0.4924 | thought 1.0315 dec_ce 2.0988 contrast 0.3048 | 4.2 it/s
step   29000 | VAL cos 0.4991 | VAL dec CE 3.8604
step   29050 | cos 0.4960 | thought 0.9992 dec_ce 2.039 contrast 0.2645 | 3.3 it/s
step   29100 | cos 0.4930 | thought 0.9901 dec_ce 1.9367 contrast 0.247 | 4.2 it/s
step   29150 | cos 0.4933 | thought 1.0389 dec_ce 2.0216 contrast 0.2952 | 4.2 it/s
step   29200 | cos 0.4957 | thought 0.99 dec_ce 2.0585 contrast 0.2199 | 4.3 it/s
step   29250 | cos 0.4954 | thought 1.0184 dec_ce 2.0638 contrast 0.2485 | 4.2 it/s
step   29300 | cos 0.4940 | thought 1.037 dec_ce 2.1036 contrast 0.266 | 4.3 it/s
step   29350 | cos 0.4941 | thought 1.0464 dec_ce 2.0765 contrast 0.2427 | 4.1 it/s
step   29400 | cos 0.4904 | thought 1.0449 dec_ce 2.0749 contrast 0.2767 | 4.1 it/s
step   29450 | cos 0.4930 | thought 1.0067 dec_ce 2.0767 contrast 0.2481 | 4.2 it/s
step   29500 | cos 0.4956 | thought 0.9815 dec_ce 1.9006 contrast 0.3094 | 4.2 it/s
step   29500 | VAL cos 0.4994 | VAL dec CE 3.8608
step   29550 | cos 0.4887 | thought 1.0314 dec_ce 2.1106 contrast 0.2409 | 3.5 it/s
step   29600 | cos 0.4917 | thought 1.0235 dec_ce 2.1075 contrast 0.2999 | 4.1 it/s
step   29650 | cos 0.4963 | thought 1.0433 dec_ce 2.1459 contrast 0.253 | 4.1 it/s
step   29700 | cos 0.4932 | thought 1.0229 dec_ce 2.0671 contrast 0.2617 | 4.1 it/s
step   29750 | cos 0.4958 | thought 1.0519 dec_ce 2.0694 contrast 0.2811 | 4.3 it/s
step   29800 | cos 0.4929 | thought 0.9884 dec_ce 2.0653 contrast 0.2298 | 4.2 it/s
step   29850 | cos 0.4929 | thought 1.0055 dec_ce 2.0848 contrast 0.246 | 4.2 it/s
step   29900 | cos 0.4898 | thought 0.9788 dec_ce 2.0325 contrast 0.2562 | 4.1 it/s
step   29950 | cos 0.4917 | thought 1.0086 dec_ce 2.1624 contrast 0.2246 | 4.1 it/s
step   30000 | cos 0.4946 | thought 1.0159 dec_ce 2.0824 contrast 0.2434 | 4.4 it/s
step   30000 | VAL cos 0.5003 | VAL dec CE 3.8561
step   30050 | cos 0.4959 | thought 1.0351 dec_ce 2.1919 contrast 0.2387 | 3.4 it/s
step   30100 | cos 0.4964 | thought 1.0195 dec_ce 1.9799 contrast 0.2667 | 4.2 it/s
step   30150 | cos 0.4936 | thought 1.0475 dec_ce 2.0632 contrast 0.2388 | 4.2 it/s
step   30200 | cos 0.4895 | thought 0.9753 dec_ce 1.9774 contrast 0.2945 | 4.1 it/s
step   30250 | cos 0.4918 | thought 0.9941 dec_ce 2.0349 contrast 0.2331 | 4.2 it/s
step   30300 | cos 0.4938 | thought 1.0697 dec_ce 2.2322 contrast 0.2243 | 4.0 it/s
step   30350 | cos 0.4909 | thought 1.0266 dec_ce 2.0236 contrast 0.3131 | 4.1 it/s
step   30400 | cos 0.4923 | thought 1.0895 dec_ce 2.288 contrast 0.286 | 4.3 it/s
step   30450 | cos 0.4881 | thought 1.0496 dec_ce 2.1333 contrast 0.2786 | 4.2 it/s
step   30500 | cos 0.4955 | thought 0.9899 dec_ce 2.0025 contrast 0.2742 | 4.3 it/s
step   30500 | VAL cos 0.5002 | VAL dec CE 3.8633
step   30550 | cos 0.4907 | thought 1.0329 dec_ce 1.9005 contrast 0.2808 | 3.4 it/s
step   30600 | cos 0.4947 | thought 1.039 dec_ce 2.1086 contrast 0.2854 | 4.3 it/s
wall-clock cap reached at step 30636

Run 'R4_CONTRAST' done: 30636 steps | final val cos 0.5002 | dec CE 3.8604
/home/nochi/vault/projects/ThoughtVectors/thoughtvec/.venv/lib/python3.12/site-packages/torch/nn/modules/transformer.py:392: UserWarning: enable_nested_tensor is True, but self.use_nested_tensor is False because encoder_layer.norm_first was True
  warnings.warn(
{"ckpt": "checkpoints/R4_CONTRAST/best.pt", "val_cos": 0.3444, "val_dec_ce": 4.0232, "ref_f1": 0.2529, "distinct1": 0.0086, "distinct2": 0.0334, "len_ratio": 1.532, "out_vectors": 8.0, "rows": 1024}
=== thinker ablation R4_DIV (7200s): thinker.n_hypotheses=4 thinker.w_decoder=0.5 thinker.k_ctx=8 thinker.k_out=8 thinker.k_out_random_prefix=true thinker.k_out_min=4 data.shard_dir=data/dialogue_combined thinker.diversity_weight=0.1 ===
/home/nochi/vault/projects/ThoughtVectors/thoughtvec/.venv/lib/python3.12/site-packages/torch/nn/modules/transformer.py:392: UserWarning: enable_nested_tensor is True, but self.use_nested_tensor is False because encoder_layer.norm_first was True
  warnings.warn(
thinker params: 15.10M (codec d=384, frozen=True)
step      50 | cos 0.0404 | thought 2.4854 dec_ce 2.581 diversity 0.0357 | 3.1 it/s
step     100 | cos 0.1152 | thought 2.2375 dec_ce 2.419 diversity 0.0209 | 3.3 it/s
step     150 | cos 0.2052 | thought 2.0338 dec_ce 2.2776 diversity 0.0095 | 2.8 it/s
step     200 | cos 0.2461 | thought 2.0345 dec_ce 2.4497 diversity 0.0053 | 3.1 it/s
step     250 | cos 0.2602 | thought 1.9777 dec_ce 2.3342 diversity 0.0038 | 3.0 it/s
step     300 | cos 0.2685 | thought 1.9168 dec_ce 2.2399 diversity 0.0034 | 3.1 it/s
step     350 | cos 0.2883 | thought 1.8223 dec_ce 2.084 diversity 0.0024 | 2.7 it/s
step     400 | cos 0.3072 | thought 1.82 dec_ce 2.3558 diversity 0.0049 | 3.5 it/s
step     450 | cos 0.3308 | thought 1.6776 dec_ce 2.2307 diversity 0.0025 | 4.3 it/s
step     500 | cos 0.3656 | thought 1.6178 dec_ce 2.1127 diversity 0.0044 | 4.7 it/s
step     500 | VAL cos 0.3960 | VAL dec CE 4.1323
step     550 | cos 0.3972 | thought 1.4861 dec_ce 2.1333 diversity 0.003 | 3.8 it/s
step     600 | cos 0.4152 | thought 1.4541 dec_ce 2.0187 diversity 0.0036 | 4.4 it/s
step     650 | cos 0.4207 | thought 1.4339 dec_ce 2.1468 diversity 0.007 | 4.5 it/s
step     700 | cos 0.4326 | thought 1.476 dec_ce 2.2318 diversity 0.0052 | 4.6 it/s
step     750 | cos 0.4379 | thought 1.3854 dec_ce 2.3453 diversity 0.0083 | 4.5 it/s
step     800 | cos 0.4412 | thought 1.3757 dec_ce 2.0469 diversity 0.0074 | 4.5 it/s
step     850 | cos 0.4509 | thought 1.3473 dec_ce 2.2229 diversity 0.0107 | 4.5 it/s
step     900 | cos 0.4568 | thought 1.4008 dec_ce 2.3283 diversity 0.0092 | 4.4 it/s
step     950 | cos 0.4590 | thought 1.3962 dec_ce 2.2794 diversity 0.0075 | 4.6 it/s
step    1000 | cos 0.4572 | thought 1.3033 dec_ce 2.1118 diversity 0.0065 | 4.4 it/s
step    1000 | VAL cos 0.4777 | VAL dec CE 4.0758
step    1050 | cos 0.4625 | thought 1.2924 dec_ce 2.1442 diversity 0.0066 | 3.7 it/s
step    1100 | cos 0.4665 | thought 1.3301 dec_ce 2.2601 diversity 0.0083 | 4.4 it/s
step    1150 | cos 0.4660 | thought 1.2427 dec_ce 2.0858 diversity 0.0064 | 4.4 it/s
step    1200 | cos 0.4701 | thought 1.2145 dec_ce 2.1716 diversity 0.0081 | 4.4 it/s
step    1250 | cos 0.4685 | thought 1.2161 dec_ce 2.1686 diversity 0.0102 | 4.4 it/s
step    1300 | cos 0.4739 | thought 1.1999 dec_ce 2.2091 diversity 0.0089 | 4.5 it/s
step    1350 | cos 0.4735 | thought 1.2346 dec_ce 2.1274 diversity 0.0085 | 4.5 it/s
step    1400 | cos 0.4774 | thought 1.1995 dec_ce 2.1021 diversity 0.0066 | 4.4 it/s
step    1450 | cos 0.4733 | thought 1.1586 dec_ce 2.133 diversity 0.0112 | 4.3 it/s
step    1500 | cos 0.4760 | thought 1.1677 dec_ce 2.1738 diversity 0.0089 | 4.4 it/s
step    1500 | VAL cos 0.4928 | VAL dec CE 4.0150
step    1550 | cos 0.4770 | thought 1.0866 dec_ce 1.997 diversity 0.0082 | 3.7 it/s
step    1600 | cos 0.4821 | thought 1.1001 dec_ce 2.0246 diversity 0.01 | 4.5 it/s
step    1650 | cos 0.4810 | thought 1.0733 dec_ce 1.9933 diversity 0.0082 | 4.4 it/s
step    1700 | cos 0.4829 | thought 1.098 dec_ce 2.0495 diversity 0.0091 | 4.5 it/s
step    1750 | cos 0.4849 | thought 1.0842 dec_ce 2.0571 diversity 0.0078 | 4.5 it/s
step    1800 | cos 0.4828 | thought 1.0883 dec_ce 2.3177 diversity 0.0095 | 4.4 it/s
step    1850 | cos 0.4826 | thought 1.1213 dec_ce 2.1605 diversity 0.0082 | 4.6 it/s
step    1900 | cos 0.4840 | thought 1.04 dec_ce 2.1047 diversity 0.0109 | 4.5 it/s
step    1950 | cos 0.4879 | thought 1.0773 dec_ce 2.2069 diversity 0.0091 | 4.4 it/s
step    2000 | cos 0.4860 | thought 1.0311 dec_ce 2.1063 diversity 0.0103 | 4.5 it/s
step    2000 | VAL cos 0.5026 | VAL dec CE 3.9834
step    2050 | cos 0.4865 | thought 1.0307 dec_ce 2.0182 diversity 0.0087 | 3.6 it/s
step    2100 | cos 0.4900 | thought 1.0798 dec_ce 2.1199 diversity 0.01 | 4.4 it/s
step    2150 | cos 0.4882 | thought 1.1043 dec_ce 2.243 diversity 0.0113 | 4.5 it/s
step    2200 | cos 0.4894 | thought 1.0562 dec_ce 2.1165 diversity 0.0084 | 4.5 it/s
step    2250 | cos 0.4916 | thought 1.0201 dec_ce 2.147 diversity 0.0085 | 4.5 it/s
step    2300 | cos 0.4911 | thought 1.0228 dec_ce 2.1539 diversity 0.0088 | 4.5 it/s
step    2350 | cos 0.4924 | thought 1.0438 dec_ce 2.2119 diversity 0.0116 | 4.5 it/s
step    2400 | cos 0.4935 | thought 1.0862 dec_ce 2.1819 diversity 0.0119 | 4.5 it/s
step    2450 | cos 0.4945 | thought 1.0419 dec_ce 2.2149 diversity 0.0119 | 4.6 it/s
step    2500 | cos 0.4963 | thought 0.9956 dec_ce 2.0212 diversity 0.0092 | 4.6 it/s
step    2500 | VAL cos 0.5088 | VAL dec CE 3.9680
step    2550 | cos 0.4921 | thought 0.999 dec_ce 2.0901 diversity 0.0132 | 3.6 it/s
step    2600 | cos 0.4980 | thought 0.9865 dec_ce 1.992 diversity 0.0091 | 4.5 it/s
step    2650 | cos 0.4963 | thought 1.0555 dec_ce 2.1998 diversity 0.0115 | 4.5 it/s
step    2700 | cos 0.4955 | thought 1.0517 dec_ce 2.2191 diversity 0.0104 | 4.4 it/s
step    2750 | cos 0.4973 | thought 1.0216 dec_ce 2.0256 diversity 0.0075 | 4.5 it/s
step    2800 | cos 0.4960 | thought 0.9834 dec_ce 2.0856 diversity 0.0089 | 4.5 it/s
step    2850 | cos 0.4983 | thought 1.0072 dec_ce 2.2526 diversity 0.0113 | 4.5 it/s
step    2900 | cos 0.5009 | thought 1.0194 dec_ce 2.0731 diversity 0.0139 | 4.5 it/s
step    2950 | cos 0.4973 | thought 0.9789 dec_ce 1.9919 diversity 0.0094 | 4.4 it/s
step    3000 | cos 0.4962 | thought 1.023 dec_ce 2.0907 diversity 0.0123 | 4.4 it/s
step    3000 | VAL cos 0.5124 | VAL dec CE 3.9672
step    3050 | cos 0.4985 | thought 0.9549 dec_ce 1.8859 diversity 0.0079 | 3.6 it/s
step    3100 | cos 0.5006 | thought 0.9919 dec_ce 2.1472 diversity 0.0123 | 4.6 it/s
step    3150 | cos 0.5019 | thought 1.0474 dec_ce 2.3594 diversity 0.0111 | 4.5 it/s
step    3200 | cos 0.5004 | thought 0.9833 dec_ce 2.068 diversity 0.0095 | 4.4 it/s
step    3250 | cos 0.4990 | thought 1.0289 dec_ce 2.1039 diversity 0.009 | 4.4 it/s
step    3300 | cos 0.5018 | thought 1.0232 dec_ce 2.1983 diversity 0.0118 | 4.5 it/s
step    3350 | cos 0.4992 | thought 1.0546 dec_ce 2.0622 diversity 0.0093 | 4.5 it/s
step    3400 | cos 0.5003 | thought 0.9986 dec_ce 2.0357 diversity 0.012 | 4.5 it/s
step    3450 | cos 0.5002 | thought 1.0006 dec_ce 2.0856 diversity 0.0112 | 4.4 it/s
step    3500 | cos 0.4985 | thought 1.0342 dec_ce 2.0353 diversity 0.0122 | 4.4 it/s
step    3500 | VAL cos 0.5141 | VAL dec CE 3.9589
step    3550 | cos 0.4963 | thought 0.9832 dec_ce 2.1427 diversity 0.0124 | 3.5 it/s
step    3600 | cos 0.5015 | thought 1.0092 dec_ce 2.242 diversity 0.0122 | 4.5 it/s
step    3650 | cos 0.4981 | thought 0.9939 dec_ce 2.0477 diversity 0.0119 | 4.4 it/s
step    3700 | cos 0.5033 | thought 1.006 dec_ce 2.0599 diversity 0.0093 | 4.5 it/s
step    3750 | cos 0.5011 | thought 1.0233 dec_ce 2.129 diversity 0.0094 | 4.5 it/s
step    3800 | cos 0.5030 | thought 0.9868 dec_ce 2.0356 diversity 0.0102 | 4.5 it/s
step    3850 | cos 0.4987 | thought 1.0329 dec_ce 2.2912 diversity 0.0126 | 4.5 it/s
step    3900 | cos 0.5036 | thought 1.0339 dec_ce 2.1895 diversity 0.014 | 4.6 it/s
step    3950 | cos 0.5014 | thought 0.9636 dec_ce 2.1331 diversity 0.0107 | 4.4 it/s
step    4000 | cos 0.5022 | thought 1.0737 dec_ce 2.138 diversity 0.0113 | 4.5 it/s
step    4000 | VAL cos 0.5155 | VAL dec CE 3.9449
step    4050 | cos 0.5028 | thought 1.0584 dec_ce 2.3338 diversity 0.0153 | 3.6 it/s
step    4100 | cos 0.5030 | thought 0.9917 dec_ce 2.076 diversity 0.0113 | 4.5 it/s
step    4150 | cos 0.5016 | thought 0.9353 dec_ce 1.9687 diversity 0.012 | 4.4 it/s
step    4200 | cos 0.5015 | thought 0.9988 dec_ce 2.1042 diversity 0.0094 | 4.5 it/s
step    4250 | cos 0.5038 | thought 1.0269 dec_ce 2.2432 diversity 0.0118 | 4.5 it/s
step    4300 | cos 0.5025 | thought 0.989 dec_ce 2.2251 diversity 0.0126 | 4.5 it/s
step    4350 | cos 0.5015 | thought 0.9963 dec_ce 2.002 diversity 0.0096 | 4.5 it/s
step    4400 | cos 0.5055 | thought 0.9677 dec_ce 2.0534 diversity 0.0137 | 4.5 it/s
step    4450 | cos 0.5034 | thought 1.0431 dec_ce 2.2527 diversity 0.0123 | 4.5 it/s
step    4500 | cos 0.5055 | thought 1.0363 dec_ce 2.1386 diversity 0.0096 | 4.5 it/s
step    4500 | VAL cos 0.5172 | VAL dec CE 3.9545
step    4550 | cos 0.5030 | thought 0.9909 dec_ce 1.9862 diversity 0.0097 | 3.7 it/s
step    4600 | cos 0.5047 | thought 0.9893 dec_ce 2.1424 diversity 0.0121 | 4.5 it/s
step    4650 | cos 0.5068 | thought 0.9459 dec_ce 2.0429 diversity 0.01 | 4.4 it/s
step    4700 | cos 0.5043 | thought 1.0129 dec_ce 2.1513 diversity 0.0119 | 4.5 it/s
step    4750 | cos 0.5092 | thought 0.9957 dec_ce 1.9351 diversity 0.0097 | 4.5 it/s
step    4800 | cos 0.5070 | thought 0.9985 dec_ce 2.1766 diversity 0.0103 | 4.6 it/s
step    4850 | cos 0.5060 | thought 1.0126 dec_ce 2.0563 diversity 0.0114 | 4.4 it/s
step    4900 | cos 0.5069 | thought 0.9727 dec_ce 1.9934 diversity 0.0095 | 4.4 it/s
step    4950 | cos 0.5028 | thought 1.047 dec_ce 2.3019 diversity 0.0132 | 4.5 it/s
step    5000 | cos 0.5084 | thought 1.0171 dec_ce 2.1102 diversity 0.0115 | 4.6 it/s
step    5000 | VAL cos 0.5172 | VAL dec CE 3.9339
step    5050 | cos 0.5064 | thought 1.0098 dec_ce 2.252 diversity 0.0093 | 3.5 it/s
step    5100 | cos 0.5039 | thought 1.0358 dec_ce 2.1876 diversity 0.0126 | 4.5 it/s
step    5150 | cos 0.5047 | thought 1.0304 dec_ce 2.166 diversity 0.0114 | 4.4 it/s
step    5200 | cos 0.5066 | thought 0.9888 dec_ce 2.0898 diversity 0.0115 | 4.4 it/s
step    5250 | cos 0.5057 | thought 0.9723 dec_ce 2.046 diversity 0.0099 | 4.6 it/s
step    5300 | cos 0.5035 | thought 0.9934 dec_ce 2.1946 diversity 0.0151 | 4.4 it/s
step    5350 | cos 0.5074 | thought 1.0382 dec_ce 2.1752 diversity 0.0122 | 4.6 it/s
step    5400 | cos 0.5039 | thought 0.9983 dec_ce 2.1604 diversity 0.0115 | 4.4 it/s
step    5450 | cos 0.5048 | thought 1.0315 dec_ce 2.0265 diversity 0.0119 | 4.5 it/s
step    5500 | cos 0.5045 | thought 0.9972 dec_ce 2.131 diversity 0.0128 | 4.5 it/s
step    5500 | VAL cos 0.5183 | VAL dec CE 3.9463
step    5550 | cos 0.5057 | thought 1.0242 dec_ce 2.0933 diversity 0.0095 | 3.5 it/s
step    5600 | cos 0.5050 | thought 1.0156 dec_ce 2.2446 diversity 0.0131 | 4.4 it/s
step    5650 | cos 0.5070 | thought 0.996 dec_ce 2.0787 diversity 0.0111 | 4.4 it/s
step    5700 | cos 0.5037 | thought 0.9626 dec_ce 1.9944 diversity 0.0097 | 4.5 it/s
step    5750 | cos 0.5043 | thought 1.0619 dec_ce 2.261 diversity 0.0123 | 4.5 it/s
step    5800 | cos 0.5025 | thought 1.0065 dec_ce 2.233 diversity 0.0139 | 4.5 it/s
step    5850 | cos 0.5061 | thought 1.0336 dec_ce 2.1161 diversity 0.0097 | 4.4 it/s
step    5900 | cos 0.5072 | thought 0.9848 dec_ce 2.116 diversity 0.011 | 4.6 it/s
step    5950 | cos 0.5071 | thought 1.0377 dec_ce 2.2316 diversity 0.0127 | 4.5 it/s
step    6000 | cos 0.5061 | thought 0.9719 dec_ce 1.9609 diversity 0.0087 | 4.5 it/s
step    6000 | VAL cos 0.5169 | VAL dec CE 3.9274
step    6050 | cos 0.5056 | thought 0.9925 dec_ce 2.2217 diversity 0.0141 | 3.5 it/s
step    6100 | cos 0.5074 | thought 0.9284 dec_ce 1.9723 diversity 0.0113 | 4.4 it/s
step    6150 | cos 0.5089 | thought 1.0061 dec_ce 2.1091 diversity 0.0105 | 4.6 it/s
step    6200 | cos 0.5053 | thought 1.0066 dec_ce 2.1086 diversity 0.014 | 4.5 it/s
step    6250 | cos 0.5098 | thought 1.007 dec_ce 2.0174 diversity 0.0097 | 4.5 it/s
step    6300 | cos 0.5049 | thought 0.9727 dec_ce 2.1119 diversity 0.0126 | 4.5 it/s
step    6350 | cos 0.5090 | thought 0.999 dec_ce 2.1011 diversity 0.0124 | 4.4 it/s
step    6400 | cos 0.5101 | thought 0.9351 dec_ce 1.9735 diversity 0.0107 | 4.5 it/s
step    6450 | cos 0.5096 | thought 1.074 dec_ce 2.25 diversity 0.0112 | 4.4 it/s
step    6500 | cos 0.5071 | thought 0.9592 dec_ce 2.0948 diversity 0.0082 | 4.4 it/s
step    6500 | VAL cos 0.5198 | VAL dec CE 3.9223
step    6550 | cos 0.5041 | thought 0.9976 dec_ce 2.1105 diversity 0.0115 | 3.5 it/s
step    6600 | cos 0.5064 | thought 0.9961 dec_ce 2.137 diversity 0.0126 | 4.5 it/s
step    6650 | cos 0.5066 | thought 0.9764 dec_ce 1.9572 diversity 0.0108 | 4.3 it/s
step    6700 | cos 0.5099 | thought 0.9596 dec_ce 2.1031 diversity 0.0109 | 4.5 it/s
step    6750 | cos 0.5073 | thought 0.9664 dec_ce 2.0643 diversity 0.012 | 4.5 it/s
step    6800 | cos 0.5068 | thought 1.0273 dec_ce 2.2015 diversity 0.0123 | 4.5 it/s
step    6850 | cos 0.5063 | thought 0.9972 dec_ce 1.9998 diversity 0.0114 | 4.4 it/s
step    6900 | cos 0.5120 | thought 1.0027 dec_ce 2.1044 diversity 0.0116 | 4.5 it/s
step    6950 | cos 0.5067 | thought 1.0185 dec_ce 2.0259 diversity 0.0111 | 4.5 it/s
step    7000 | cos 0.5090 | thought 1.0193 dec_ce 2.3955 diversity 0.0125 | 4.4 it/s
step    7000 | VAL cos 0.5204 | VAL dec CE 3.9181
step    7050 | cos 0.5011 | thought 0.9603 dec_ce 1.8779 diversity 0.0104 | 3.6 it/s
step    7100 | cos 0.5114 | thought 0.9304 dec_ce 2.0776 diversity 0.0115 | 4.5 it/s
step    7150 | cos 0.5098 | thought 1.0202 dec_ce 2.0197 diversity 0.0097 | 4.5 it/s
step    7200 | cos 0.5086 | thought 1.0229 dec_ce 2.1168 diversity 0.0112 | 4.5 it/s
step    7250 | cos 0.5085 | thought 1.0811 dec_ce 2.3753 diversity 0.0124 | 4.4 it/s
step    7300 | cos 0.5109 | thought 0.9603 dec_ce 2.0756 diversity 0.0118 | 4.4 it/s
step    7350 | cos 0.5122 | thought 0.9494 dec_ce 1.9022 diversity 0.0116 | 4.6 it/s
step    7400 | cos 0.5105 | thought 0.9452 dec_ce 1.9131 diversity 0.0095 | 4.6 it/s
step    7450 | cos 0.5067 | thought 0.9569 dec_ce 2.1076 diversity 0.0123 | 4.4 it/s
step    7500 | cos 0.5121 | thought 0.98 dec_ce 2.1242 diversity 0.0119 | 4.4 it/s
step    7500 | VAL cos 0.5211 | VAL dec CE 3.9166
step    7550 | cos 0.5107 | thought 0.9856 dec_ce 2.0795 diversity 0.0093 | 3.6 it/s
step    7600 | cos 0.5089 | thought 1.0036 dec_ce 2.2051 diversity 0.0108 | 4.5 it/s
step    7650 | cos 0.5082 | thought 0.9996 dec_ce 2.1895 diversity 0.0118 | 4.4 it/s
step    7700 | cos 0.5061 | thought 1.0017 dec_ce 2.0756 diversity 0.0104 | 4.5 it/s
step    7750 | cos 0.5059 | thought 0.981 dec_ce 1.9937 diversity 0.0127 | 4.6 it/s
step    7800 | cos 0.5059 | thought 1.0282 dec_ce 2.1262 diversity 0.0119 | 4.5 it/s
step    7850 | cos 0.5071 | thought 1.0082 dec_ce 2.0914 diversity 0.0145 | 4.4 it/s
step    7900 | cos 0.5073 | thought 1.0535 dec_ce 2.3153 diversity 0.0137 | 4.5 it/s
step    7950 | cos 0.5101 | thought 0.9845 dec_ce 2.1013 diversity 0.0117 | 4.4 it/s
step    8000 | cos 0.5086 | thought 0.975 dec_ce 2.0041 diversity 0.0122 | 4.5 it/s
step    8000 | VAL cos 0.5184 | VAL dec CE 3.9172
step    8050 | cos 0.5103 | thought 0.9624 dec_ce 2.0042 diversity 0.0111 | 3.7 it/s
step    8100 | cos 0.5118 | thought 0.9667 dec_ce 2.0146 diversity 0.013 | 4.6 it/s
step    8150 | cos 0.5082 | thought 0.9609 dec_ce 1.9043 diversity 0.0094 | 4.5 it/s
step    8200 | cos 0.5096 | thought 0.9377 dec_ce 2.0155 diversity 0.0111 | 4.4 it/s
step    8250 | cos 0.5126 | thought 0.9538 dec_ce 1.9358 diversity 0.0088 | 4.4 it/s
step    8300 | cos 0.5086 | thought 0.988 dec_ce 2.1541 diversity 0.0136 | 4.4 it/s
step    8350 | cos 0.5095 | thought 0.9799 dec_ce 1.9639 diversity 0.0091 | 4.5 it/s
step    8400 | cos 0.5084 | thought 1.0168 dec_ce 2.1829 diversity 0.0126 | 4.4 it/s
step    8450 | cos 0.5095 | thought 0.9839 dec_ce 1.9914 diversity 0.0095 | 4.5 it/s
step    8500 | cos 0.5106 | thought 0.9889 dec_ce 2.0761 diversity 0.0136 | 4.5 it/s
step    8500 | VAL cos 0.5213 | VAL dec CE 3.9092
step    8550 | cos 0.5069 | thought 1.011 dec_ce 2.1326 diversity 0.0131 | 3.6 it/s
step    8600 | cos 0.5097 | thought 0.9301 dec_ce 1.9177 diversity 0.0118 | 4.4 it/s
step    8650 | cos 0.5097 | thought 1.0452 dec_ce 2.2095 diversity 0.0145 | 4.6 it/s
step    8700 | cos 0.5080 | thought 1.004 dec_ce 2.0708 diversity 0.0108 | 4.4 it/s
step    8750 | cos 0.5106 | thought 0.946 dec_ce 2.1065 diversity 0.015 | 4.5 it/s
step    8800 | cos 0.5091 | thought 0.9691 dec_ce 2.1226 diversity 0.0101 | 4.4 it/s
step    8850 | cos 0.5089 | thought 1.0002 dec_ce 2.2371 diversity 0.0146 | 4.4 it/s
step    8900 | cos 0.5097 | thought 0.9978 dec_ce 2.227 diversity 0.0126 | 4.5 it/s
step    8950 | cos 0.5070 | thought 1.0234 dec_ce 1.9884 diversity 0.0116 | 4.4 it/s
step    9000 | cos 0.5123 | thought 1.0202 dec_ce 2.0355 diversity 0.0094 | 4.5 it/s
step    9000 | VAL cos 0.5208 | VAL dec CE 3.9108
step    9050 | cos 0.5106 | thought 0.9868 dec_ce 2.0933 diversity 0.0102 | 3.7 it/s
step    9100 | cos 0.5101 | thought 0.9715 dec_ce 1.9998 diversity 0.0099 | 4.4 it/s
step    9150 | cos 0.5131 | thought 1.0047 dec_ce 2.1828 diversity 0.0135 | 4.4 it/s
step    9200 | cos 0.5132 | thought 0.9836 dec_ce 2.0501 diversity 0.0112 | 4.6 it/s
step    9250 | cos 0.5099 | thought 1.0444 dec_ce 2.2539 diversity 0.012 | 4.5 it/s
step    9300 | cos 0.5117 | thought 1.023 dec_ce 2.1368 diversity 0.0131 | 4.5 it/s
step    9350 | cos 0.5112 | thought 0.9639 dec_ce 2.0427 diversity 0.0123 | 4.5 it/s
step    9400 | cos 0.5082 | thought 1.0121 dec_ce 2.0916 diversity 0.0107 | 4.4 it/s
step    9450 | cos 0.5073 | thought 1.0231 dec_ce 2.2283 diversity 0.0116 | 4.5 it/s
step    9500 | cos 0.5094 | thought 0.9591 dec_ce 2.1005 diversity 0.0108 | 4.4 it/s
step    9500 | VAL cos 0.5223 | VAL dec CE 3.9031
step    9550 | cos 0.5106 | thought 0.9919 dec_ce 1.9888 diversity 0.0138 | 3.6 it/s
step    9600 | cos 0.5107 | thought 1.0248 dec_ce 2.0528 diversity 0.0124 | 4.4 it/s
step    9650 | cos 0.5119 | thought 1.0134 dec_ce 2.1912 diversity 0.0113 | 4.4 it/s
step    9700 | cos 0.5112 | thought 1.0335 dec_ce 2.1175 diversity 0.0148 | 4.4 it/s
step    9750 | cos 0.5140 | thought 0.9347 dec_ce 1.8123 diversity 0.0109 | 4.5 it/s
step    9800 | cos 0.5066 | thought 0.9646 dec_ce 1.9448 diversity 0.0095 | 4.5 it/s
step    9850 | cos 0.5114 | thought 1.0185 dec_ce 2.1025 diversity 0.0141 | 4.5 it/s
step    9900 | cos 0.5099 | thought 1.0348 dec_ce 2.2284 diversity 0.0114 | 4.4 it/s
step    9950 | cos 0.5121 | thought 0.9517 dec_ce 2.0212 diversity 0.0114 | 4.5 it/s
step   10000 | cos 0.5076 | thought 0.9405 dec_ce 1.9196 diversity 0.0086 | 4.5 it/s
step   10000 | VAL cos 0.5231 | VAL dec CE 3.8950
step   10050 | cos 0.5134 | thought 0.9389 dec_ce 1.8951 diversity 0.014 | 3.5 it/s
step   10100 | cos 0.5120 | thought 0.9581 dec_ce 1.9789 diversity 0.0119 | 4.5 it/s
step   10150 | cos 0.5099 | thought 0.9278 dec_ce 2.0511 diversity 0.0135 | 4.4 it/s
step   10200 | cos 0.5118 | thought 1.0005 dec_ce 2.0419 diversity 0.0117 | 4.4 it/s
step   10250 | cos 0.5073 | thought 0.929 dec_ce 2.0363 diversity 0.0133 | 4.4 it/s
step   10300 | cos 0.5056 | thought 1.021 dec_ce 2.1622 diversity 0.0152 | 4.4 it/s
step   10350 | cos 0.5131 | thought 1.0124 dec_ce 2.0898 diversity 0.0104 | 4.4 it/s
step   10400 | cos 0.5067 | thought 0.9526 dec_ce 2.0299 diversity 0.0128 | 4.3 it/s
step   10450 | cos 0.5066 | thought 1.0237 dec_ce 2.0524 diversity 0.0112 | 4.5 it/s
step   10500 | cos 0.5094 | thought 1.0407 dec_ce 2.2741 diversity 0.0141 | 4.4 it/s
step   10500 | VAL cos 0.5244 | VAL dec CE 3.9050
step   10550 | cos 0.5076 | thought 1.0513 dec_ce 2.0817 diversity 0.0126 | 3.6 it/s
step   10600 | cos 0.5101 | thought 0.9661 dec_ce 2.1217 diversity 0.0112 | 4.4 it/s
step   10650 | cos 0.5118 | thought 1.0122 dec_ce 2.2615 diversity 0.0152 | 4.5 it/s
step   10700 | cos 0.5105 | thought 1.013 dec_ce 2.1925 diversity 0.0125 | 4.4 it/s
step   10750 | cos 0.5158 | thought 0.9707 dec_ce 1.9701 diversity 0.0135 | 4.4 it/s
step   10800 | cos 0.5112 | thought 1.0216 dec_ce 2.1688 diversity 0.0118 | 4.5 it/s
step   10850 | cos 0.5106 | thought 1.0188 dec_ce 2.289 diversity 0.0145 | 4.3 it/s
step   10900 | cos 0.5120 | thought 0.9349 dec_ce 1.9517 diversity 0.0132 | 4.3 it/s
step   10950 | cos 0.5110 | thought 1.0218 dec_ce 2.1687 diversity 0.0133 | 4.4 it/s
step   11000 | cos 0.5109 | thought 1.0163 dec_ce 2.2707 diversity 0.0121 | 4.4 it/s
step   11000 | VAL cos 0.5240 | VAL dec CE 3.8876
step   11050 | cos 0.5132 | thought 0.9653 dec_ce 2.0333 diversity 0.013 | 3.6 it/s
step   11100 | cos 0.5096 | thought 1.0315 dec_ce 2.2271 diversity 0.0153 | 4.4 it/s
step   11150 | cos 0.5115 | thought 0.9708 dec_ce 2.0333 diversity 0.0101 | 4.4 it/s
step   11200 | cos 0.5136 | thought 0.9467 dec_ce 1.923 diversity 0.0107 | 4.4 it/s
step   11250 | cos 0.5125 | thought 0.975 dec_ce 1.9966 diversity 0.0112 | 4.6 it/s
step   11300 | cos 0.5131 | thought 1.0224 dec_ce 2.0962 diversity 0.0097 | 4.6 it/s
step   11350 | cos 0.5138 | thought 0.9461 dec_ce 1.9256 diversity 0.0116 | 4.5 it/s
step   11400 | cos 0.5127 | thought 0.9666 dec_ce 1.9417 diversity 0.0092 | 4.4 it/s
step   11450 | cos 0.5092 | thought 1.0218 dec_ce 2.0929 diversity 0.0102 | 4.4 it/s
step   11500 | cos 0.5119 | thought 0.9662 dec_ce 1.9884 diversity 0.0098 | 4.4 it/s
step   11500 | VAL cos 0.5238 | VAL dec CE 3.8851
step   11550 | cos 0.5154 | thought 0.9993 dec_ce 2.1173 diversity 0.0125 | 3.7 it/s
step   11600 | cos 0.5098 | thought 1.0281 dec_ce 2.1985 diversity 0.0121 | 4.5 it/s
step   11650 | cos 0.5121 | thought 0.9914 dec_ce 2.0637 diversity 0.0139 | 4.3 it/s
step   11700 | cos 0.5127 | thought 0.9381 dec_ce 1.8618 diversity 0.0097 | 4.6 it/s
step   11750 | cos 0.5116 | thought 0.9589 dec_ce 2.1537 diversity 0.0126 | 4.4 it/s
step   11800 | cos 0.5108 | thought 0.9625 dec_ce 1.9468 diversity 0.0096 | 4.5 it/s
step   11850 | cos 0.5087 | thought 1.0415 dec_ce 2.088 diversity 0.0114 | 4.4 it/s
step   11900 | cos 0.5085 | thought 0.9646 dec_ce 1.8942 diversity 0.0091 | 4.4 it/s
step   11950 | cos 0.5125 | thought 0.9841 dec_ce 1.9491 diversity 0.0097 | 4.4 it/s
step   12000 | cos 0.5188 | thought 0.9983 dec_ce 2.1458 diversity 0.0134 | 4.5 it/s
step   12000 | VAL cos 0.5258 | VAL dec CE 3.8814
step   12050 | cos 0.5127 | thought 1.0111 dec_ce 2.1753 diversity 0.0162 | 3.6 it/s
step   12100 | cos 0.5144 | thought 0.9941 dec_ce 2.0609 diversity 0.0113 | 4.3 it/s
step   12150 | cos 0.5166 | thought 0.9493 dec_ce 1.9059 diversity 0.0107 | 4.4 it/s
step   12200 | cos 0.5147 | thought 0.9809 dec_ce 2.0839 diversity 0.0117 | 4.4 it/s
step   12250 | cos 0.5168 | thought 0.9638 dec_ce 1.9548 diversity 0.013 | 4.5 it/s
step   12300 | cos 0.5144 | thought 0.9825 dec_ce 2.0761 diversity 0.012 | 4.6 it/s
step   12350 | cos 0.5131 | thought 0.9804 dec_ce 2.0092 diversity 0.0123 | 4.5 it/s
step   12400 | cos 0.5123 | thought 0.9515 dec_ce 1.9617 diversity 0.0096 | 4.5 it/s
step   12450 | cos 0.5120 | thought 0.9885 dec_ce 2.0085 diversity 0.0152 | 4.5 it/s
step   12500 | cos 0.5143 | thought 1.0512 dec_ce 2.0884 diversity 0.0117 | 4.5 it/s
step   12500 | VAL cos 0.5242 | VAL dec CE 3.8773
step   12550 | cos 0.5172 | thought 0.9833 dec_ce 2.0986 diversity 0.0123 | 3.7 it/s
step   12600 | cos 0.5168 | thought 0.9755 dec_ce 2.1898 diversity 0.0153 | 4.5 it/s
step   12650 | cos 0.5145 | thought 0.9944 dec_ce 2.1128 diversity 0.013 | 4.5 it/s
step   12700 | cos 0.5159 | thought 0.969 dec_ce 2.0866 diversity 0.0145 | 4.6 it/s
step   12750 | cos 0.5173 | thought 1.0239 dec_ce 2.1774 diversity 0.0129 | 4.3 it/s
step   12800 | cos 0.5147 | thought 1.0054 dec_ce 2.1325 diversity 0.0131 | 4.4 it/s
step   12850 | cos 0.5121 | thought 0.9831 dec_ce 2.1313 diversity 0.0148 | 4.4 it/s
step   12900 | cos 0.5199 | thought 0.9789 dec_ce 2.177 diversity 0.0149 | 4.6 it/s
step   12950 | cos 0.5171 | thought 0.9914 dec_ce 2.0349 diversity 0.0109 | 4.6 it/s
step   13000 | cos 0.5151 | thought 0.9497 dec_ce 1.9874 diversity 0.0117 | 4.5 it/s
step   13000 | VAL cos 0.5268 | VAL dec CE 3.8847
step   13050 | cos 0.5162 | thought 1.0366 dec_ce 2.2547 diversity 0.0127 | 3.7 it/s
step   13100 | cos 0.5162 | thought 0.9547 dec_ce 1.9758 diversity 0.0132 | 4.6 it/s
step   13150 | cos 0.5144 | thought 1.0182 dec_ce 2.1177 diversity 0.0098 | 4.5 it/s
step   13200 | cos 0.5190 | thought 0.9913 dec_ce 2.1052 diversity 0.0115 | 4.4 it/s
step   13250 | cos 0.5119 | thought 0.9669 dec_ce 1.9452 diversity 0.0121 | 4.5 it/s
step   13300 | cos 0.5174 | thought 1.0008 dec_ce 2.0376 diversity 0.0131 | 4.4 it/s
step   13350 | cos 0.5126 | thought 0.9804 dec_ce 2.1389 diversity 0.0124 | 4.5 it/s
step   13400 | cos 0.5153 | thought 0.9566 dec_ce 2.0669 diversity 0.0138 | 4.4 it/s
step   13450 | cos 0.5166 | thought 0.9775 dec_ce 2.1792 diversity 0.0124 | 4.4 it/s
step   13500 | cos 0.5160 | thought 0.9773 dec_ce 2.0132 diversity 0.0113 | 4.4 it/s
step   13500 | VAL cos 0.5258 | VAL dec CE 3.8815
step   13550 | cos 0.5150 | thought 0.9811 dec_ce 1.9629 diversity 0.0132 | 3.7 it/s
step   13600 | cos 0.5136 | thought 1.0192 dec_ce 2.1954 diversity 0.0161 | 4.4 it/s
step   13650 | cos 0.5151 | thought 0.9678 dec_ce 2.1853 diversity 0.0137 | 4.4 it/s
step   13700 | cos 0.5175 | thought 0.9529 dec_ce 1.9019 diversity 0.0115 | 4.5 it/s
step   13750 | cos 0.5142 | thought 0.9809 dec_ce 1.9117 diversity 0.0103 | 4.3 it/s
step   13800 | cos 0.5121 | thought 0.9646 dec_ce 1.989 diversity 0.0138 | 4.4 it/s
step   13850 | cos 0.5144 | thought 0.9998 dec_ce 2.0899 diversity 0.0124 | 4.5 it/s
step   13900 | cos 0.5138 | thought 1.0033 dec_ce 2.0785 diversity 0.0121 | 4.4 it/s
step   13950 | cos 0.5132 | thought 0.997 dec_ce 2.3252 diversity 0.0141 | 4.3 it/s
step   14000 | cos 0.5157 | thought 1.0088 dec_ce 2.246 diversity 0.0118 | 4.4 it/s
step   14000 | VAL cos 0.5275 | VAL dec CE 3.8664
step   14050 | cos 0.5151 | thought 0.9625 dec_ce 2.0933 diversity 0.0127 | 3.6 it/s
step   14100 | cos 0.5117 | thought 1.0035 dec_ce 2.0723 diversity 0.0136 | 4.5 it/s
step   14150 | cos 0.5163 | thought 0.9364 dec_ce 2.0763 diversity 0.0117 | 4.4 it/s
step   14200 | cos 0.5145 | thought 0.9439 dec_ce 2.0279 diversity 0.0132 | 4.5 it/s
step   14250 | cos 0.5096 | thought 0.9633 dec_ce 2.0085 diversity 0.0119 | 4.3 it/s
step   14300 | cos 0.5144 | thought 0.9457 dec_ce 1.9745 diversity 0.014 | 4.4 it/s
step   14350 | cos 0.5140 | thought 0.9857 dec_ce 2.0399 diversity 0.0103 | 4.5 it/s
step   14400 | cos 0.5179 | thought 0.96 dec_ce 2.0164 diversity 0.014 | 4.5 it/s
step   14450 | cos 0.5133 | thought 0.9907 dec_ce 2.102 diversity 0.0111 | 4.3 it/s
step   14500 | cos 0.5163 | thought 0.9519 dec_ce 2.1626 diversity 0.0162 | 4.4 it/s
step   14500 | VAL cos 0.5262 | VAL dec CE 3.8733
step   14550 | cos 0.5182 | thought 1.0004 dec_ce 2.2958 diversity 0.0157 | 3.6 it/s
step   14600 | cos 0.5163 | thought 0.9828 dec_ce 2.0639 diversity 0.0127 | 4.5 it/s
step   14650 | cos 0.5189 | thought 0.9872 dec_ce 2.0942 diversity 0.0121 | 4.4 it/s
step   14700 | cos 0.5149 | thought 0.9892 dec_ce 1.9875 diversity 0.0133 | 4.5 it/s
step   14750 | cos 0.5138 | thought 0.9918 dec_ce 1.9985 diversity 0.0105 | 4.3 it/s
step   14800 | cos 0.5144 | thought 0.963 dec_ce 2.076 diversity 0.0119 | 4.4 it/s
step   14850 | cos 0.5154 | thought 1.0049 dec_ce 2.0247 diversity 0.0122 | 4.5 it/s
step   14900 | cos 0.5186 | thought 0.9618 dec_ce 2.135 diversity 0.0132 | 4.5 it/s
step   14950 | cos 0.5176 | thought 0.9529 dec_ce 1.9504 diversity 0.0132 | 4.5 it/s
step   15000 | cos 0.5138 | thought 0.99 dec_ce 2.1111 diversity 0.0095 | 4.4 it/s
step   15000 | VAL cos 0.5273 | VAL dec CE 3.8674
step   15050 | cos 0.5153 | thought 0.9626 dec_ce 2.0535 diversity 0.0117 | 3.7 it/s
step   15100 | cos 0.5153 | thought 0.9926 dec_ce 2.0858 diversity 0.012 | 4.4 it/s
step   15150 | cos 0.5174 | thought 0.9257 dec_ce 1.9137 diversity 0.0123 | 4.5 it/s
step   15200 | cos 0.5169 | thought 0.9651 dec_ce 1.9377 diversity 0.0129 | 4.6 it/s
step   15250 | cos 0.5184 | thought 0.9484 dec_ce 2.0713 diversity 0.0143 | 4.5 it/s
step   15300 | cos 0.5200 | thought 0.951 dec_ce 1.9209 diversity 0.0108 | 4.6 it/s
step   15350 | cos 0.5154 | thought 1.0041 dec_ce 2.0348 diversity 0.0143 | 4.4 it/s
step   15400 | cos 0.5129 | thought 1.0079 dec_ce 2.1444 diversity 0.0146 | 4.4 it/s
step   15450 | cos 0.5161 | thought 0.9405 dec_ce 1.8681 diversity 0.012 | 4.5 it/s
step   15500 | cos 0.5191 | thought 0.9973 dec_ce 2.1222 diversity 0.0134 | 4.4 it/s
step   15500 | VAL cos 0.5276 | VAL dec CE 3.8578
step   15550 | cos 0.5146 | thought 0.9739 dec_ce 1.9198 diversity 0.0091 | 3.6 it/s
step   15600 | cos 0.5154 | thought 1.0108 dec_ce 2.3138 diversity 0.0139 | 4.5 it/s
step   15650 | cos 0.5170 | thought 0.9801 dec_ce 2.045 diversity 0.0147 | 4.5 it/s
step   15700 | cos 0.5114 | thought 0.9778 dec_ce 1.9512 diversity 0.0112 | 4.3 it/s
step   15750 | cos 0.5171 | thought 0.9231 dec_ce 1.8404 diversity 0.0133 | 4.5 it/s
step   15800 | cos 0.5157 | thought 0.9439 dec_ce 1.938 diversity 0.0137 | 4.5 it/s
step   15850 | cos 0.5145 | thought 0.951 dec_ce 2.0511 diversity 0.014 | 4.5 it/s
step   15900 | cos 0.5140 | thought 0.9747 dec_ce 2.1199 diversity 0.0124 | 4.5 it/s
step   15950 | cos 0.5155 | thought 0.9768 dec_ce 2.0314 diversity 0.012 | 4.5 it/s
step   16000 | cos 0.5185 | thought 0.9231 dec_ce 1.9293 diversity 0.0134 | 4.6 it/s
step   16000 | VAL cos 0.5282 | VAL dec CE 3.8587
step   16050 | cos 0.5176 | thought 0.9522 dec_ce 1.9405 diversity 0.0111 | 3.7 it/s
step   16100 | cos 0.5150 | thought 1.0066 dec_ce 2.251 diversity 0.0149 | 4.4 it/s
step   16150 | cos 0.5169 | thought 0.963 dec_ce 1.8839 diversity 0.0129 | 4.4 it/s
step   16200 | cos 0.5134 | thought 1.0362 dec_ce 2.0457 diversity 0.0122 | 4.3 it/s
step   16250 | cos 0.5169 | thought 0.9861 dec_ce 1.9626 diversity 0.0104 | 4.5 it/s
step   16300 | cos 0.5181 | thought 0.9704 dec_ce 2.079 diversity 0.0145 | 4.6 it/s
step   16350 | cos 0.5157 | thought 0.9397 dec_ce 1.9388 diversity 0.0135 | 4.3 it/s
step   16400 | cos 0.5163 | thought 1.0156 dec_ce 2.2935 diversity 0.0136 | 4.5 it/s
step   16450 | cos 0.5162 | thought 0.9834 dec_ce 2.0542 diversity 0.0125 | 4.4 it/s
step   16500 | cos 0.5176 | thought 0.9814 dec_ce 2.1065 diversity 0.0125 | 4.4 it/s
step   16500 | VAL cos 0.5283 | VAL dec CE 3.8634
step   16550 | cos 0.5166 | thought 1.0104 dec_ce 2.2532 diversity 0.0161 | 3.7 it/s
step   16600 | cos 0.5170 | thought 0.9455 dec_ce 2.035 diversity 0.0156 | 4.4 it/s
step   16650 | cos 0.5173 | thought 0.9335 dec_ce 1.8643 diversity 0.0123 | 4.4 it/s
step   16700 | cos 0.5180 | thought 0.98 dec_ce 1.9359 diversity 0.0119 | 4.6 it/s
step   16750 | cos 0.5165 | thought 0.9776 dec_ce 2.0091 diversity 0.0138 | 4.4 it/s
step   16800 | cos 0.5166 | thought 0.9906 dec_ce 2.1962 diversity 0.0141 | 4.4 it/s
step   16850 | cos 0.5148 | thought 0.9929 dec_ce 1.8882 diversity 0.0102 | 4.4 it/s
step   16900 | cos 0.5155 | thought 0.9569 dec_ce 1.9815 diversity 0.0134 | 4.4 it/s
step   16950 | cos 0.5195 | thought 0.9781 dec_ce 1.9447 diversity 0.0105 | 4.5 it/s
step   17000 | cos 0.5152 | thought 0.9342 dec_ce 1.9607 diversity 0.0134 | 4.3 it/s
step   17000 | VAL cos 0.5286 | VAL dec CE 3.8663
step   17050 | cos 0.5132 | thought 0.9893 dec_ce 2.0393 diversity 0.0123 | 3.7 it/s
step   17100 | cos 0.5196 | thought 0.9637 dec_ce 2.087 diversity 0.0124 | 4.4 it/s
step   17150 | cos 0.5168 | thought 0.9651 dec_ce 1.9959 diversity 0.0126 | 4.4 it/s
step   17200 | cos 0.5202 | thought 0.925 dec_ce 1.8548 diversity 0.0128 | 4.4 it/s
step   17250 | cos 0.5202 | thought 0.9886 dec_ce 2.0734 diversity 0.0129 | 4.6 it/s
step   17300 | cos 0.5176 | thought 0.9376 dec_ce 1.8608 diversity 0.0144 | 4.5 it/s
step   17350 | cos 0.5123 | thought 1.0337 dec_ce 2.2377 diversity 0.0146 | 4.4 it/s
step   17400 | cos 0.5173 | thought 0.9749 dec_ce 1.9821 diversity 0.0141 | 4.4 it/s
step   17450 | cos 0.5183 | thought 0.9765 dec_ce 2.0864 diversity 0.0115 | 4.4 it/s
step   17500 | cos 0.5170 | thought 1.0056 dec_ce 2.0729 diversity 0.0119 | 4.4 it/s
step   17500 | VAL cos 0.5283 | VAL dec CE 3.8556
step   17550 | cos 0.5196 | thought 0.9784 dec_ce 1.953 diversity 0.0105 | 3.6 it/s
step   17600 | cos 0.5192 | thought 0.9734 dec_ce 2.0175 diversity 0.013 | 4.5 it/s
step   17650 | cos 0.5156 | thought 0.9701 dec_ce 2.0755 diversity 0.0124 | 4.4 it/s
step   17700 | cos 0.5136 | thought 0.9475 dec_ce 2.0242 diversity 0.0132 | 4.6 it/s
step   17750 | cos 0.5171 | thought 1.0131 dec_ce 2.2169 diversity 0.017 | 4.4 it/s
step   17800 | cos 0.5182 | thought 0.9625 dec_ce 2.0099 diversity 0.0117 | 4.4 it/s
step   17850 | cos 0.5155 | thought 0.9593 dec_ce 1.9694 diversity 0.014 | 4.4 it/s
step   17900 | cos 0.5195 | thought 0.9678 dec_ce 2.007 diversity 0.0144 | 4.4 it/s
step   17950 | cos 0.5150 | thought 0.9065 dec_ce 1.9801 diversity 0.0121 | 4.4 it/s
step   18000 | cos 0.5151 | thought 1.0333 dec_ce 2.065 diversity 0.0147 | 4.4 it/s
step   18000 | VAL cos 0.5289 | VAL dec CE 3.8630
step   18050 | cos 0.5185 | thought 0.9538 dec_ce 2.0785 diversity 0.0143 | 3.6 it/s
step   18100 | cos 0.5206 | thought 0.9349 dec_ce 2.0945 diversity 0.014 | 4.4 it/s
step   18150 | cos 0.5181 | thought 1.0013 dec_ce 2.0779 diversity 0.014 | 4.4 it/s
step   18200 | cos 0.5152 | thought 1.0115 dec_ce 2.1162 diversity 0.0165 | 4.5 it/s
step   18250 | cos 0.5196 | thought 0.9377 dec_ce 1.8567 diversity 0.0118 | 4.4 it/s
step   18300 | cos 0.5206 | thought 0.9857 dec_ce 2.0727 diversity 0.0123 | 4.4 it/s
step   18350 | cos 0.5192 | thought 0.979 dec_ce 2.1309 diversity 0.0133 | 4.4 it/s
step   18400 | cos 0.5160 | thought 1.0106 dec_ce 2.1808 diversity 0.0138 | 4.4 it/s
step   18450 | cos 0.5189 | thought 0.9855 dec_ce 2.0166 diversity 0.0117 | 4.4 it/s
step   18500 | cos 0.5135 | thought 1.0185 dec_ce 2.1204 diversity 0.0112 | 4.5 it/s
step   18500 | VAL cos 0.5297 | VAL dec CE 3.8548
step   18550 | cos 0.5189 | thought 0.9655 dec_ce 2.162 diversity 0.0148 | 3.6 it/s
step   18600 | cos 0.5142 | thought 1.0126 dec_ce 2.0833 diversity 0.0149 | 4.4 it/s
step   18650 | cos 0.5225 | thought 0.9691 dec_ce 2.1214 diversity 0.0152 | 4.5 it/s
step   18700 | cos 0.5173 | thought 0.987 dec_ce 2.0186 diversity 0.0129 | 4.3 it/s
step   18750 | cos 0.5178 | thought 0.9863 dec_ce 2.0581 diversity 0.013 | 4.4 it/s
step   18800 | cos 0.5224 | thought 0.9956 dec_ce 2.165 diversity 0.0133 | 4.5 it/s
step   18850 | cos 0.5180 | thought 0.9683 dec_ce 2.0831 diversity 0.0119 | 4.5 it/s
step   18900 | cos 0.5196 | thought 1.0151 dec_ce 2.0272 diversity 0.0122 | 4.5 it/s
step   18950 | cos 0.5173 | thought 0.9957 dec_ce 2.0739 diversity 0.0131 | 4.3 it/s
step   19000 | cos 0.5175 | thought 0.9918 dec_ce 2.0079 diversity 0.0118 | 4.5 it/s
step   19000 | VAL cos 0.5298 | VAL dec CE 3.8454
step   19050 | cos 0.5162 | thought 0.979 dec_ce 1.9792 diversity 0.0139 | 3.6 it/s
step   19100 | cos 0.5203 | thought 0.9906 dec_ce 1.9512 diversity 0.0136 | 4.5 it/s
step   19150 | cos 0.5194 | thought 0.9584 dec_ce 1.9969 diversity 0.0139 | 4.4 it/s
step   19200 | cos 0.5180 | thought 0.9554 dec_ce 2.0619 diversity 0.0138 | 4.4 it/s
step   19250 | cos 0.5193 | thought 0.9866 dec_ce 2.0294 diversity 0.0126 | 4.4 it/s
step   19300 | cos 0.5178 | thought 1.0285 dec_ce 2.1338 diversity 0.013 | 4.4 it/s
step   19350 | cos 0.5158 | thought 1.0249 dec_ce 2.1328 diversity 0.0129 | 4.4 it/s
step   19400 | cos 0.5207 | thought 0.9815 dec_ce 2.0342 diversity 0.0126 | 4.5 it/s
step   19450 | cos 0.5132 | thought 1.0065 dec_ce 2.0847 diversity 0.013 | 4.5 it/s
step   19500 | cos 0.5190 | thought 0.9675 dec_ce 2.0337 diversity 0.0126 | 4.4 it/s
step   19500 | VAL cos 0.5302 | VAL dec CE 3.8530
step   19550 | cos 0.5172 | thought 1.0184 dec_ce 1.9979 diversity 0.0118 | 3.7 it/s
step   19600 | cos 0.5190 | thought 0.9388 dec_ce 2.0124 diversity 0.0139 | 4.4 it/s
step   19650 | cos 0.5167 | thought 0.9871 dec_ce 1.9464 diversity 0.0119 | 4.3 it/s
step   19700 | cos 0.5187 | thought 0.9653 dec_ce 1.9741 diversity 0.0134 | 4.4 it/s
step   19750 | cos 0.5216 | thought 0.9731 dec_ce 2.0742 diversity 0.0161 | 4.3 it/s
step   19800 | cos 0.5163 | thought 0.9449 dec_ce 1.9406 diversity 0.0116 | 4.4 it/s
step   19850 | cos 0.5186 | thought 1.0189 dec_ce 2.29 diversity 0.0176 | 4.4 it/s
step   19900 | cos 0.5193 | thought 0.9723 dec_ce 2.148 diversity 0.0141 | 4.5 it/s
step   19950 | cos 0.5210 | thought 0.9297 dec_ce 1.9005 diversity 0.0134 | 4.4 it/s
step   20000 | cos 0.5148 | thought 0.948 dec_ce 2.0567 diversity 0.0175 | 4.4 it/s
step   20000 | VAL cos 0.5302 | VAL dec CE 3.8456
step   20050 | cos 0.5221 | thought 0.938 dec_ce 1.914 diversity 0.011 | 3.7 it/s
step   20100 | cos 0.5193 | thought 0.9543 dec_ce 1.8965 diversity 0.0118 | 4.3 it/s
step   20150 | cos 0.5202 | thought 0.9931 dec_ce 2.0962 diversity 0.0123 | 4.4 it/s
step   20200 | cos 0.5159 | thought 0.9805 dec_ce 2.1228 diversity 0.0148 | 4.5 it/s
step   20250 | cos 0.5147 | thought 0.9643 dec_ce 1.8898 diversity 0.0133 | 4.3 it/s
step   20300 | cos 0.5189 | thought 1.0254 dec_ce 2.1537 diversity 0.0172 | 4.5 it/s
step   20350 | cos 0.5173 | thought 0.9957 dec_ce 1.984 diversity 0.0158 | 4.4 it/s
step   20400 | cos 0.5187 | thought 1.0146 dec_ce 2.2384 diversity 0.0141 | 4.6 it/s
step   20450 | cos 0.5221 | thought 0.978 dec_ce 2.1331 diversity 0.0121 | 4.5 it/s
step   20500 | cos 0.5200 | thought 0.9553 dec_ce 2.1649 diversity 0.0171 | 4.4 it/s
step   20500 | VAL cos 0.5306 | VAL dec CE 3.8419
step   20550 | cos 0.5163 | thought 0.924 dec_ce 1.9648 diversity 0.0122 | 3.6 it/s
step   20600 | cos 0.5184 | thought 0.9456 dec_ce 2.0412 diversity 0.0129 | 4.4 it/s
step   20650 | cos 0.5218 | thought 0.9903 dec_ce 2.0373 diversity 0.0148 | 4.5 it/s
step   20700 | cos 0.5189 | thought 0.9294 dec_ce 1.9069 diversity 0.0137 | 4.5 it/s
step   20750 | cos 0.5167 | thought 0.9365 dec_ce 1.9756 diversity 0.0139 | 4.3 it/s
step   20800 | cos 0.5186 | thought 1.0088 dec_ce 2.1482 diversity 0.0124 | 4.5 it/s
step   20850 | cos 0.5181 | thought 0.8959 dec_ce 1.8029 diversity 0.0108 | 4.5 it/s
step   20900 | cos 0.5191 | thought 0.9738 dec_ce 2.0798 diversity 0.0137 | 4.5 it/s
step   20950 | cos 0.5157 | thought 0.9474 dec_ce 1.9484 diversity 0.0137 | 4.4 it/s
step   21000 | cos 0.5190 | thought 0.9441 dec_ce 1.9469 diversity 0.0139 | 4.5 it/s
step   21000 | VAL cos 0.5308 | VAL dec CE 3.8376
step   21050 | cos 0.5179 | thought 0.9998 dec_ce 2.0819 diversity 0.015 | 3.6 it/s
step   21100 | cos 0.5193 | thought 1.0062 dec_ce 2.1943 diversity 0.0114 | 4.3 it/s
step   21150 | cos 0.5195 | thought 0.9932 dec_ce 2.2197 diversity 0.0152 | 4.4 it/s
step   21200 | cos 0.5165 | thought 0.946 dec_ce 2.0271 diversity 0.0143 | 4.4 it/s
step   21250 | cos 0.5197 | thought 1.0346 dec_ce 2.3553 diversity 0.015 | 4.3 it/s
step   21300 | cos 0.5196 | thought 0.9997 dec_ce 2.0685 diversity 0.014 | 4.6 it/s
step   21350 | cos 0.5170 | thought 0.9834 dec_ce 1.9436 diversity 0.0146 | 4.5 it/s
step   21400 | cos 0.5190 | thought 0.9557 dec_ce 2.0695 diversity 0.012 | 4.6 it/s
step   21450 | cos 0.5206 | thought 1.0074 dec_ce 2.0626 diversity 0.0144 | 4.6 it/s
step   21500 | cos 0.5189 | thought 1.0458 dec_ce 2.0993 diversity 0.0131 | 4.5 it/s
step   21500 | VAL cos 0.5313 | VAL dec CE 3.8338
step   21550 | cos 0.5187 | thought 1.0036 dec_ce 2.0875 diversity 0.0153 | 3.7 it/s
step   21600 | cos 0.5178 | thought 0.9997 dec_ce 1.9939 diversity 0.0131 | 4.6 it/s
step   21650 | cos 0.5217 | thought 1.0107 dec_ce 2.1358 diversity 0.0152 | 4.5 it/s
step   21700 | cos 0.5201 | thought 0.9727 dec_ce 2.0825 diversity 0.0147 | 4.6 it/s
step   21750 | cos 0.5189 | thought 0.9823 dec_ce 2.1776 diversity 0.0126 | 4.6 it/s
step   21800 | cos 0.5182 | thought 0.9756 dec_ce 1.9656 diversity 0.0153 | 4.6 it/s
step   21850 | cos 0.5214 | thought 0.9918 dec_ce 2.1181 diversity 0.0148 | 4.6 it/s
step   21900 | cos 0.5215 | thought 0.9523 dec_ce 1.9562 diversity 0.0136 | 4.6 it/s
step   21950 | cos 0.5172 | thought 1.0197 dec_ce 2.2795 diversity 0.0165 | 4.6 it/s
step   22000 | cos 0.5204 | thought 0.9867 dec_ce 2.1504 diversity 0.0134 | 4.6 it/s
step   22000 | VAL cos 0.5305 | VAL dec CE 3.8380
step   22050 | cos 0.5161 | thought 1.0031 dec_ce 2.0435 diversity 0.0118 | 3.7 it/s
step   22100 | cos 0.5204 | thought 0.9637 dec_ce 2.0502 diversity 0.0113 | 4.7 it/s
step   22150 | cos 0.5216 | thought 0.9736 dec_ce 2.0839 diversity 0.013 | 4.5 it/s
step   22200 | cos 0.5219 | thought 0.9961 dec_ce 2.1206 diversity 0.0124 | 4.7 it/s
step   22250 | cos 0.5162 | thought 0.9777 dec_ce 2.0876 diversity 0.0128 | 4.5 it/s
step   22300 | cos 0.5202 | thought 0.9394 dec_ce 1.8541 diversity 0.0138 | 4.6 it/s
step   22350 | cos 0.5216 | thought 0.9866 dec_ce 2.0251 diversity 0.0121 | 4.6 it/s
step   22400 | cos 0.5186 | thought 0.9884 dec_ce 2.1734 diversity 0.0151 | 4.6 it/s
step   22450 | cos 0.5181 | thought 0.9661 dec_ce 1.9915 diversity 0.0148 | 4.5 it/s
step   22500 | cos 0.5190 | thought 0.9815 dec_ce 2.0517 diversity 0.014 | 4.6 it/s
step   22500 | VAL cos 0.5318 | VAL dec CE 3.8422
step   22550 | cos 0.5172 | thought 1.01 dec_ce 2.1658 diversity 0.014 | 3.8 it/s
step   22600 | cos 0.5208 | thought 0.9761 dec_ce 1.9958 diversity 0.0104 | 4.5 it/s
step   22650 | cos 0.5190 | thought 0.9425 dec_ce 2.1824 diversity 0.0135 | 4.5 it/s
step   22700 | cos 0.5195 | thought 0.9854 dec_ce 2.0487 diversity 0.0152 | 4.5 it/s
step   22750 | cos 0.5208 | thought 1.0041 dec_ce 2.0692 diversity 0.0124 | 4.3 it/s
step   22800 | cos 0.5191 | thought 1.02 dec_ce 2.1819 diversity 0.013 | 4.4 it/s
step   22850 | cos 0.5180 | thought 0.9192 dec_ce 1.9357 diversity 0.0129 | 4.4 it/s
step   22900 | cos 0.5197 | thought 0.9753 dec_ce 2.071 diversity 0.0142 | 4.5 it/s
step   22950 | cos 0.5178 | thought 1.0148 dec_ce 1.9757 diversity 0.0136 | 4.4 it/s
step   23000 | cos 0.5212 | thought 0.9722 dec_ce 2.2387 diversity 0.0158 | 4.3 it/s
step   23000 | VAL cos 0.5319 | VAL dec CE 3.8391
step   23050 | cos 0.5223 | thought 0.9322 dec_ce 1.9087 diversity 0.0142 | 3.7 it/s
step   23100 | cos 0.5183 | thought 0.9829 dec_ce 1.9929 diversity 0.011 | 4.4 it/s
step   23150 | cos 0.5194 | thought 1.0092 dec_ce 2.0624 diversity 0.0136 | 4.5 it/s
step   23200 | cos 0.5218 | thought 0.97 dec_ce 2.2299 diversity 0.0152 | 4.3 it/s
step   23250 | cos 0.5260 | thought 0.9739 dec_ce 1.9854 diversity 0.0157 | 4.6 it/s
step   23300 | cos 0.5216 | thought 0.9344 dec_ce 1.8884 diversity 0.0125 | 4.3 it/s
step   23350 | cos 0.5180 | thought 1.0067 dec_ce 2.1075 diversity 0.0141 | 4.4 it/s
step   23400 | cos 0.5250 | thought 1.0311 dec_ce 2.1506 diversity 0.0139 | 4.5 it/s
step   23450 | cos 0.5279 | thought 0.9927 dec_ce 1.9793 diversity 0.0133 | 4.6 it/s
step   23500 | cos 0.5204 | thought 0.9866 dec_ce 2.0507 diversity 0.015 | 4.4 it/s
step   23500 | VAL cos 0.5318 | VAL dec CE 3.8393
step   23550 | cos 0.5243 | thought 0.9299 dec_ce 1.8739 diversity 0.012 | 3.6 it/s
step   23600 | cos 0.5226 | thought 0.9476 dec_ce 1.8914 diversity 0.0147 | 4.4 it/s
step   23650 | cos 0.5207 | thought 1.0101 dec_ce 2.0524 diversity 0.0152 | 4.3 it/s
step   23700 | cos 0.5210 | thought 0.9861 dec_ce 2.1498 diversity 0.0151 | 4.3 it/s
step   23750 | cos 0.5239 | thought 0.958 dec_ce 1.9678 diversity 0.0148 | 4.4 it/s
step   23800 | cos 0.5250 | thought 0.9232 dec_ce 1.9117 diversity 0.0133 | 4.5 it/s
step   23850 | cos 0.5256 | thought 0.9598 dec_ce 1.9433 diversity 0.0128 | 4.5 it/s
step   23900 | cos 0.5211 | thought 0.9855 dec_ce 2.1868 diversity 0.0147 | 4.4 it/s
step   23950 | cos 0.5219 | thought 1.0247 dec_ce 2.0741 diversity 0.0136 | 4.3 it/s
step   24000 | cos 0.5252 | thought 0.9231 dec_ce 1.8122 diversity 0.0118 | 4.4 it/s
step   24000 | VAL cos 0.5315 | VAL dec CE 3.8342
step   24050 | cos 0.5246 | thought 0.9354 dec_ce 1.9611 diversity 0.0142 | 3.7 it/s
step   24100 | cos 0.5207 | thought 0.9787 dec_ce 1.987 diversity 0.0115 | 4.4 it/s
step   24150 | cos 0.5240 | thought 0.9408 dec_ce 2.0345 diversity 0.0145 | 4.4 it/s
step   24200 | cos 0.5219 | thought 0.9549 dec_ce 1.9992 diversity 0.0154 | 4.4 it/s
step   24250 | cos 0.5227 | thought 0.9751 dec_ce 2.0065 diversity 0.0124 | 4.4 it/s
step   24300 | cos 0.5232 | thought 0.9323 dec_ce 1.8495 diversity 0.0134 | 4.4 it/s
step   24350 | cos 0.5238 | thought 0.9724 dec_ce 1.9127 diversity 0.0131 | 4.4 it/s
step   24400 | cos 0.5279 | thought 0.9723 dec_ce 2.1062 diversity 0.0163 | 4.4 it/s
step   24450 | cos 0.5197 | thought 1.0028 dec_ce 1.9866 diversity 0.0145 | 4.3 it/s
step   24500 | cos 0.5184 | thought 0.9557 dec_ce 1.9699 diversity 0.0104 | 4.4 it/s
step   24500 | VAL cos 0.5319 | VAL dec CE 3.8360
step   24550 | cos 0.5206 | thought 0.9233 dec_ce 1.9477 diversity 0.0136 | 3.8 it/s
step   24600 | cos 0.5211 | thought 0.948 dec_ce 1.9139 diversity 0.0134 | 4.5 it/s
step   24650 | cos 0.5257 | thought 1.0225 dec_ce 2.18 diversity 0.0128 | 4.6 it/s
step   24700 | cos 0.5231 | thought 0.9542 dec_ce 1.9353 diversity 0.0132 | 4.5 it/s
step   24750 | cos 0.5242 | thought 0.9709 dec_ce 2.0439 diversity 0.0135 | 4.4 it/s
step   24800 | cos 0.5224 | thought 0.9803 dec_ce 2.021 diversity 0.0129 | 4.5 it/s
step   24850 | cos 0.5236 | thought 0.9773 dec_ce 1.9986 diversity 0.0127 | 4.6 it/s
step   24900 | cos 0.5231 | thought 0.9531 dec_ce 1.8844 diversity 0.0128 | 4.6 it/s
step   24950 | cos 0.5233 | thought 0.9823 dec_ce 1.9943 diversity 0.014 | 4.5 it/s
step   25000 | cos 0.5229 | thought 0.9622 dec_ce 2.1447 diversity 0.0153 | 4.4 it/s
step   25000 | VAL cos 0.5326 | VAL dec CE 3.8303
step   25050 | cos 0.5222 | thought 1.0081 dec_ce 2.2018 diversity 0.0168 | 3.7 it/s
step   25100 | cos 0.5187 | thought 0.9681 dec_ce 1.9262 diversity 0.0107 | 4.4 it/s
step   25150 | cos 0.5208 | thought 0.9752 dec_ce 2.1861 diversity 0.0146 | 4.4 it/s
step   25200 | cos 0.5254 | thought 0.9733 dec_ce 2.0338 diversity 0.0119 | 4.4 it/s
step   25250 | cos 0.5246 | thought 0.9475 dec_ce 2.0388 diversity 0.0158 | 4.4 it/s
step   25300 | cos 0.5212 | thought 0.9692 dec_ce 1.9822 diversity 0.0132 | 4.4 it/s
step   25350 | cos 0.5250 | thought 0.9103 dec_ce 1.8924 diversity 0.0133 | 4.5 it/s
step   25400 | cos 0.5282 | thought 1.0254 dec_ce 2.1785 diversity 0.0141 | 4.4 it/s
step   25450 | cos 0.5215 | thought 0.9901 dec_ce 2.0459 diversity 0.0131 | 4.3 it/s
step   25500 | cos 0.5232 | thought 0.9932 dec_ce 1.9837 diversity 0.0116 | 4.3 it/s
step   25500 | VAL cos 0.5326 | VAL dec CE 3.8197
step   25550 | cos 0.5260 | thought 0.944 dec_ce 2.0188 diversity 0.0147 | 3.7 it/s
step   25600 | cos 0.5211 | thought 0.9277 dec_ce 1.8425 diversity 0.013 | 4.4 it/s
step   25650 | cos 0.5246 | thought 0.9602 dec_ce 2.0204 diversity 0.0138 | 4.5 it/s
step   25700 | cos 0.5247 | thought 0.9689 dec_ce 1.9773 diversity 0.0137 | 4.5 it/s
step   25750 | cos 0.5215 | thought 0.9982 dec_ce 2.1514 diversity 0.0148 | 4.5 it/s
step   25800 | cos 0.5196 | thought 1.0082 dec_ce 2.3377 diversity 0.0145 | 4.4 it/s
step   25850 | cos 0.5238 | thought 0.951 dec_ce 1.9819 diversity 0.0145 | 4.4 it/s
step   25900 | cos 0.5213 | thought 0.9864 dec_ce 2.0949 diversity 0.0163 | 4.5 it/s
step   25950 | cos 0.5198 | thought 0.9872 dec_ce 2.0393 diversity 0.0137 | 4.4 it/s
step   26000 | cos 0.5255 | thought 0.9356 dec_ce 1.8947 diversity 0.0142 | 4.5 it/s
step   26000 | VAL cos 0.5328 | VAL dec CE 3.8221
step   26050 | cos 0.5206 | thought 1.0221 dec_ce 2.0882 diversity 0.0154 | 3.5 it/s
step   26100 | cos 0.5225 | thought 0.9145 dec_ce 1.8506 diversity 0.016 | 4.4 it/s
step   26150 | cos 0.5222 | thought 0.9784 dec_ce 2.0377 diversity 0.0138 | 4.4 it/s
step   26200 | cos 0.5294 | thought 0.9421 dec_ce 1.9881 diversity 0.015 | 4.4 it/s
step   26250 | cos 0.5204 | thought 0.9533 dec_ce 1.9509 diversity 0.0129 | 4.3 it/s
step   26300 | cos 0.5278 | thought 0.9198 dec_ce 1.8469 diversity 0.0126 | 4.4 it/s
step   26350 | cos 0.5200 | thought 0.9911 dec_ce 1.9811 diversity 0.0138 | 4.3 it/s
step   26400 | cos 0.5182 | thought 0.9213 dec_ce 1.9162 diversity 0.0139 | 4.5 it/s
step   26450 | cos 0.5234 | thought 0.9721 dec_ce 2.0537 diversity 0.0158 | 4.4 it/s
step   26500 | cos 0.5238 | thought 0.9471 dec_ce 2.0039 diversity 0.012 | 4.5 it/s
step   26500 | VAL cos 0.5329 | VAL dec CE 3.8246
step   26550 | cos 0.5234 | thought 0.9402 dec_ce 2.0629 diversity 0.0181 | 3.7 it/s
step   26600 | cos 0.5277 | thought 0.9956 dec_ce 2.132 diversity 0.0176 | 4.5 it/s
step   26650 | cos 0.5247 | thought 0.9752 dec_ce 1.9362 diversity 0.0128 | 4.4 it/s
step   26700 | cos 0.5245 | thought 0.9876 dec_ce 2.0227 diversity 0.015 | 4.4 it/s
step   26750 | cos 0.5247 | thought 0.9095 dec_ce 1.7403 diversity 0.0138 | 4.5 it/s
step   26800 | cos 0.5209 | thought 0.9303 dec_ce 2.0762 diversity 0.0168 | 4.4 it/s
step   26850 | cos 0.5222 | thought 0.9879 dec_ce 2.061 diversity 0.017 | 4.5 it/s
step   26900 | cos 0.5253 | thought 0.9598 dec_ce 2.0523 diversity 0.0156 | 4.4 it/s
step   26950 | cos 0.5201 | thought 0.9261 dec_ce 1.9915 diversity 0.0159 | 4.5 it/s
step   27000 | cos 0.5258 | thought 0.9756 dec_ce 1.9002 diversity 0.0134 | 4.5 it/s
step   27000 | VAL cos 0.5330 | VAL dec CE 3.8147
step   27050 | cos 0.5237 | thought 0.9888 dec_ce 2.2094 diversity 0.0182 | 3.6 it/s
step   27100 | cos 0.5269 | thought 0.9436 dec_ce 2.0371 diversity 0.0144 | 4.5 it/s
step   27150 | cos 0.5216 | thought 1.0193 dec_ce 2.0922 diversity 0.0142 | 4.5 it/s
step   27200 | cos 0.5239 | thought 0.9673 dec_ce 1.976 diversity 0.0131 | 4.4 it/s
step   27250 | cos 0.5219 | thought 0.9941 dec_ce 2.1298 diversity 0.017 | 4.4 it/s
step   27300 | cos 0.5255 | thought 0.9759 dec_ce 2.1817 diversity 0.0183 | 4.5 it/s
step   27350 | cos 0.5228 | thought 0.9689 dec_ce 1.9509 diversity 0.0138 | 4.4 it/s
step   27400 | cos 0.5262 | thought 0.91 dec_ce 1.8787 diversity 0.0154 | 4.6 it/s
step   27450 | cos 0.5197 | thought 0.9458 dec_ce 1.8792 diversity 0.0138 | 4.6 it/s
step   27500 | cos 0.5258 | thought 0.9517 dec_ce 2.0197 diversity 0.0152 | 4.6 it/s
step   27500 | VAL cos 0.5334 | VAL dec CE 3.8239
step   27550 | cos 0.5214 | thought 0.9886 dec_ce 2.1307 diversity 0.0161 | 3.7 it/s
step   27600 | cos 0.5222 | thought 0.974 dec_ce 1.954 diversity 0.0132 | 4.6 it/s
step   27650 | cos 0.5245 | thought 0.9712 dec_ce 1.9934 diversity 0.0145 | 4.5 it/s
step   27700 | cos 0.5246 | thought 0.9676 dec_ce 1.8459 diversity 0.0114 | 4.6 it/s
step   27750 | cos 0.5242 | thought 0.99 dec_ce 2.1583 diversity 0.0139 | 4.6 it/s
step   27800 | cos 0.5277 | thought 0.9632 dec_ce 1.9738 diversity 0.0141 | 4.6 it/s
step   27850 | cos 0.5223 | thought 1.0243 dec_ce 2.2004 diversity 0.0176 | 4.5 it/s
step   27900 | cos 0.5244 | thought 0.9394 dec_ce 2.0648 diversity 0.0154 | 4.6 it/s
step   27950 | cos 0.5239 | thought 0.9135 dec_ce 1.8728 diversity 0.0148 | 4.6 it/s
step   28000 | cos 0.5263 | thought 0.9464 dec_ce 2.0106 diversity 0.0174 | 4.5 it/s
step   28000 | VAL cos 0.5338 | VAL dec CE 3.8208
step   28050 | cos 0.5224 | thought 0.9677 dec_ce 2.1246 diversity 0.0134 | 3.7 it/s
step   28100 | cos 0.5211 | thought 0.9667 dec_ce 2.0583 diversity 0.0164 | 4.6 it/s
step   28150 | cos 0.5303 | thought 0.9377 dec_ce 2.0064 diversity 0.014 | 4.7 it/s
step   28200 | cos 0.5252 | thought 0.9403 dec_ce 1.9812 diversity 0.0127 | 4.6 it/s
step   28250 | cos 0.5269 | thought 0.9227 dec_ce 2.0486 diversity 0.0164 | 4.6 it/s
step   28300 | cos 0.5237 | thought 1.0393 dec_ce 2.1296 diversity 0.0141 | 4.5 it/s
step   28350 | cos 0.5242 | thought 0.9845 dec_ce 2.108 diversity 0.0139 | 4.6 it/s
step   28400 | cos 0.5225 | thought 1.009 dec_ce 2.1333 diversity 0.0161 | 4.6 it/s
step   28450 | cos 0.5226 | thought 1.0256 dec_ce 2.0271 diversity 0.0158 | 4.7 it/s
step   28500 | cos 0.5244 | thought 1.0001 dec_ce 2.0028 diversity 0.0174 | 4.6 it/s
step   28500 | VAL cos 0.5338 | VAL dec CE 3.8202
step   28550 | cos 0.5267 | thought 0.9581 dec_ce 2.0211 diversity 0.0181 | 3.9 it/s
step   28600 | cos 0.5275 | thought 0.9492 dec_ce 2.0799 diversity 0.0146 | 4.6 it/s
step   28650 | cos 0.5228 | thought 0.9635 dec_ce 1.9762 diversity 0.017 | 4.6 it/s
step   28700 | cos 0.5266 | thought 0.9256 dec_ce 2.0151 diversity 0.0127 | 4.6 it/s
step   28750 | cos 0.5253 | thought 0.9682 dec_ce 2.1465 diversity 0.0172 | 4.6 it/s
step   28800 | cos 0.5220 | thought 0.9682 dec_ce 1.9958 diversity 0.0124 | 4.5 it/s
step   28850 | cos 0.5242 | thought 1.027 dec_ce 2.0105 diversity 0.0134 | 4.6 it/s
step   28900 | cos 0.5247 | thought 0.996 dec_ce 2.0046 diversity 0.014 | 4.7 it/s
step   28950 | cos 0.5253 | thought 0.9468 dec_ce 1.8478 diversity 0.0119 | 4.7 it/s
step   29000 | cos 0.5218 | thought 0.9714 dec_ce 2.0495 diversity 0.0149 | 4.6 it/s
step   29000 | VAL cos 0.5336 | VAL dec CE 3.8178
step   29050 | cos 0.5247 | thought 0.9403 dec_ce 2.0072 diversity 0.0161 | 3.8 it/s
step   29100 | cos 0.5273 | thought 0.9346 dec_ce 1.9162 diversity 0.014 | 4.7 it/s
step   29150 | cos 0.5246 | thought 0.9893 dec_ce 2.0076 diversity 0.0126 | 4.6 it/s
step   29200 | cos 0.5276 | thought 0.9323 dec_ce 2.0429 diversity 0.0161 | 4.7 it/s
step   29250 | cos 0.5266 | thought 0.9742 dec_ce 2.0502 diversity 0.0136 | 4.6 it/s
step   29300 | cos 0.5255 | thought 0.9881 dec_ce 2.0954 diversity 0.0135 | 4.7 it/s
step   29350 | cos 0.5251 | thought 1.0111 dec_ce 2.0689 diversity 0.0165 | 4.6 it/s
step   29400 | cos 0.5199 | thought 1.0038 dec_ce 2.0563 diversity 0.0147 | 4.5 it/s
step   29450 | cos 0.5260 | thought 0.9596 dec_ce 2.0731 diversity 0.0129 | 4.6 it/s
step   29500 | cos 0.5262 | thought 0.923 dec_ce 1.8704 diversity 0.0139 | 4.6 it/s
step   29500 | VAL cos 0.5339 | VAL dec CE 3.8135
step   29550 | cos 0.5203 | thought 0.9888 dec_ce 2.1031 diversity 0.0154 | 3.8 it/s
step   29600 | cos 0.5222 | thought 0.9766 dec_ce 2.0813 diversity 0.0146 | 4.6 it/s
step   29650 | cos 0.5252 | thought 0.9966 dec_ce 2.1213 diversity 0.0156 | 4.5 it/s
step   29700 | cos 0.5251 | thought 0.9603 dec_ce 2.0306 diversity 0.0131 | 4.5 it/s
step   29750 | cos 0.5261 | thought 1.0056 dec_ce 2.0524 diversity 0.0167 | 4.7 it/s
step   29800 | cos 0.5250 | thought 0.9391 dec_ce 2.0594 diversity 0.0155 | 4.6 it/s
step   29850 | cos 0.5248 | thought 0.9607 dec_ce 2.0645 diversity 0.0133 | 4.6 it/s
step   29900 | cos 0.5213 | thought 0.9445 dec_ce 2.0124 diversity 0.0147 | 4.5 it/s
step   29950 | cos 0.5225 | thought 0.9679 dec_ce 2.1558 diversity 0.0165 | 4.5 it/s
step   30000 | cos 0.5265 | thought 0.9526 dec_ce 2.061 diversity 0.0169 | 4.7 it/s
step   30000 | VAL cos 0.5338 | VAL dec CE 3.8131
step   30050 | cos 0.5256 | thought 0.9837 dec_ce 2.1716 diversity 0.0151 | 3.8 it/s
step   30100 | cos 0.5266 | thought 0.9674 dec_ce 1.9618 diversity 0.0163 | 4.7 it/s
step   30150 | cos 0.5256 | thought 1.0074 dec_ce 2.0509 diversity 0.0161 | 4.6 it/s
step   30200 | cos 0.5191 | thought 0.9324 dec_ce 1.9678 diversity 0.013 | 4.5 it/s
step   30250 | cos 0.5221 | thought 0.9637 dec_ce 2.0276 diversity 0.0148 | 4.6 it/s
step   30300 | cos 0.5247 | thought 1.0212 dec_ce 2.2435 diversity 0.0162 | 4.6 it/s
step   30350 | cos 0.5206 | thought 0.9861 dec_ce 2.0108 diversity 0.0138 | 4.7 it/s
step   30400 | cos 0.5229 | thought 1.0396 dec_ce 2.2802 diversity 0.0158 | 4.7 it/s
step   30450 | cos 0.5180 | thought 1.0081 dec_ce 2.1072 diversity 0.0146 | 4.5 it/s
step   30500 | cos 0.5268 | thought 0.9437 dec_ce 1.9817 diversity 0.0145 | 4.7 it/s
step   30500 | VAL cos 0.5340 | VAL dec CE 3.8207
step   30550 | cos 0.5232 | thought 0.9781 dec_ce 1.8806 diversity 0.0133 | 3.8 it/s
step   30600 | cos 0.5244 | thought 0.9749 dec_ce 2.0924 diversity 0.0151 | 4.8 it/s
step   30650 | cos 0.5226 | thought 0.9306 dec_ce 1.8865 diversity 0.0133 | 4.6 it/s
step   30700 | cos 0.5279 | thought 0.9382 dec_ce 1.9829 diversity 0.0152 | 4.6 it/s
step   30750 | cos 0.5237 | thought 0.9779 dec_ce 2.0484 diversity 0.0154 | 4.7 it/s
step   30800 | cos 0.5227 | thought 1.0174 dec_ce 2.1396 diversity 0.0144 | 4.5 it/s
step   30850 | cos 0.5233 | thought 0.9619 dec_ce 2.0548 diversity 0.013 | 4.5 it/s
step   30900 | cos 0.5232 | thought 0.9934 dec_ce 2.0702 diversity 0.0159 | 4.6 it/s
step   30950 | cos 0.5217 | thought 0.9714 dec_ce 1.9378 diversity 0.0133 | 4.6 it/s
step   31000 | cos 0.5238 | thought 0.95 dec_ce 1.869 diversity 0.0131 | 4.7 it/s
step   31000 | VAL cos 0.5336 | VAL dec CE 3.8157
step   31050 | cos 0.5300 | thought 0.9796 dec_ce 2.0009 diversity 0.0143 | 3.8 it/s
step   31100 | cos 0.5228 | thought 0.9775 dec_ce 1.9739 diversity 0.0167 | 4.5 it/s
step   31150 | cos 0.5244 | thought 0.9259 dec_ce 1.9881 diversity 0.0167 | 4.6 it/s
step   31200 | cos 0.5237 | thought 0.9818 dec_ce 2.1015 diversity 0.0132 | 4.6 it/s
step   31250 | cos 0.5267 | thought 0.9454 dec_ce 2.048 diversity 0.0144 | 4.6 it/s
step   31300 | cos 0.5233 | thought 0.9579 dec_ce 2.1055 diversity 0.0153 | 4.6 it/s
wall-clock cap reached at step 31322

Run 'R4_DIV' done: 31322 steps | final val cos 0.5343 | dec CE 3.8133
/home/nochi/vault/projects/ThoughtVectors/thoughtvec/.venv/lib/python3.12/site-packages/torch/nn/modules/transformer.py:392: UserWarning: enable_nested_tensor is True, but self.use_nested_tensor is False because encoder_layer.norm_first was True
  warnings.warn(
{"ckpt": "checkpoints/R4_DIV/best.pt", "val_cos": 0.403, "val_dec_ce": 4.0133, "ref_f1": 0.2693, "distinct1": 0.0095, "distinct2": 0.0382, "len_ratio": 1.055, "out_vectors": 8.0, "rows": 1024}
=== thinker ablation R4_UNFREEZE (7200s): thinker.n_hypotheses=4 thinker.w_decoder=0.5 thinker.k_ctx=8 thinker.k_out=8 thinker.k_out_random_prefix=true thinker.k_out_min=4 data.shard_dir=data/dialogue_combined thinker.unfreeze=decoder thinker.compress_frac=0.4 thinker.codec_lr_scale=0.05 ===
/home/nochi/vault/projects/ThoughtVectors/thoughtvec/.venv/lib/python3.12/site-packages/torch/nn/modules/transformer.py:392: UserWarning: enable_nested_tensor is True, but self.use_nested_tensor is False because encoder_layer.norm_first was True
  warnings.warn(
thinker params: 15.10M (codec d=384, frozen=False)
step      50 | cos 0.0347 | thought 2.5433 dec_ce 2.8317 | 3.2 it/s
step     100 | cos 0.0806 | compress_ce 0.0465 | 3.5 it/s
step     150 | cos 0.1588 | thought 2.1418 dec_ce 2.2571 | 3.4 it/s
step     200 | cos 0.2245 | compress_ce 0.0 | 3.4 it/s
step     250 | cos 0.2606 | thought 1.9605 dec_ce 2.2883 | 3.4 it/s
step     300 | cos 0.2907 | thought 1.8635 dec_ce 2.1534 | 3.7 it/s
step     350 | cos 0.3088 | compress_ce 0.0 | 3.6 it/s
step     400 | cos 0.3146 | thought 1.8402 dec_ce 2.3038 | 3.5 it/s
step     450 | cos 0.3259 | thought 1.7648 dec_ce 2.1582 | 3.5 it/s
step     500 | cos 0.3293 | compress_ce 0.0002 | 3.7 it/s
step     500 | VAL cos 0.3464 | VAL dec CE 3.9676
step     550 | cos 0.3329 | thought 1.7261 dec_ce 2.0474 | 2.9 it/s
step     600 | cos 0.3450 | thought 1.6557 dec_ce 1.9328 | 3.6 it/s
step     650 | cos 0.3634 | thought 1.5966 dec_ce 2.0677 | 3.5 it/s
step     700 | cos 0.3934 | thought 1.5792 dec_ce 2.1536 | 3.7 it/s
step     750 | cos 0.4118 | thought 1.4728 dec_ce 2.2426 | 3.8 it/s
step     800 | cos 0.4243 | thought 1.4406 dec_ce 1.9188 | 3.3 it/s
step     850 | cos 0.4295 | thought 1.4298 dec_ce 2.1145 | 3.5 it/s
step     900 | cos 0.4413 | thought 1.4695 dec_ce 2.2268 | 3.6 it/s
step     950 | cos 0.4451 | compress_ce 0.0003 | 3.7 it/s
step    1000 | cos 0.4446 | compress_ce 0.0 | 3.5 it/s
step    1000 | VAL cos 0.4681 | VAL dec CE 3.7530
step    1050 | cos 0.4536 | compress_ce 0.0 | 2.9 it/s
step    1100 | cos 0.4609 | thought 1.4203 dec_ce 2.127 | 3.8 it/s
step    1150 | cos 0.4576 | thought 1.3089 dec_ce 1.9156 | 3.4 it/s
step    1200 | cos 0.4689 | thought 1.2766 dec_ce 2.0121 | 3.4 it/s
step    1250 | cos 0.4666 | thought 1.2869 dec_ce 1.9573 | 3.5 it/s
step    1300 | cos 0.4789 | thought 1.2618 dec_ce 2.0612 | 3.7 it/s
step    1350 | cos 0.4773 | thought 1.2986 dec_ce 1.9544 | 3.4 it/s
step    1400 | cos 0.4817 | compress_ce 0.0015 | 3.6 it/s
step    1450 | cos 0.4800 | compress_ce 0.0 | 3.5 it/s
step    1500 | cos 0.4867 | compress_ce 0.0 | 3.5 it/s
step    1500 | VAL cos 0.5026 | VAL dec CE 3.5774
step    1550 | cos 0.4860 | thought 1.1456 dec_ce 1.7693 | 3.0 it/s
step    1600 | cos 0.4911 | thought 1.1524 dec_ce 1.8563 | 3.7 it/s
step    1650 | cos 0.4898 | thought 1.12 dec_ce 1.7915 | 3.6 it/s
step    1700 | cos 0.4938 | compress_ce 0.1718 | 3.5 it/s
step    1750 | cos 0.4965 | thought 1.1355 dec_ce 1.8685 | 3.5 it/s
step    1800 | cos 0.4901 | thought 1.1592 dec_ce 2.0527 | 3.5 it/s
step    1850 | cos 0.4936 | compress_ce 0.0 | 3.7 it/s
step    1900 | cos 0.4938 | thought 1.1199 dec_ce 1.9123 | 3.6 it/s
step    1950 | cos 0.4965 | thought 1.1427 dec_ce 1.9746 | 3.6 it/s
step    2000 | cos 0.4925 | thought 1.0953 dec_ce 1.8782 | 3.8 it/s
step    2000 | VAL cos 0.5092 | VAL dec CE 3.4870
step    2050 | cos 0.4932 | thought 1.0816 dec_ce 1.7892 | 2.9 it/s
step    2100 | cos 0.4987 | compress_ce 0.0165 | 3.5 it/s
step    2150 | cos 0.4960 | compress_ce 0.0 | 3.7 it/s
step    2200 | cos 0.4963 | thought 1.113 dec_ce 1.8637 | 3.4 it/s
step    2250 | cos 0.5009 | compress_ce 0.0814 | 3.6 it/s
step    2300 | cos 0.4967 | compress_ce 0.0 | 3.5 it/s
step    2350 | cos 0.4986 | thought 1.101 dec_ce 1.9849 | 3.8 it/s
step    2400 | cos 0.4978 | thought 1.1442 dec_ce 2.0062 | 3.8 it/s
step    2450 | cos 0.4969 | thought 1.0904 dec_ce 2.0224 | 3.9 it/s
step    2500 | cos 0.5004 | thought 1.039 dec_ce 1.7072 | 3.9 it/s
step    2500 | VAL cos 0.5144 | VAL dec CE 3.4117
step    2550 | cos 0.4947 | thought 1.0478 dec_ce 1.8403 | 2.9 it/s
step    2600 | cos 0.4994 | compress_ce 0.0013 | 3.4 it/s
step    2650 | cos 0.5038 | thought 1.1004 dec_ce 1.9695 | 3.7 it/s
step    2700 | cos 0.4995 | thought 1.0702 dec_ce 1.997 | 3.8 it/s
step    2750 | cos 0.5010 | thought 1.0445 dec_ce 1.7668 | 3.7 it/s
step    2800 | cos 0.4987 | compress_ce 0.0 | 3.7 it/s
step    2850 | cos 0.5064 | compress_ce 0.4302 | 3.5 it/s
step    2900 | cos 0.5064 | thought 1.036 dec_ce 1.7203 | 3.6 it/s
step    2950 | cos 0.5024 | thought 0.9885 dec_ce 1.6672 | 3.8 it/s
step    3000 | cos 0.5006 | thought 1.0436 dec_ce 1.8746 | 3.7 it/s
step    3000 | VAL cos 0.5164 | VAL dec CE 3.3499
step    3050 | cos 0.5044 | thought 0.9697 dec_ce 1.5829 | 3.0 it/s
step    3100 | cos 0.5059 | thought 1.0043 dec_ce 1.8326 | 3.8 it/s
step    3150 | cos 0.5083 | compress_ce 0.0547 | 3.7 it/s
step    3200 | cos 0.5032 | thought 1.0 dec_ce 1.7229 | 3.6 it/s
step    3250 | cos 0.5015 | thought 1.0058 dec_ce 1.7914 | 3.5 it/s
step    3300 | cos 0.5078 | thought 1.0314 dec_ce 1.9038 | 3.5 it/s
step    3350 | cos 0.5011 | thought 1.0438 dec_ce 1.7859 | 3.5 it/s
step    3400 | cos 0.5044 | thought 0.9913 dec_ce 1.7128 | 3.5 it/s
step    3450 | cos 0.5075 | compress_ce 0.0003 | 3.7 it/s
step    3500 | cos 0.5080 | compress_ce 0.0 | 3.6 it/s
step    3500 | VAL cos 0.5197 | VAL dec CE 3.3024
step    3550 | cos 0.5030 | thought 0.9969 dec_ce 1.8823 | 2.9 it/s
step    3600 | cos 0.5063 | compress_ce 0.0001 | 3.7 it/s
step    3650 | cos 0.5038 | compress_ce 0.0 | 3.6 it/s
step    3700 | cos 0.5086 | thought 0.9865 dec_ce 1.6903 | 3.7 it/s
step    3750 | cos 0.5092 | thought 1.0065 dec_ce 1.8537 | 3.9 it/s
step    3800 | cos 0.5083 | thought 0.9857 dec_ce 1.7521 | 3.6 it/s
step    3850 | cos 0.5064 | compress_ce 3.2292 | 3.7 it/s
step    3900 | cos 0.5120 | compress_ce 0.0 | 3.7 it/s
step    3950 | cos 0.5103 | thought 0.962 dec_ce 1.8492 | 3.8 it/s
step    4000 | cos 0.5085 | compress_ce 2.695 | 3.7 it/s
step    4000 | VAL cos 0.5224 | VAL dec CE 3.2646
step    4050 | cos 0.5072 | thought 1.0378 dec_ce 2.1084 | 3.0 it/s
step    4100 | cos 0.5107 | thought 0.9885 dec_ce 1.7297 | 3.7 it/s
step    4150 | cos 0.5076 | thought 0.9375 dec_ce 1.6305 | 3.6 it/s
step    4200 | cos 0.5074 | thought 0.9774 dec_ce 1.8315 | 3.6 it/s
step    4250 | cos 0.5071 | compress_ce 0.0 | 3.6 it/s
step    4300 | cos 0.5112 | compress_ce 0.0 | 3.7 it/s
step    4350 | cos 0.5077 | thought 0.975 dec_ce 1.6392 | 3.6 it/s
step    4400 | cos 0.5111 | compress_ce 0.0 | 3.8 it/s
step    4450 | cos 0.5105 | compress_ce 0.0002 | 3.7 it/s
step    4500 | cos 0.5129 | thought 1.0004 dec_ce 1.8678 | 3.8 it/s
step    4500 | VAL cos 0.5219 | VAL dec CE 3.2352
step    4550 | cos 0.5087 | thought 0.9718 dec_ce 1.6424 | 3.0 it/s
step    4600 | cos 0.5131 | compress_ce 0.377 | 3.8 it/s
step    4650 | cos 0.5109 | compress_ce 0.0 | 3.6 it/s
step    4700 | cos 0.5104 | thought 0.9927 dec_ce 1.8454 | 3.7 it/s
step    4750 | cos 0.5148 | thought 0.9716 dec_ce 1.5415 | 3.8 it/s
step    4800 | cos 0.5152 | compress_ce 0.0 | 3.8 it/s
step    4850 | cos 0.5145 | compress_ce 0.0 | 3.6 it/s
step    4900 | cos 0.5149 | compress_ce 0.0 | 3.6 it/s
step    4950 | cos 0.5154 | thought 1.0223 dec_ce 2.0519 | 3.7 it/s
step    5000 | cos 0.5150 | thought 0.9932 dec_ce 1.7935 | 3.7 it/s
step    5000 | VAL cos 0.5241 | VAL dec CE 3.1993
step    5050 | cos 0.5148 | compress_ce 0.0 | 3.0 it/s
step    5100 | cos 0.5107 | thought 1.0064 dec_ce 1.839 | 3.9 it/s
step    5150 | cos 0.5136 | thought 0.9829 dec_ce 1.8155 | 3.7 it/s
step    5200 | cos 0.5133 | thought 0.9732 dec_ce 1.7641 | 3.7 it/s
step    5250 | cos 0.5122 | compress_ce 0.0 | 3.6 it/s
step    5300 | cos 0.5104 | thought 0.9819 dec_ce 1.8759 | 3.7 it/s
step    5350 | cos 0.5150 | compress_ce 0.0 | 3.8 it/s
step    5400 | cos 0.5106 | thought 0.9692 dec_ce 1.8214 | 3.6 it/s
step    5450 | cos 0.5135 | compress_ce 0.0004 | 3.6 it/s
step    5500 | cos 0.5096 | thought 0.9806 dec_ce 1.8014 | 3.8 it/s
step    5500 | VAL cos 0.5251 | VAL dec CE 3.1644
step    5550 | cos 0.5129 | thought 0.9909 dec_ce 1.7432 | 3.1 it/s
step    5600 | cos 0.5150 | thought 0.997 dec_ce 1.8872 | 3.6 it/s
step    5650 | cos 0.5161 | thought 0.9829 dec_ce 1.7282 | 3.7 it/s
step    5700 | cos 0.5108 | compress_ce 0.0002 | 3.7 it/s
step    5750 | cos 0.5148 | compress_ce 1.0493 | 3.8 it/s
step    5800 | cos 0.5098 | thought 0.9838 dec_ce 1.9409 | 3.7 it/s
step    5850 | cos 0.5143 | thought 1.0195 dec_ce 1.778 | 3.7 it/s
step    5900 | cos 0.5132 | thought 0.965 dec_ce 1.7753 | 3.5 it/s
step    5950 | cos 0.5141 | thought 1.0042 dec_ce 1.9162 | 3.6 it/s
step    6000 | cos 0.5092 | compress_ce 0.0 | 3.6 it/s
step    6000 | VAL cos 0.5258 | VAL dec CE 3.1426
step    6050 | cos 0.5144 | thought 0.9794 dec_ce 1.8708 | 3.1 it/s
step    6100 | cos 0.5165 | thought 0.9148 dec_ce 1.5735 | 3.6 it/s
step    6150 | cos 0.5167 | thought 0.983 dec_ce 1.7412 | 3.8 it/s
step    6200 | cos 0.5135 | thought 0.9745 dec_ce 1.8106 | 3.8 it/s
step    6250 | cos 0.5158 | compress_ce 0.0704 | 3.9 it/s
step    6300 | cos 0.5132 | compress_ce 0.0 | 3.8 it/s
step    6350 | cos 0.5172 | compress_ce 0.0 | 3.8 it/s
step    6400 | cos 0.5155 | thought 0.9188 dec_ce 1.5913 | 3.7 it/s
step    6450 | cos 0.5186 | compress_ce 0.0 | 3.7 it/s
step    6500 | cos 0.5155 | compress_ce 0.0 | 3.5 it/s
step    6500 | VAL cos 0.5264 | VAL dec CE 3.1217
step    6550 | cos 0.5076 | compress_ce 0.0 | 3.0 it/s
step    6600 | cos 0.5138 | thought 0.9994 dec_ce 1.7501 | 3.8 it/s
step    6650 | cos 0.5134 | thought 0.9598 dec_ce 1.5575 | 3.6 it/s
step    6700 | cos 0.5171 | thought 0.9424 dec_ce 1.7371 | 3.8 it/s
step    6750 | cos 0.5132 | compress_ce 0.0 | 3.8 it/s
step    6800 | cos 0.5127 | thought 1.0102 dec_ce 1.8655 | 3.6 it/s
step    6850 | cos 0.5158 | thought 0.9733 dec_ce 1.6293 | 3.6 it/s
step    6900 | cos 0.5174 | thought 0.9835 dec_ce 1.7701 | 3.8 it/s
step    6950 | cos 0.5131 | compress_ce 0.0 | 3.6 it/s
step    7000 | cos 0.5167 | thought 1.0131 dec_ce 2.1099 | 3.7 it/s
step    7000 | VAL cos 0.5251 | VAL dec CE 3.1054
step    7050 | cos 0.5087 | thought 0.9232 dec_ce 1.4519 | 3.1 it/s
step    7100 | cos 0.5196 | thought 0.9248 dec_ce 1.6751 | 3.6 it/s
step    7150 | cos 0.5156 | thought 0.976 dec_ce 1.6354 | 3.6 it/s
step    7200 | cos 0.5155 | thought 0.9889 dec_ce 1.775 | 3.7 it/s
step    7250 | cos 0.5135 | thought 1.0465 dec_ce 2.1037 | 3.8 it/s
step    7300 | cos 0.5165 | thought 0.9432 dec_ce 1.7083 | 3.8 it/s
step    7350 | cos 0.5198 | thought 0.9372 dec_ce 1.4631 | 3.8 it/s
step    7400 | cos 0.5189 | compress_ce 0.0 | 3.8 it/s
step    7450 | cos 0.5149 | compress_ce 0.0 | 3.6 it/s
step    7500 | cos 0.5182 | thought 0.9431 dec_ce 1.6773 | 3.5 it/s
step    7500 | VAL cos 0.5275 | VAL dec CE 3.0807
step    7550 | cos 0.5173 | compress_ce 0.0 | 3.0 it/s
step    7600 | cos 0.5159 | thought 0.9836 dec_ce 1.8455 | 3.9 it/s
step    7650 | cos 0.5148 | compress_ce 0.0 | 3.7 it/s
step    7700 | cos 0.5141 | thought 0.9832 dec_ce 1.7107 | 3.8 it/s
step    7750 | cos 0.5137 | thought 0.9514 dec_ce 1.526 | 3.7 it/s
step    7800 | cos 0.5149 | compress_ce 0.0 | 3.8 it/s
step    7850 | cos 0.5142 | thought 0.9927 dec_ce 1.7269 | 3.7 it/s
step    7900 | cos 0.5144 | compress_ce 0.0 | 3.7 it/s
step    7950 | cos 0.5169 | compress_ce 0.0 | 3.8 it/s
step    8000 | cos 0.5151 | thought 0.9237 dec_ce 1.5723 | 3.9 it/s
step    8000 | VAL cos 0.5267 | VAL dec CE 3.0703
step    8050 | cos 0.5180 | thought 0.937 dec_ce 1.6442 | 3.0 it/s
step    8100 | cos 0.5181 | thought 0.9298 dec_ce 1.6312 | 3.7 it/s
step    8150 | cos 0.5157 | thought 0.9287 dec_ce 1.4286 | 3.6 it/s
step    8200 | cos 0.5153 | thought 0.9135 dec_ce 1.5982 | 3.6 it/s
step    8250 | cos 0.5209 | thought 0.9186 dec_ce 1.5047 | 3.6 it/s
step    8300 | cos 0.5167 | thought 0.9736 dec_ce 1.7876 | 3.7 it/s
step    8350 | cos 0.5180 | thought 0.9365 dec_ce 1.5357 | 3.7 it/s
step    8400 | cos 0.5165 | compress_ce 0.0 | 3.7 it/s
step    8450 | cos 0.5177 | compress_ce 0.0 | 3.5 it/s
step    8500 | cos 0.5158 | thought 0.9596 dec_ce 1.6523 | 3.7 it/s
step    8500 | VAL cos 0.5286 | VAL dec CE 3.0442
step    8550 | cos 0.5152 | thought 0.989 dec_ce 1.7708 | 3.1 it/s
step    8600 | cos 0.5162 | thought 0.9209 dec_ce 1.5241 | 3.7 it/s
step    8650 | cos 0.5170 | thought 0.9878 dec_ce 1.817 | 3.9 it/s
step    8700 | cos 0.5186 | thought 0.9843 dec_ce 1.6705 | 3.7 it/s
step    8750 | cos 0.5185 | compress_ce 0.0 | 3.7 it/s
step    8800 | cos 0.5160 | thought 0.9457 dec_ce 1.7828 | 3.9 it/s
step    8850 | cos 0.5189 | thought 0.9703 dec_ce 1.8502 | 3.7 it/s
step    8900 | cos 0.5181 | compress_ce 0.0003 | 3.9 it/s
step    8950 | cos 0.5156 | compress_ce 0.0001 | 3.6 it/s
step    9000 | cos 0.5211 | compress_ce 0.0 | 3.6 it/s
step    9000 | VAL cos 0.5284 | VAL dec CE 3.0345
step    9050 | cos 0.5193 | compress_ce 0.0 | 3.0 it/s
step    9100 | cos 0.5184 | thought 0.9381 dec_ce 1.6274 | 4.0 it/s
step    9150 | cos 0.5181 | thought 0.9844 dec_ce 1.806 | 3.7 it/s
step    9200 | cos 0.5212 | thought 0.9546 dec_ce 1.5826 | 3.7 it/s
step    9250 | cos 0.5208 | thought 1.0066 dec_ce 1.9078 | 3.7 it/s
step    9300 | cos 0.5188 | compress_ce 0.0 | 3.7 it/s
step    9350 | cos 0.5178 | thought 0.955 dec_ce 1.6257 | 3.7 it/s
step    9400 | cos 0.5166 | thought 0.9606 dec_ce 1.6529 | 3.6 it/s
step    9450 | cos 0.5132 | compress_ce 0.0 | 3.7 it/s
step    9500 | cos 0.5188 | thought 0.9332 dec_ce 1.5986 | 3.8 it/s
step    9500 | VAL cos 0.5303 | VAL dec CE 3.0079
step    9550 | cos 0.5187 | thought 0.9675 dec_ce 1.6282 | 3.0 it/s
step    9600 | cos 0.5134 | thought 0.9965 dec_ce 1.6764 | 3.6 it/s
step    9650 | cos 0.5197 | thought 0.9842 dec_ce 1.8088 | 3.6 it/s
step    9700 | cos 0.5236 | thought 1.0044 dec_ce 1.7717 | 3.6 it/s
step    9750 | cos 0.5168 | thought 0.9295 dec_ce 1.333 | 3.7 it/s
step    9800 | cos 0.5173 | compress_ce 0.0002 | 3.7 it/s
step    9850 | cos 0.5177 | thought 0.9849 dec_ce 1.7424 | 3.6 it/s
step    9900 | cos 0.5206 | thought 1.0034 dec_ce 1.8864 | 3.8 it/s
step    9950 | cos 0.5197 | compress_ce 0.0 | 3.7 it/s
step   10000 | cos 0.5157 | compress_ce 0.0 | 3.6 it/s
step   10000 | VAL cos 0.5317 | VAL dec CE 2.9919
step   10050 | cos 0.5209 | compress_ce 3.6603 | 3.0 it/s
step   10100 | cos 0.5227 | thought 0.9293 dec_ce 1.5397 | 3.9 it/s
step   10150 | cos 0.5156 | compress_ce 0.0 | 3.7 it/s
step   10200 | cos 0.5195 | compress_ce 0.0 | 3.9 it/s
step   10250 | cos 0.5182 | thought 0.9012 dec_ce 1.629 | 3.8 it/s
step   10300 | cos 0.5139 | compress_ce 0.0 | 3.8 it/s
step   10350 | cos 0.5195 | compress_ce 0.0 | 3.7 it/s
step   10400 | cos 0.5152 | thought 0.9498 dec_ce 1.6453 | 3.6 it/s
step   10450 | cos 0.5165 | thought 1.0042 dec_ce 1.6176 | 3.8 it/s
step   10500 | cos 0.5190 | thought 1.0042 dec_ce 1.9449 | 3.7 it/s
step   10500 | VAL cos 0.5315 | VAL dec CE 2.9833
step   10550 | cos 0.5189 | thought 1.0111 dec_ce 1.6915 | 3.1 it/s
step   10600 | cos 0.5192 | compress_ce 0.0002 | 3.7 it/s
step   10650 | cos 0.5222 | thought 0.9827 dec_ce 1.9046 | 3.5 it/s
step   10700 | cos 0.5147 | compress_ce 0.0 | 3.5 it/s
step   10750 | cos 0.5223 | thought 0.9471 dec_ce 1.5026 | 3.7 it/s
step   10800 | cos 0.5203 | thought 0.9912 dec_ce 1.7626 | 3.7 it/s
step   10850 | cos 0.5170 | thought 0.9753 dec_ce 1.8817 | 3.7 it/s
step   10900 | cos 0.5181 | compress_ce 0.0 | 3.7 it/s
step   10950 | cos 0.5199 | thought 0.9923 dec_ce 1.6939 | 3.5 it/s
step   11000 | cos 0.5176 | compress_ce 0.0009 | 3.8 it/s
step   11000 | VAL cos 0.5315 | VAL dec CE 2.9755
step   11050 | cos 0.5199 | thought 0.9427 dec_ce 1.5452 | 2.9 it/s
step   11100 | cos 0.5177 | thought 1.0155 dec_ce 1.8396 | 3.7 it/s
step   11150 | cos 0.5193 | thought 0.9578 dec_ce 1.6535 | 3.6 it/s
step   11200 | cos 0.5223 | compress_ce 0.0 | 3.8 it/s
step   11250 | cos 0.5198 | thought 0.9531 dec_ce 1.512 | 3.7 it/s
step   11300 | cos 0.5208 | compress_ce 0.0 | 3.8 it/s
step   11350 | cos 0.5209 | compress_ce 0.0006 | 3.7 it/s
step   11400 | cos 0.5202 | thought 0.9456 dec_ce 1.3994 | 3.8 it/s
step   11450 | cos 0.5170 | thought 0.9711 dec_ce 1.6826 | 3.7 it/s
step   11500 | cos 0.5213 | compress_ce 0.0 | 3.6 it/s
step   11500 | VAL cos 0.5319 | VAL dec CE 2.9600
step   11550 | cos 0.5205 | thought 0.977 dec_ce 1.6269 | 3.0 it/s
step   11600 | cos 0.5183 | thought 0.9893 dec_ce 1.789 | 3.7 it/s
step   11650 | cos 0.5212 | compress_ce 1.2893 | 3.6 it/s
step   11700 | cos 0.5226 | thought 0.9177 dec_ce 1.3866 | 3.8 it/s
step   11750 | cos 0.5172 | compress_ce 0.0002 | 3.7 it/s
step   11800 | cos 0.5205 | thought 0.9313 dec_ce 1.4983 | 3.8 it/s
step   11850 | cos 0.5211 | compress_ce 0.0 | 3.8 it/s
step   11900 | cos 0.5196 | thought 0.9368 dec_ce 1.3924 | 3.6 it/s
step   11950 | cos 0.5178 | thought 0.972 dec_ce 1.4997 | 3.4 it/s
step   12000 | cos 0.5252 | compress_ce 0.0006 | 3.6 it/s
step   12000 | VAL cos 0.5322 | VAL dec CE 2.9567
step   12050 | cos 0.5215 | thought 0.9864 dec_ce 1.7686 | 3.1 it/s
step   12100 | cos 0.5205 | compress_ce 0.0002 | 3.7 it/s
step   12150 | cos 0.5249 | thought 0.9304 dec_ce 1.4329 | 3.8 it/s
step   12200 | cos 0.5188 | thought 0.9482 dec_ce 1.7495 | 3.7 it/s
step   12250 | cos 0.5269 | thought 0.9693 dec_ce 1.4959 | 3.7 it/s
step   12300 | cos 0.5272 | thought 0.9497 dec_ce 1.6357 | 3.7 it/s
step   12350 | cos 0.5198 | thought 0.9792 dec_ce 1.5591 | 3.7 it/s
step   12400 | cos 0.5213 | thought 0.9323 dec_ce 1.5169 | 3.7 it/s
step   12450 | cos 0.5186 | thought 0.9547 dec_ce 1.5798 | 3.7 it/s
step   12500 | cos 0.5254 | thought 1.007 dec_ce 1.5962 | 3.8 it/s
step   12500 | VAL cos 0.5320 | VAL dec CE 2.9399
step   12550 | cos 0.5208 | thought 0.9456 dec_ce 1.6346 | 3.0 it/s
step   12600 | cos 0.5222 | thought 0.9509 dec_ce 1.779 | 3.7 it/s
step   12650 | cos 0.5227 | compress_ce 0.0 | 3.7 it/s
step   12700 | cos 0.5237 | thought 0.9443 dec_ce 1.6526 | 3.7 it/s
step   12750 | cos 0.5223 | thought 0.9875 dec_ce 1.8443 | 3.8 it/s
step   12800 | cos 0.5239 | compress_ce 0.596 | 3.7 it/s
step   12850 | cos 0.5193 | compress_ce 0.0 | 3.6 it/s
step   12900 | cos 0.5287 | thought 0.9577 dec_ce 1.7662 | 3.8 it/s
step   12950 | cos 0.5255 | thought 0.9712 dec_ce 1.5872 | 3.8 it/s
step   13000 | cos 0.5226 | compress_ce 0.0 | 3.8 it/s
step   13000 | VAL cos 0.5325 | VAL dec CE 2.9348
step   13050 | cos 0.5267 | compress_ce 0.0 | 3.1 it/s
step   13100 | cos 0.5265 | thought 0.9256 dec_ce 1.4879 | 3.8 it/s
step   13150 | cos 0.5242 | compress_ce 0.3619 | 3.7 it/s
step   13200 | cos 0.5301 | thought 0.9726 dec_ce 1.6998 | 3.5 it/s
step   13250 | cos 0.5201 | thought 0.9518 dec_ce 1.5301 | 3.7 it/s
step   13300 | cos 0.5267 | thought 0.9641 dec_ce 1.547 | 3.7 it/s
step   13350 | cos 0.5228 | compress_ce 0.0 | 3.7 it/s
step   13400 | cos 0.5244 | compress_ce 0.0 | 3.7 it/s
step   13450 | cos 0.5260 | compress_ce 0.0 | 3.6 it/s
step   13500 | cos 0.5237 | compress_ce 0.9042 | 3.7 it/s
step   13500 | VAL cos 0.5335 | VAL dec CE 2.9292
step   13550 | cos 0.5240 | thought 0.9481 dec_ce 1.502 | 2.9 it/s
step   13600 | cos 0.5219 | compress_ce 0.0 | 3.7 it/s
step   13650 | cos 0.5222 | compress_ce 0.0 | 3.6 it/s
step   13700 | cos 0.5264 | thought 0.9218 dec_ce 1.3989 | 3.6 it/s
step   13750 | cos 0.5239 | thought 0.939 dec_ce 1.5153 | 3.6 it/s
step   13800 | cos 0.5223 | compress_ce 0.6719 | 3.8 it/s
step   13850 | cos 0.5246 | thought 0.9651 dec_ce 1.6872 | 3.6 it/s
step   13900 | cos 0.5221 | thought 0.9631 dec_ce 1.6147 | 3.7 it/s
step   13950 | cos 0.5250 | compress_ce 0.2862 | 3.7 it/s
step   14000 | cos 0.5248 | compress_ce 0.0 | 3.6 it/s
step   14000 | VAL cos 0.5350 | VAL dec CE 2.9150
step   14050 | cos 0.5248 | compress_ce 0.0 | 3.0 it/s
step   14100 | cos 0.5192 | compress_ce 0.0 | 3.7 it/s
step   14150 | cos 0.5257 | thought 0.9133 dec_ce 1.67 | 3.7 it/s
step   14200 | cos 0.5218 | compress_ce 0.4313 | 3.8 it/s
step   14250 | cos 0.5198 | thought 0.9335 dec_ce 1.5621 | 3.8 it/s
step   14300 | cos 0.5222 | compress_ce 0.0 | 3.7 it/s
step   14350 | cos 0.5245 | thought 0.9433 dec_ce 1.6173 | 3.6 it/s
step   14400 | cos 0.5262 | thought 0.9377 dec_ce 1.6015 | 3.7 it/s
step   14450 | cos 0.5232 | compress_ce 0.0 | 3.8 it/s
step   14500 | cos 0.5244 | compress_ce 0.0 | 3.7 it/s
step   14500 | VAL cos 0.5358 | VAL dec CE 2.9039
step   14550 | cos 0.5258 | thought 0.9707 dec_ce 1.93 | 3.1 it/s
step   14600 | cos 0.5269 | thought 0.963 dec_ce 1.6504 | 3.9 it/s
step   14650 | cos 0.5247 | compress_ce 0.0 | 3.7 it/s
step   14700 | cos 0.5229 | thought 0.9644 dec_ce 1.5307 | 3.6 it/s
step   14750 | cos 0.5243 | thought 0.9733 dec_ce 1.566 | 3.6 it/s
step   14800 | cos 0.5247 | compress_ce 0.6616 | 3.5 it/s
step   14850 | cos 0.5266 | compress_ce 0.0 | 3.7 it/s
step   14900 | cos 0.5242 | thought 0.9284 dec_ce 1.6986 | 3.9 it/s
step   14950 | cos 0.5285 | thought 0.9254 dec_ce 1.5012 | 3.9 it/s
step   15000 | cos 0.5250 | compress_ce 0.0 | 3.6 it/s
step   15000 | VAL cos 0.5350 | VAL dec CE 2.9000
step   15050 | cos 0.5260 | thought 0.9399 dec_ce 1.6226 | 3.1 it/s
step   15100 | cos 0.5266 | thought 0.9644 dec_ce 1.6515 | 3.6 it/s
step   15150 | cos 0.5261 | compress_ce 0.0 | 3.8 it/s
step   15200 | cos 0.5301 | thought 0.9409 dec_ce 1.4488 | 3.9 it/s
step   15250 | cos 0.5278 | thought 0.9431 dec_ce 1.6689 | 3.8 it/s
step   15300 | cos 0.5306 | thought 0.9369 dec_ce 1.3707 | 3.9 it/s
step   15350 | cos 0.5269 | compress_ce 0.0004 | 3.6 it/s
step   15400 | cos 0.5239 | thought 0.9668 dec_ce 1.6857 | 3.7 it/s
step   15450 | cos 0.5274 | compress_ce 0.0 | 3.6 it/s
step   15500 | cos 0.5300 | thought 0.9473 dec_ce 1.6894 | 3.7 it/s
step   15500 | VAL cos 0.5378 | VAL dec CE 2.8927
step   15550 | cos 0.5273 | thought 0.9732 dec_ce 1.4377 | 3.0 it/s
step   15600 | cos 0.5297 | compress_ce 1.2397 | 3.7 it/s
step   15650 | cos 0.5288 | compress_ce 0.0 | 3.6 it/s
step   15700 | cos 0.5239 | thought 0.9466 dec_ce 1.4732 | 3.6 it/s
step   15750 | cos 0.5254 | compress_ce 0.0 | 3.8 it/s
step   15800 | cos 0.5262 | thought 0.9125 dec_ce 1.4355 | 3.8 it/s
step   15850 | cos 0.5265 | thought 0.9126 dec_ce 1.6231 | 3.9 it/s
step   15900 | cos 0.5251 | compress_ce 1.1855 | 3.6 it/s
step   15950 | cos 0.5278 | compress_ce 2.4719 | 3.8 it/s
step   16000 | cos 0.5311 | compress_ce 0.0002 | 3.9 it/s
step   16000 | VAL cos 0.5385 | VAL dec CE 2.8884
step   16050 | cos 0.5297 | thought 0.914 dec_ce 1.4079 | 2.9 it/s
step   16100 | cos 0.5267 | compress_ce 0.0 | 3.7 it/s
step   16150 | cos 0.5273 | thought 0.9351 dec_ce 1.4724 | 3.7 it/s
step   16200 | cos 0.5234 | thought 0.9959 dec_ce 1.5914 | 3.6 it/s
step   16250 | cos 0.5288 | thought 0.9489 dec_ce 1.4276 | 3.9 it/s
step   16300 | cos 0.5310 | thought 0.9278 dec_ce 1.6015 | 3.7 it/s
step   16350 | cos 0.5278 | thought 0.9063 dec_ce 1.5307 | 3.6 it/s
step   16400 | cos 0.5304 | thought 0.9778 dec_ce 1.9364 | 3.6 it/s
step   16450 | cos 0.5325 | compress_ce 0.0 | 3.6 it/s
step   16500 | cos 0.5312 | compress_ce 0.0 | 3.8 it/s
step   16500 | VAL cos 0.5400 | VAL dec CE 2.8819
step   16550 | cos 0.5299 | compress_ce 0.0 | 3.1 it/s
step   16600 | cos 0.5296 | compress_ce 0.0013 | 3.6 it/s
step   16650 | cos 0.5294 | thought 0.9057 dec_ce 1.3599 | 3.8 it/s
step   16700 | cos 0.5308 | thought 0.9415 dec_ce 1.4947 | 3.8 it/s
step   16750 | cos 0.5304 | thought 0.9351 dec_ce 1.6177 | 3.8 it/s
step   16800 | cos 0.5284 | thought 0.9491 dec_ce 1.8041 | 3.7 it/s
step   16850 | cos 0.5278 | thought 0.9621 dec_ce 1.4059 | 3.7 it/s
step   16900 | cos 0.5287 | compress_ce 0.001 | 3.6 it/s
step   16950 | cos 0.5337 | compress_ce 0.0 | 3.7 it/s
step   17000 | cos 0.5285 | compress_ce 0.0007 | 3.6 it/s
step   17000 | VAL cos 0.5407 | VAL dec CE 2.8788
step   17050 | cos 0.5267 | thought 0.9593 dec_ce 1.5715 | 3.1 it/s
step   17100 | cos 0.5332 | compress_ce 0.0 | 3.7 it/s
step   17150 | cos 0.5303 | thought 0.9267 dec_ce 1.5946 | 3.7 it/s
step   17200 | cos 0.5352 | thought 0.8919 dec_ce 1.3502 | 3.5 it/s
step   17250 | cos 0.5367 | compress_ce 0.0 | 3.8 it/s
step   17300 | cos 0.5345 | thought 0.9057 dec_ce 1.3942 | 3.7 it/s
step   17350 | cos 0.5276 | thought 0.9957 dec_ce 1.8017 | 3.7 it/s
step   17400 | cos 0.5330 | thought 0.9436 dec_ce 1.541 | 3.8 it/s
step   17450 | cos 0.5344 | compress_ce 0.0 | 3.7 it/s
step   17500 | cos 0.5317 | thought 0.9766 dec_ce 1.5616 | 3.7 it/s
step   17500 | VAL cos 0.5434 | VAL dec CE 2.8630
step   17550 | cos 0.5351 | compress_ce 0.0009 | 3.0 it/s
step   17600 | cos 0.5354 | thought 0.9351 dec_ce 1.5122 | 4.0 it/s
step   17650 | cos 0.5291 | thought 0.934 dec_ce 1.6367 | 3.6 it/s
step   17700 | cos 0.5297 | thought 0.921 dec_ce 1.5592 | 4.0 it/s
step   17750 | cos 0.5327 | compress_ce 0.0196 | 3.7 it/s
step   17800 | cos 0.5328 | compress_ce 0.0001 | 3.6 it/s
step   17850 | cos 0.5297 | thought 0.9306 dec_ce 1.5433 | 3.6 it/s
step   17900 | cos 0.5334 | thought 0.9278 dec_ce 1.5293 | 3.8 it/s
step   17950 | cos 0.5300 | thought 0.8776 dec_ce 1.5037 | 3.8 it/s
step   18000 | cos 0.5288 | thought 0.9782 dec_ce 1.618 | 3.6 it/s
step   18000 | VAL cos 0.5429 | VAL dec CE 2.8611
step   18050 | cos 0.5317 | thought 0.9172 dec_ce 1.5306 | 3.0 it/s
step   18100 | cos 0.5361 | thought 0.8974 dec_ce 1.6971 | 3.7 it/s
step   18150 | cos 0.5336 | compress_ce 0.018 | 3.8 it/s
step   18200 | cos 0.5306 | compress_ce 0.0 | 3.6 it/s
step   18250 | cos 0.5392 | thought 0.9019 dec_ce 1.3121 | 3.8 it/s
step   18300 | cos 0.5375 | thought 0.9459 dec_ce 1.6042 | 3.8 it/s
step   18350 | cos 0.5387 | compress_ce 0.0 | 3.7 it/s
step   18400 | cos 0.5294 | thought 0.9719 dec_ce 1.7207 | 3.7 it/s
step   18450 | cos 0.5330 | thought 0.947 dec_ce 1.5185 | 3.8 it/s
step   18500 | cos 0.5324 | thought 0.9724 dec_ce 1.6891 | 3.9 it/s
step   18500 | VAL cos 0.5441 | VAL dec CE 2.8561
step   18550 | cos 0.5351 | compress_ce 0.0008 | 3.0 it/s
step   18600 | cos 0.5292 | compress_ce 0.0 | 3.8 it/s
step   18650 | cos 0.5376 | thought 0.9347 dec_ce 1.6637 | 3.8 it/s
step   18700 | cos 0.5321 | thought 0.9531 dec_ce 1.5478 | 3.8 it/s
step   18750 | cos 0.5315 | compress_ce 0.0498 | 3.6 it/s
step   18800 | cos 0.5384 | compress_ce 0.0 | 3.7 it/s
step   18850 | cos 0.5336 | compress_ce 0.0 | 3.7 it/s
step   18900 | cos 0.5370 | compress_ce 0.3782 | 3.8 it/s
step   18950 | cos 0.5291 | compress_ce 0.0 | 3.5 it/s
step   19000 | cos 0.5355 | compress_ce 0.0003 | 3.9 it/s
step   19000 | VAL cos 0.5451 | VAL dec CE 2.8483
step   19050 | cos 0.5297 | thought 0.9397 dec_ce 1.545 | 3.1 it/s
step   19100 | cos 0.5348 | compress_ce 0.0 | 3.9 it/s
step   19150 | cos 0.5362 | thought 0.9246 dec_ce 1.5508 | 3.7 it/s
step   19200 | cos 0.5321 | thought 0.9167 dec_ce 1.5966 | 3.7 it/s
step   19250 | cos 0.5367 | thought 0.9459 dec_ce 1.6018 | 3.7 it/s
step   19300 | cos 0.5355 | thought 0.9882 dec_ce 1.7148 | 3.6 it/s
step   19350 | cos 0.5335 | compress_ce 0.0001 | 3.7 it/s
step   19400 | cos 0.5379 | thought 0.9345 dec_ce 1.6554 | 3.8 it/s
step   19450 | cos 0.5317 | compress_ce 0.0971 | 3.7 it/s
step   19500 | cos 0.5341 | thought 0.9247 dec_ce 1.564 | 4.0 it/s
step   19500 | VAL cos 0.5462 | VAL dec CE 2.8423
step   19550 | cos 0.5329 | compress_ce 0.0001 | 2.9 it/s
step   19600 | cos 0.5332 | compress_ce 0.0 | 3.6 it/s
step   19650 | cos 0.5386 | thought 0.9437 dec_ce 1.3441 | 3.7 it/s
step   19700 | cos 0.5375 | thought 0.9276 dec_ce 1.5144 | 3.8 it/s
step   19750 | cos 0.5386 | compress_ce 0.0015 | 3.6 it/s
step   19800 | cos 0.5333 | thought 0.9007 dec_ce 1.4516 | 3.7 it/s
step   19850 | cos 0.5347 | thought 0.967 dec_ce 1.8762 | 3.6 it/s
step   19900 | cos 0.5337 | thought 0.9426 dec_ce 1.6899 | 3.9 it/s
step   19950 | cos 0.5377 | thought 0.8942 dec_ce 1.3248 | 3.8 it/s
step   20000 | cos 0.5327 | thought 0.9054 dec_ce 1.7236 | 3.6 it/s
step   20000 | VAL cos 0.5459 | VAL dec CE 2.8438
step   20050 | cos 0.5372 | compress_ce 0.7605 | 3.1 it/s
step   20100 | cos 0.5351 | compress_ce 0.5469 | 3.5 it/s
step   20150 | cos 0.5393 | compress_ce 0.0 | 3.9 it/s
step   20200 | cos 0.5325 | thought 0.9368 dec_ce 1.6725 | 3.8 it/s
step   20250 | cos 0.5341 | thought 0.9272 dec_ce 1.362 | 3.8 it/s
step   20300 | cos 0.5328 | thought 0.9825 dec_ce 1.7461 | 3.6 it/s
step   20350 | cos 0.5353 | compress_ce 0.0 | 3.7 it/s
step   20400 | cos 0.5362 | thought 0.9711 dec_ce 1.7816 | 3.7 it/s
step   20450 | cos 0.5393 | thought 0.9377 dec_ce 1.6725 | 3.8 it/s
step   20500 | cos 0.5391 | thought 0.9328 dec_ce 1.8107 | 3.8 it/s
step   20500 | VAL cos 0.5468 | VAL dec CE 2.8354
step   20550 | cos 0.5323 | thought 0.8805 dec_ce 1.4844 | 3.0 it/s
step   20600 | cos 0.5329 | thought 0.9136 dec_ce 1.6205 | 3.7 it/s
step   20650 | cos 0.5349 | thought 0.9439 dec_ce 1.6071 | 3.7 it/s
step   20700 | cos 0.5356 | thought 0.9029 dec_ce 1.4435 | 3.6 it/s
step   20750 | cos 0.5340 | compress_ce 0.0002 | 3.6 it/s
step   20800 | cos 0.5371 | compress_ce 0.0016 | 3.6 it/s
step   20850 | cos 0.5334 | compress_ce 0.0 | 3.6 it/s
step   20900 | cos 0.5352 | thought 0.9305 dec_ce 1.6461 | 3.8 it/s
step   20950 | cos 0.5321 | thought 0.9181 dec_ce 1.5148 | 3.7 it/s
step   21000 | cos 0.5360 | thought 0.9123 dec_ce 1.5396 | 3.7 it/s
step   21000 | VAL cos 0.5478 | VAL dec CE 2.8337
step   21050 | cos 0.5334 | thought 0.9554 dec_ce 1.564 | 3.0 it/s
step   21100 | cos 0.5336 | thought 0.9611 dec_ce 1.7538 | 3.6 it/s
step   21150 | cos 0.5359 | thought 0.9588 dec_ce 1.8324 | 3.6 it/s
step   21200 | cos 0.5325 | compress_ce 0.0 | 3.5 it/s
step   21250 | cos 0.5328 | thought 0.9837 dec_ce 1.9609 | 3.6 it/s
step   21300 | cos 0.5350 | compress_ce 0.0 | 3.6 it/s
step   21350 | cos 0.5336 | thought 0.9331 dec_ce 1.5032 | 3.8 it/s
step   21400 | cos 0.5348 | compress_ce 0.0 | 3.8 it/s
step   21450 | cos 0.5356 | thought 0.9686 dec_ce 1.6345 | 3.6 it/s
step   21500 | cos 0.5376 | thought 1.0015 dec_ce 1.6583 | 3.7 it/s
step   21500 | VAL cos 0.5470 | VAL dec CE 2.8311
step   21550 | cos 0.5343 | thought 0.9608 dec_ce 1.6614 | 3.1 it/s
step   21600 | cos 0.5341 | thought 0.952 dec_ce 1.4861 | 3.7 it/s
step   21650 | cos 0.5381 | compress_ce 0.0192 | 3.7 it/s
step   21700 | cos 0.5386 | thought 0.9381 dec_ce 1.6531 | 3.8 it/s
step   21750 | cos 0.5328 | compress_ce 0.0037 | 3.6 it/s
step   21800 | cos 0.5339 | compress_ce 0.0014 | 3.6 it/s
step   21850 | cos 0.5379 | compress_ce 0.0 | 3.7 it/s
step   21900 | cos 0.5405 | thought 0.9104 dec_ce 1.5029 | 3.7 it/s
step   21950 | cos 0.5354 | thought 0.9801 dec_ce 1.8592 | 3.6 it/s
step   22000 | cos 0.5345 | compress_ce 0.0005 | 3.7 it/s
step   22000 | VAL cos 0.5469 | VAL dec CE 2.8323
step   22050 | cos 0.5342 | thought 0.9658 dec_ce 1.5382 | 3.1 it/s
step   22100 | cos 0.5341 | thought 0.9247 dec_ce 1.6109 | 3.6 it/s
step   22150 | cos 0.5366 | compress_ce 0.0008 | 3.7 it/s
step   22200 | cos 0.5392 | thought 0.9489 dec_ce 1.7065 | 3.8 it/s
step   22250 | cos 0.5331 | thought 0.9359 dec_ce 1.6176 | 3.9 it/s
step   22300 | cos 0.5385 | thought 0.8945 dec_ce 1.3078 | 3.7 it/s
step   22350 | cos 0.5371 | compress_ce 2.4188 | 3.7 it/s
step   22400 | cos 0.5337 | thought 0.9411 dec_ce 1.7492 | 3.8 it/s
step   22450 | cos 0.5358 | thought 0.9295 dec_ce 1.4806 | 3.8 it/s
step   22500 | cos 0.5336 | thought 0.9378 dec_ce 1.5426 | 3.6 it/s
step   22500 | VAL cos 0.5475 | VAL dec CE 2.8260
step   22550 | cos 0.5344 | compress_ce 0.0 | 3.1 it/s
step   22600 | cos 0.5383 | compress_ce 0.0 | 3.7 it/s
step   22650 | cos 0.5358 | compress_ce 0.0001 | 3.9 it/s
step   22700 | cos 0.5409 | thought 0.9486 dec_ce 1.5973 | 3.8 it/s
step   22750 | cos 0.5374 | thought 0.959 dec_ce 1.4917 | 3.6 it/s
step   22800 | cos 0.5347 | thought 0.9666 dec_ce 1.736 | 3.6 it/s
step   22850 | cos 0.5345 | thought 0.8844 dec_ce 1.4851 | 3.7 it/s
step   22900 | cos 0.5351 | thought 0.9399 dec_ce 1.6533 | 3.6 it/s
step   22950 | cos 0.5353 | thought 0.9704 dec_ce 1.5143 | 3.7 it/s
step   23000 | cos 0.5368 | compress_ce 0.0 | 3.7 it/s
step   23000 | VAL cos 0.5485 | VAL dec CE 2.8236
step   23050 | cos 0.5362 | thought 0.8815 dec_ce 1.3702 | 3.0 it/s
step   23100 | cos 0.5362 | thought 0.9418 dec_ce 1.5224 | 3.5 it/s
step   23150 | cos 0.5338 | compress_ce 0.0 | 3.7 it/s
step   23200 | cos 0.5385 | thought 0.9339 dec_ce 1.7847 | 3.6 it/s
step   23250 | cos 0.5393 | thought 0.9385 dec_ce 1.5499 | 3.7 it/s
step   23300 | cos 0.5363 | compress_ce 0.0 | 3.7 it/s
step   23350 | cos 0.5307 | thought 0.9652 dec_ce 1.7203 | 3.6 it/s
step   23400 | cos 0.5382 | thought 0.9948 dec_ce 1.7525 | 3.6 it/s
step   23450 | cos 0.5438 | compress_ce 0.0026 | 3.7 it/s
step   23500 | cos 0.5399 | thought 0.9508 dec_ce 1.5626 | 3.7 it/s
step   23500 | VAL cos 0.5488 | VAL dec CE 2.8207
step   23550 | cos 0.5365 | compress_ce 0.0001 | 3.1 it/s
step   23600 | cos 0.5410 | thought 0.9072 dec_ce 1.4566 | 3.7 it/s
step   23650 | cos 0.5343 | thought 0.97 dec_ce 1.5806 | 3.6 it/s
step   23700 | cos 0.5370 | thought 0.9516 dec_ce 1.7518 | 3.8 it/s
step   23750 | cos 0.5407 | thought 0.9286 dec_ce 1.5212 | 3.8 it/s
step   23800 | cos 0.5434 | thought 0.8916 dec_ce 1.4237 | 3.6 it/s
step   23850 | cos 0.5354 | thought 0.9146 dec_ce 1.4844 | 3.6 it/s
step   23900 | cos 0.5342 | thought 0.9383 dec_ce 1.7485 | 3.7 it/s
step   23950 | cos 0.5355 | compress_ce 0.0 | 3.6 it/s
step   24000 | cos 0.5373 | compress_ce 0.0 | 3.5 it/s
step   24000 | VAL cos 0.5485 | VAL dec CE 2.8205
step   24050 | cos 0.5389 | thought 0.9112 dec_ce 1.5046 | 3.0 it/s
step   24100 | cos 0.5382 | thought 0.9572 dec_ce 1.5423 | 3.7 it/s
step   24150 | cos 0.5394 | thought 0.9108 dec_ce 1.5874 | 3.7 it/s
step   24200 | cos 0.5353 | thought 0.9152 dec_ce 1.5912 | 3.5 it/s
step   24250 | cos 0.5388 | compress_ce 0.0 | 3.7 it/s
step   24300 | cos 0.5381 | compress_ce 0.0002 | 3.6 it/s
step   24350 | cos 0.5395 | thought 0.9357 dec_ce 1.5052 | 3.8 it/s
step   24400 | cos 0.5418 | thought 0.9397 dec_ce 1.6941 | 3.7 it/s
step   24450 | cos 0.5410 | thought 0.9582 dec_ce 1.5235 | 3.5 it/s
step   24500 | cos 0.5354 | thought 0.9229 dec_ce 1.5274 | 3.8 it/s
step   24500 | VAL cos 0.5487 | VAL dec CE 2.8188
step   24550 | cos 0.5348 | thought 0.8833 dec_ce 1.48 | 3.1 it/s
step   24600 | cos 0.5394 | compress_ce 0.0 | 3.7 it/s
step   24650 | cos 0.5404 | compress_ce 0.0 | 3.7 it/s
step   24700 | cos 0.5381 | compress_ce 0.0 | 3.5 it/s
step   24750 | cos 0.5415 | compress_ce 0.0001 | 3.7 it/s
step   24800 | cos 0.5357 | compress_ce 0.0001 | 3.6 it/s
step   24850 | cos 0.5396 | thought 0.9381 dec_ce 1.4303 | 3.7 it/s
step   24900 | cos 0.5404 | thought 0.9153 dec_ce 1.3452 | 3.7 it/s
step   24950 | cos 0.5384 | thought 0.9534 dec_ce 1.5557 | 3.6 it/s
step   25000 | cos 0.5377 | thought 0.931 dec_ce 1.6417 | 3.7 it/s
step   25000 | VAL cos 0.5483 | VAL dec CE 2.8159
step   25050 | cos 0.5369 | compress_ce 0.0 | 3.1 it/s
step   25100 | cos 0.5383 | compress_ce 1.5216 | 3.8 it/s
step   25150 | cos 0.5342 | compress_ce 0.0 | 3.5 it/s
step   25200 | cos 0.5392 | compress_ce 0.0 | 3.6 it/s
step   25250 | cos 0.5407 | thought 0.9089 dec_ce 1.6076 | 3.6 it/s
step   25300 | cos 0.5357 | thought 0.9327 dec_ce 1.4599 | 3.6 it/s
step   25350 | cos 0.5410 | compress_ce 0.0006 | 3.8 it/s
step   25400 | cos 0.5433 | compress_ce 0.0 | 3.7 it/s
step   25450 | cos 0.5384 | compress_ce 0.0 | 3.7 it/s
step   25500 | cos 0.5373 | thought 0.9576 dec_ce 1.5491 | 3.7 it/s
step   25500 | VAL cos 0.5491 | VAL dec CE 2.8128
step   25550 | cos 0.5450 | compress_ce 0.0024 | 3.1 it/s
step   25600 | cos 0.5358 | compress_ce 0.0 | 3.7 it/s
step   25650 | cos 0.5402 | thought 0.9359 dec_ce 1.5233 | 3.6 it/s
step   25700 | cos 0.5385 | compress_ce 0.0001 | 3.8 it/s
step   25750 | cos 0.5379 | thought 0.9563 dec_ce 1.6445 | 3.7 it/s
step   25800 | cos 0.5361 | thought 0.9672 dec_ce 1.9428 | 3.7 it/s
step   25850 | cos 0.5391 | thought 0.9128 dec_ce 1.5863 | 3.6 it/s
step   25900 | cos 0.5378 | thought 0.9373 dec_ce 1.6502 | 3.7 it/s
wall-clock cap reached at step 25948

Run 'R4_UNFREEZE' done: 25948 steps | final val cos 0.5485 | dec CE 2.8142
/home/nochi/vault/projects/ThoughtVectors/thoughtvec/.venv/lib/python3.12/site-packages/torch/nn/modules/transformer.py:392: UserWarning: enable_nested_tensor is True, but self.use_nested_tensor is False because encoder_layer.norm_first was True
  warnings.warn(
{"ckpt": "checkpoints/R4_UNFREEZE/best.pt", "val_cos": 0.4077, "val_dec_ce": 3.1093, "ref_f1": 0.271, "distinct1": 0.0159, "distinct2": 0.0599, "len_ratio": 1.161, "out_vectors": 8.0, "rows": 1024}
--- round-trip guard R4_UNFREEZE ---
/home/nochi/vault/projects/ThoughtVectors/thoughtvec/.venv/lib/python3.12/site-packages/torch/nn/modules/transformer.py:392: UserWarning: enable_nested_tensor is True, but self.use_nested_tensor is False because encoder_layer.norm_first was True
  warnings.warn(
{
  "ckpt": "checkpoints/R4_UNFREEZE/best.pt",
  "verdict": "PASS",
  "worst_delta": 0.0,
  "tol": 0.05,
  "per_prefix": [
    {
      "k": 2,
      "frozen_ce": 4.9181,
      "modified_ce": 4.9141,
      "delta": -0.004
    },
    {
      "k": 8,
      "frozen_ce": 2.6382,
      "modified_ce": 2.6082,
      "delta": -0.0301
    },
    {
      "k": 128,
      "frozen_ce": 0.0,
      "modified_ce": 0.0,
      "delta": 0.0
    },
    {
      "k": 256,
      "frozen_ce": 0.0,
      "modified_ce": 0.0,
      "delta": 0.0
    }
  ]
}
=== thinker ablation R4_ROLEFLIP (7200s): thinker.n_hypotheses=4 thinker.w_decoder=0.5 thinker.k_ctx=8 thinker.k_out=8 thinker.k_out_random_prefix=true thinker.k_out_min=4 data.shard_dir=data/dialogue_combined thinker.role_flip=true ===
/home/nochi/vault/projects/ThoughtVectors/thoughtvec/.venv/lib/python3.12/site-packages/torch/nn/modules/transformer.py:392: UserWarning: enable_nested_tensor is True, but self.use_nested_tensor is False because encoder_layer.norm_first was True
  warnings.warn(
thinker params: 15.10M (codec d=384, frozen=True)
step      50 | cos 0.0364 | thought 2.526 dec_ce 2.6393 | 4.3 it/s
step     100 | cos 0.0946 | thought 2.3029 dec_ce 2.4334 | 4.6 it/s
step     150 | cos 0.1771 | thought 2.112 dec_ce 2.2928 | 4.6 it/s
step     200 | cos 0.2252 | thought 2.0852 dec_ce 2.4523 | 4.6 it/s
step     250 | cos 0.2451 | thought 2.0304 dec_ce 2.3365 | 4.6 it/s
step     300 | cos 0.2576 | thought 1.9549 dec_ce 2.248 | 4.7 it/s
step     350 | cos 0.2685 | thought 1.8849 dec_ce 2.1472 | 4.7 it/s
step     400 | cos 0.2767 | thought 1.9172 dec_ce 2.3787 | 4.7 it/s
step     450 | cos 0.2985 | thought 1.8047 dec_ce 2.266 | 4.6 it/s
step     500 | cos 0.3178 | thought 1.7581 dec_ce 2.1365 | 4.8 it/s
step     500 | VAL cos 0.3423 | VAL dec CE 4.2114
step     550 | cos 0.3388 | thought 1.6552 dec_ce 2.1556 | 3.9 it/s
step     600 | cos 0.3733 | thought 1.5493 dec_ce 2.0416 | 4.6 it/s
step     650 | cos 0.3949 | thought 1.5136 dec_ce 2.1576 | 4.6 it/s
step     700 | cos 0.4135 | thought 1.5336 dec_ce 2.2442 | 4.8 it/s
step     750 | cos 0.4223 | thought 1.452 dec_ce 2.3447 | 4.7 it/s
step     800 | cos 0.4284 | thought 1.4236 dec_ce 2.0453 | 4.6 it/s
step     850 | cos 0.4411 | thought 1.4173 dec_ce 2.2396 | 4.6 it/s
step     900 | cos 0.4490 | thought 1.4462 dec_ce 2.3316 | 4.6 it/s
step     950 | cos 0.4537 | thought 1.4299 dec_ce 2.2811 | 4.8 it/s
step    1000 | cos 0.4532 | thought 1.3552 dec_ce 2.1239 | 4.5 it/s
step    1000 | VAL cos 0.4733 | VAL dec CE 4.1049
step    1050 | cos 0.4581 | thought 1.3433 dec_ce 2.1486 | 3.7 it/s
step    1100 | cos 0.4625 | thought 1.3772 dec_ce 2.2622 | 4.5 it/s
step    1150 | cos 0.4618 | thought 1.296 dec_ce 2.0938 | 4.5 it/s
step    1200 | cos 0.4654 | thought 1.2636 dec_ce 2.1842 | 4.6 it/s
step    1250 | cos 0.4652 | thought 1.2642 dec_ce 2.1545 | 4.6 it/s
step    1300 | cos 0.4689 | thought 1.252 dec_ce 2.2078 | 4.7 it/s
step    1350 | cos 0.4683 | thought 1.2929 dec_ce 2.1384 | 4.6 it/s
step    1400 | cos 0.4712 | thought 1.2545 dec_ce 2.1015 | 4.6 it/s
step    1450 | cos 0.4684 | thought 1.2069 dec_ce 2.1417 | 4.5 it/s
step    1500 | cos 0.4719 | thought 1.2222 dec_ce 2.182 | 4.6 it/s
step    1500 | VAL cos 0.4874 | VAL dec CE 4.0283
step    1550 | cos 0.4734 | thought 1.1398 dec_ce 2.0018 | 3.6 it/s
step    1600 | cos 0.4772 | thought 1.1455 dec_ce 2.0331 | 4.7 it/s
step    1650 | cos 0.4754 | thought 1.1097 dec_ce 1.9961 | 4.6 it/s
step    1700 | cos 0.4774 | thought 1.144 dec_ce 2.054 | 4.6 it/s
step    1750 | cos 0.4806 | thought 1.1219 dec_ce 2.064 | 4.7 it/s
step    1800 | cos 0.4772 | thought 1.1384 dec_ce 2.3258 | 4.5 it/s
step    1850 | cos 0.4773 | thought 1.1657 dec_ce 2.1772 | 4.8 it/s
step    1900 | cos 0.4766 | thought 1.0861 dec_ce 2.1195 | 4.6 it/s
step    1950 | cos 0.4799 | thought 1.1211 dec_ce 2.2241 | 4.6 it/s
step    2000 | cos 0.4793 | thought 1.0672 dec_ce 2.1111 | 4.6 it/s
step    2000 | VAL cos 0.4932 | VAL dec CE 4.0030
step    2050 | cos 0.4792 | thought 1.0606 dec_ce 2.0228 | 3.6 it/s
step    2100 | cos 0.4824 | thought 1.0973 dec_ce 2.1199 | 4.5 it/s
step    2150 | cos 0.4813 | thought 1.1282 dec_ce 2.2462 | 4.7 it/s
step    2200 | cos 0.4812 | thought 1.0785 dec_ce 2.1174 | 4.6 it/s
step    2250 | cos 0.4836 | thought 1.0391 dec_ce 2.1431 | 4.7 it/s
step    2300 | cos 0.4827 | thought 1.047 dec_ce 2.1615 | 4.6 it/s
step    2350 | cos 0.4826 | thought 1.0653 dec_ce 2.2146 | 4.6 it/s
step    2400 | cos 0.4830 | thought 1.1032 dec_ce 2.1917 | 4.7 it/s
step    2450 | cos 0.4833 | thought 1.0584 dec_ce 2.2367 | 4.7 it/s
step    2500 | cos 0.4865 | thought 1.016 dec_ce 2.02 | 4.7 it/s
step    2500 | VAL cos 0.4985 | VAL dec CE 3.9909
step    2550 | cos 0.4824 | thought 1.0218 dec_ce 2.1071 | 3.6 it/s
step    2600 | cos 0.4885 | thought 1.0088 dec_ce 1.9996 | 4.6 it/s
step    2650 | cos 0.4876 | thought 1.0643 dec_ce 2.1981 | 4.6 it/s
step    2700 | cos 0.4873 | thought 1.0534 dec_ce 2.2287 | 4.5 it/s
step    2750 | cos 0.4888 | thought 1.0257 dec_ce 2.0199 | 4.7 it/s
step    2800 | cos 0.4877 | thought 1.0007 dec_ce 2.0801 | 4.6 it/s
step    2850 | cos 0.4902 | thought 1.0226 dec_ce 2.2632 | 4.6 it/s
step    2900 | cos 0.4918 | thought 1.0394 dec_ce 2.0615 | 4.6 it/s
step    2950 | cos 0.4885 | thought 0.991 dec_ce 1.9943 | 4.5 it/s
step    3000 | cos 0.4858 | thought 1.0337 dec_ce 2.0906 | 4.5 it/s
step    3000 | VAL cos 0.5024 | VAL dec CE 3.9968
step    3050 | cos 0.4898 | thought 0.9678 dec_ce 1.8893 | 3.7 it/s
step    3100 | cos 0.4913 | thought 1.0093 dec_ce 2.1685 | 4.7 it/s
step    3150 | cos 0.4922 | thought 1.0637 dec_ce 2.3712 | 4.6 it/s
step    3200 | cos 0.4917 | thought 1.0045 dec_ce 2.0633 | 4.6 it/s
step    3250 | cos 0.4902 | thought 1.027 dec_ce 2.0979 | 4.5 it/s
step    3300 | cos 0.4932 | thought 1.0418 dec_ce 2.1955 | 4.6 it/s
step    3350 | cos 0.4893 | thought 1.0578 dec_ce 2.0629 | 4.6 it/s
step    3400 | cos 0.4915 | thought 1.0108 dec_ce 2.0559 | 4.6 it/s
step    3450 | cos 0.4933 | thought 1.013 dec_ce 2.081 | 4.5 it/s
step    3500 | cos 0.4908 | thought 1.0393 dec_ce 2.0402 | 4.6 it/s
step    3500 | VAL cos 0.5042 | VAL dec CE 4.0220
step    3550 | cos 0.4891 | thought 1.0121 dec_ce 2.1634 | 3.6 it/s
step    3600 | cos 0.4927 | thought 1.024 dec_ce 2.2399 | 4.6 it/s
step    3650 | cos 0.4894 | thought 1.0079 dec_ce 2.0506 | 4.6 it/s
step    3700 | cos 0.4940 | thought 1.0156 dec_ce 2.0697 | 4.6 it/s
step    3750 | cos 0.4938 | thought 1.0351 dec_ce 2.1524 | 4.7 it/s
step    3800 | cos 0.4944 | thought 1.0077 dec_ce 2.0443 | 4.6 it/s
step    3850 | cos 0.4909 | thought 1.0452 dec_ce 2.3113 | 4.6 it/s
step    3900 | cos 0.4957 | thought 1.0497 dec_ce 2.1945 | 4.7 it/s
step    3950 | cos 0.4940 | thought 0.9856 dec_ce 2.1488 | 4.6 it/s
step    4000 | cos 0.4941 | thought 1.0731 dec_ce 2.1357 | 4.6 it/s
step    4000 | VAL cos 0.5045 | VAL dec CE 3.9643
step    4050 | cos 0.4941 | thought 1.0639 dec_ce 2.3449 | 3.7 it/s
step    4100 | cos 0.4943 | thought 1.0134 dec_ce 2.0891 | 4.7 it/s
step    4150 | cos 0.4940 | thought 0.961 dec_ce 1.963 | 4.5 it/s
step    4200 | cos 0.4931 | thought 1.0062 dec_ce 2.1126 | 4.6 it/s
step    4250 | cos 0.4932 | thought 1.0571 dec_ce 2.2569 | 4.7 it/s
step    4300 | cos 0.4952 | thought 0.9984 dec_ce 2.2283 | 4.7 it/s
step    4350 | cos 0.4926 | thought 1.0074 dec_ce 2.0033 | 4.7 it/s
step    4400 | cos 0.4965 | thought 0.9984 dec_ce 2.0781 | 4.6 it/s
step    4450 | cos 0.4955 | thought 1.0583 dec_ce 2.2381 | 4.7 it/s
step    4500 | cos 0.4977 | thought 1.0377 dec_ce 2.1421 | 4.7 it/s
step    4500 | VAL cos 0.5072 | VAL dec CE 3.9744
step    4550 | cos 0.4942 | thought 1.009 dec_ce 1.9944 | 3.8 it/s
step    4600 | cos 0.4952 | thought 1.0055 dec_ce 2.1433 | 4.6 it/s
step    4650 | cos 0.4975 | thought 0.9781 dec_ce 2.0846 | 4.5 it/s
step    4700 | cos 0.4946 | thought 1.0341 dec_ce 2.162 | 4.6 it/s
step    4750 | cos 0.4994 | thought 1.0079 dec_ce 1.9473 | 4.7 it/s
step    4800 | cos 0.4958 | thought 1.026 dec_ce 2.1861 | 4.8 it/s
step    4850 | cos 0.4985 | thought 1.0311 dec_ce 2.0743 | 4.6 it/s
step    4900 | cos 0.4972 | thought 0.9807 dec_ce 1.9866 | 4.5 it/s
step    4950 | cos 0.4948 | thought 1.0529 dec_ce 2.3174 | 4.6 it/s
step    5000 | cos 0.4991 | thought 1.025 dec_ce 2.1232 | 4.8 it/s
step    5000 | VAL cos 0.5078 | VAL dec CE 3.9560
step    5050 | cos 0.4978 | thought 1.0156 dec_ce 2.2572 | 3.6 it/s
step    5100 | cos 0.4956 | thought 1.0515 dec_ce 2.1882 | 4.6 it/s
step    5150 | cos 0.4966 | thought 1.0158 dec_ce 2.1737 | 4.5 it/s
step    5200 | cos 0.4986 | thought 1.0132 dec_ce 2.1062 | 4.5 it/s
step    5250 | cos 0.4967 | thought 0.9829 dec_ce 2.0498 | 4.7 it/s
step    5300 | cos 0.4954 | thought 1.0138 dec_ce 2.2092 | 4.5 it/s
step    5350 | cos 0.4992 | thought 1.0436 dec_ce 2.1887 | 4.7 it/s
step    5400 | cos 0.4943 | thought 1.0077 dec_ce 2.1632 | 4.5 it/s
step    5450 | cos 0.4970 | thought 1.0328 dec_ce 2.0456 | 4.6 it/s
step    5500 | cos 0.4960 | thought 1.0105 dec_ce 2.1395 | 4.7 it/s
step    5500 | VAL cos 0.5085 | VAL dec CE 3.9515
step    5550 | cos 0.4955 | thought 1.0326 dec_ce 2.1035 | 3.7 it/s
step    5600 | cos 0.4969 | thought 1.0279 dec_ce 2.2515 | 4.6 it/s
step    5650 | cos 0.4971 | thought 1.0204 dec_ce 2.0894 | 4.6 it/s
step    5700 | cos 0.4957 | thought 0.9933 dec_ce 2.0108 | 4.6 it/s
step    5750 | cos 0.4967 | thought 1.0593 dec_ce 2.257 | 4.6 it/s
step    5800 | cos 0.4942 | thought 1.0215 dec_ce 2.2415 | 4.6 it/s
step    5850 | cos 0.4972 | thought 1.0558 dec_ce 2.1229 | 4.6 it/s
step    5900 | cos 0.4984 | thought 1.0069 dec_ce 2.1296 | 4.8 it/s
step    5950 | cos 0.4991 | thought 1.0371 dec_ce 2.2331 | 4.6 it/s
step    6000 | cos 0.4971 | thought 0.9882 dec_ce 1.9671 | 4.6 it/s
step    6000 | VAL cos 0.5089 | VAL dec CE 3.9441
step    6050 | cos 0.4965 | thought 1.0151 dec_ce 2.219 | 3.6 it/s
step    6100 | cos 0.4994 | thought 0.955 dec_ce 1.9826 | 4.6 it/s
step    6150 | cos 0.5000 | thought 1.017 dec_ce 2.1144 | 4.8 it/s
step    6200 | cos 0.4992 | thought 1.0172 dec_ce 2.1317 | 4.7 it/s
step    6250 | cos 0.5007 | thought 1.0087 dec_ce 2.0219 | 4.7 it/s
step    6300 | cos 0.4977 | thought 1.005 dec_ce 2.121 | 4.6 it/s
step    6350 | cos 0.5005 | thought 1.0097 dec_ce 2.109 | 4.6 it/s
step    6400 | cos 0.5003 | thought 0.9549 dec_ce 1.9915 | 4.7 it/s
step    6450 | cos 0.5007 | thought 1.0723 dec_ce 2.2369 | 4.6 it/s
step    6500 | cos 0.4995 | thought 0.9821 dec_ce 2.1049 | 4.6 it/s
step    6500 | VAL cos 0.5088 | VAL dec CE 3.9424
step    6550 | cos 0.4948 | thought 1.0144 dec_ce 2.1068 | 3.6 it/s
step    6600 | cos 0.4985 | thought 1.0332 dec_ce 2.1458 | 4.7 it/s
step    6650 | cos 0.4970 | thought 1.0 dec_ce 1.9631 | 4.5 it/s
step    6700 | cos 0.4999 | thought 0.9738 dec_ce 2.1149 | 4.7 it/s
step    6750 | cos 0.4978 | thought 0.9858 dec_ce 2.0795 | 4.7 it/s
step    6800 | cos 0.4978 | thought 1.0474 dec_ce 2.2075 | 4.6 it/s
step    6850 | cos 0.4979 | thought 1.0057 dec_ce 2.0079 | 4.6 it/s
step    6900 | cos 0.5024 | thought 1.0182 dec_ce 2.1031 | 4.7 it/s
step    6950 | cos 0.4979 | thought 1.0312 dec_ce 2.0357 | 4.7 it/s
step    7000 | cos 0.5003 | thought 1.0406 dec_ce 2.4119 | 4.6 it/s
step    7000 | VAL cos 0.5110 | VAL dec CE 3.9408
step    7050 | cos 0.4942 | thought 0.9599 dec_ce 1.8845 | 3.6 it/s
step    7100 | cos 0.5044 | thought 0.9522 dec_ce 2.0862 | 4.7 it/s
step    7150 | cos 0.5024 | thought 1.0157 dec_ce 2.0196 | 4.6 it/s
step    7200 | cos 0.4996 | thought 1.0305 dec_ce 2.1093 | 4.7 it/s
step    7250 | cos 0.4988 | thought 1.0737 dec_ce 2.3748 | 4.5 it/s
step    7300 | cos 0.5011 | thought 0.9872 dec_ce 2.0925 | 4.6 it/s
step    7350 | cos 0.5025 | thought 0.9693 dec_ce 1.9171 | 4.8 it/s
step    7400 | cos 0.5027 | thought 0.9579 dec_ce 1.9159 | 4.7 it/s
step    7450 | cos 0.4987 | thought 0.9946 dec_ce 2.1158 | 4.5 it/s
step    7500 | cos 0.5023 | thought 0.9878 dec_ce 2.1279 | 4.5 it/s
step    7500 | VAL cos 0.5114 | VAL dec CE 3.9607
step    7550 | cos 0.5016 | thought 0.997 dec_ce 2.0808 | 3.8 it/s
step    7600 | cos 0.5011 | thought 1.0178 dec_ce 2.2098 | 4.6 it/s
step    7650 | cos 0.5006 | thought 1.0214 dec_ce 2.2009 | 4.6 it/s
step    7700 | cos 0.4983 | thought 1.0175 dec_ce 2.0687 | 4.7 it/s
step    7750 | cos 0.4983 | thought 1.0005 dec_ce 2.008 | 4.7 it/s
step    7800 | cos 0.4984 | thought 1.0417 dec_ce 2.1219 | 4.6 it/s
step    7850 | cos 0.4998 | thought 1.0248 dec_ce 2.1034 | 4.6 it/s
step    7900 | cos 0.4986 | thought 1.0702 dec_ce 2.3169 | 4.7 it/s
step    7950 | cos 0.5013 | thought 0.9996 dec_ce 2.1109 | 4.6 it/s
step    8000 | cos 0.5003 | thought 0.9611 dec_ce 1.9895 | 4.6 it/s
step    8000 | VAL cos 0.5098 | VAL dec CE 3.9380
step    8050 | cos 0.5026 | thought 0.9693 dec_ce 2.0167 | 3.7 it/s
step    8100 | cos 0.5040 | thought 0.9699 dec_ce 2.0142 | 4.8 it/s
step    8150 | cos 0.5007 | thought 0.9665 dec_ce 1.9217 | 4.7 it/s
step    8200 | cos 0.5011 | thought 0.9501 dec_ce 2.0262 | 4.6 it/s
step    8250 | cos 0.5041 | thought 0.9529 dec_ce 1.9332 | 4.5 it/s
step    8300 | cos 0.5008 | thought 1.0103 dec_ce 2.1596 | 4.6 it/s
step    8350 | cos 0.5011 | thought 0.975 dec_ce 1.9706 | 4.6 it/s
step    8400 | cos 0.5000 | thought 1.009 dec_ce 2.1755 | 4.6 it/s
step    8450 | cos 0.5006 | thought 1.0154 dec_ce 2.0055 | 4.7 it/s
step    8500 | cos 0.5014 | thought 0.9986 dec_ce 2.0808 | 4.6 it/s
step    8500 | VAL cos 0.5124 | VAL dec CE 3.9273
step    8550 | cos 0.4973 | thought 1.0291 dec_ce 2.1432 | 3.7 it/s
step    8600 | cos 0.5008 | thought 0.9505 dec_ce 1.9344 | 4.6 it/s
step    8650 | cos 0.5013 | thought 1.038 dec_ce 2.2102 | 4.8 it/s
step    8700 | cos 0.5018 | thought 1.0235 dec_ce 2.0813 | 4.6 it/s
step    8750 | cos 0.5032 | thought 0.9504 dec_ce 2.1023 | 4.7 it/s
step    8800 | cos 0.5016 | thought 0.9881 dec_ce 2.136 | 4.6 it/s
step    8850 | cos 0.5013 | thought 0.9994 dec_ce 2.2407 | 4.6 it/s
step    8900 | cos 0.5024 | thought 1.0034 dec_ce 2.2288 | 4.7 it/s
step    8950 | cos 0.4994 | thought 1.0333 dec_ce 1.9871 | 4.6 it/s
step    9000 | cos 0.5025 | thought 1.017 dec_ce 2.0293 | 4.7 it/s
step    9000 | VAL cos 0.5129 | VAL dec CE 3.9463
step    9050 | cos 0.5020 | thought 1.0006 dec_ce 2.1114 | 3.8 it/s
step    9100 | cos 0.5018 | thought 0.9793 dec_ce 1.9998 | 4.6 it/s
step    9150 | cos 0.5048 | thought 1.019 dec_ce 2.2019 | 4.6 it/s
step    9200 | cos 0.5043 | thought 0.9909 dec_ce 2.0526 | 4.8 it/s
step    9250 | cos 0.5030 | thought 1.0483 dec_ce 2.2533 | 4.7 it/s
step    9300 | cos 0.5034 | thought 1.0226 dec_ce 2.1379 | 4.7 it/s
step    9350 | cos 0.5041 | thought 0.9849 dec_ce 2.0521 | 4.7 it/s
step    9400 | cos 0.5008 | thought 1.002 dec_ce 2.0919 | 4.5 it/s
step    9450 | cos 0.5002 | thought 1.0272 dec_ce 2.2313 | 4.7 it/s
step    9500 | cos 0.5014 | thought 0.968 dec_ce 2.0881 | 4.6 it/s
step    9500 | VAL cos 0.5129 | VAL dec CE 3.9207
step    9550 | cos 0.5033 | thought 1.0041 dec_ce 2.0004 | 3.6 it/s
step    9600 | cos 0.5013 | thought 1.0334 dec_ce 2.062 | 4.6 it/s
step    9650 | cos 0.5042 | thought 1.0279 dec_ce 2.2046 | 4.6 it/s
step    9700 | cos 0.5029 | thought 1.0339 dec_ce 2.1218 | 4.6 it/s
step    9750 | cos 0.5034 | thought 0.9621 dec_ce 1.8271 | 4.7 it/s
step    9800 | cos 0.4998 | thought 0.9857 dec_ce 1.9493 | 4.7 it/s
step    9850 | cos 0.5030 | thought 1.0211 dec_ce 2.1153 | 4.7 it/s
step    9900 | cos 0.5035 | thought 1.0441 dec_ce 2.2336 | 4.6 it/s
step    9950 | cos 0.5020 | thought 0.9765 dec_ce 2.0317 | 4.7 it/s
step   10000 | cos 0.4995 | thought 0.9603 dec_ce 1.9256 | 4.7 it/s
step   10000 | VAL cos 0.5143 | VAL dec CE 3.9259
step   10050 | cos 0.5041 | thought 0.9542 dec_ce 1.9089 | 3.6 it/s
step   10100 | cos 0.5033 | thought 0.9706 dec_ce 1.9947 | 4.7 it/s
step   10150 | cos 0.5001 | thought 0.958 dec_ce 2.0615 | 4.6 it/s
step   10200 | cos 0.5038 | thought 1.0136 dec_ce 2.0473 | 4.6 it/s
step   10250 | cos 0.5010 | thought 0.9345 dec_ce 2.0398 | 4.6 it/s
step   10300 | cos 0.5003 | thought 1.0212 dec_ce 2.1542 | 4.6 it/s
step   10350 | cos 0.5053 | thought 1.0154 dec_ce 2.103 | 4.6 it/s
step   10400 | cos 0.4997 | thought 0.9791 dec_ce 2.0545 | 4.5 it/s
step   10450 | cos 0.4992 | thought 1.0356 dec_ce 2.0657 | 4.6 it/s
step   10500 | cos 0.5023 | thought 1.0453 dec_ce 2.2825 | 4.6 it/s
step   10500 | VAL cos 0.5148 | VAL dec CE 3.9230
step   10550 | cos 0.5014 | thought 1.0485 dec_ce 2.0855 | 3.7 it/s
step   10600 | cos 0.5027 | thought 0.9894 dec_ce 2.1143 | 4.5 it/s
step   10650 | cos 0.5044 | thought 1.017 dec_ce 2.2717 | 4.7 it/s
step   10700 | cos 0.5021 | thought 1.0111 dec_ce 2.1907 | 4.6 it/s
step   10750 | cos 0.5059 | thought 0.9863 dec_ce 1.979 | 4.6 it/s
step   10800 | cos 0.5044 | thought 1.0269 dec_ce 2.1748 | 4.7 it/s
step   10850 | cos 0.5023 | thought 1.015 dec_ce 2.2902 | 4.5 it/s
step   10900 | cos 0.5038 | thought 0.951 dec_ce 1.9487 | 4.5 it/s
step   10950 | cos 0.5042 | thought 1.0308 dec_ce 2.186 | 4.6 it/s
step   11000 | cos 0.5028 | thought 1.0338 dec_ce 2.2772 | 4.6 it/s
step   11000 | VAL cos 0.5154 | VAL dec CE 3.9202
step   11050 | cos 0.5050 | thought 0.9809 dec_ce 2.0236 | 3.7 it/s
step   11100 | cos 0.5005 | thought 1.0621 dec_ce 2.2349 | 4.6 it/s
step   11150 | cos 0.5032 | thought 0.9973 dec_ce 2.0331 | 4.6 it/s
step   11200 | cos 0.5062 | thought 0.9511 dec_ce 1.9253 | 4.6 it/s
step   11250 | cos 0.5047 | thought 0.9901 dec_ce 1.987 | 4.7 it/s
step   11300 | cos 0.5044 | thought 1.0354 dec_ce 2.106 | 4.8 it/s
step   11350 | cos 0.5060 | thought 0.9563 dec_ce 1.9374 | 4.7 it/s
step   11400 | cos 0.5044 | thought 0.9814 dec_ce 1.9552 | 4.6 it/s
step   11450 | cos 0.5029 | thought 1.0103 dec_ce 2.0943 | 4.5 it/s
step   11500 | cos 0.5029 | thought 0.9793 dec_ce 1.9938 | 4.6 it/s
step   11500 | VAL cos 0.5148 | VAL dec CE 3.9049
step   11550 | cos 0.5073 | thought 1.0134 dec_ce 2.1209 | 3.8 it/s
step   11600 | cos 0.5009 | thought 1.0347 dec_ce 2.213 | 4.6 it/s
step   11650 | cos 0.5033 | thought 1.0031 dec_ce 2.0747 | 4.5 it/s
step   11700 | cos 0.5050 | thought 0.9596 dec_ce 1.8757 | 4.8 it/s
step   11750 | cos 0.5028 | thought 0.9822 dec_ce 2.1677 | 4.6 it/s
step   11800 | cos 0.5038 | thought 0.9687 dec_ce 1.9613 | 4.7 it/s
step   11850 | cos 0.5036 | thought 1.0434 dec_ce 2.0969 | 4.5 it/s
step   11900 | cos 0.5016 | thought 0.9739 dec_ce 1.9 | 4.6 it/s
step   11950 | cos 0.5047 | thought 1.0108 dec_ce 1.9585 | 4.6 it/s
step   12000 | cos 0.5103 | thought 1.01 dec_ce 2.1471 | 4.6 it/s
step   12000 | VAL cos 0.5151 | VAL dec CE 3.9094
step   12050 | cos 0.5053 | thought 1.023 dec_ce 2.1793 | 3.7 it/s
step   12100 | cos 0.5054 | thought 1.0155 dec_ce 2.0681 | 4.5 it/s
step   12150 | cos 0.5086 | thought 0.9598 dec_ce 1.8925 | 4.6 it/s
step   12200 | cos 0.5068 | thought 0.9805 dec_ce 2.0833 | 4.6 it/s
step   12250 | cos 0.5090 | thought 1.0067 dec_ce 1.9892 | 4.7 it/s
step   12300 | cos 0.5063 | thought 0.9935 dec_ce 2.0759 | 4.7 it/s
step   12350 | cos 0.5044 | thought 1.0045 dec_ce 2.0111 | 4.6 it/s
step   12400 | cos 0.5048 | thought 0.9631 dec_ce 1.9633 | 4.6 it/s
step   12450 | cos 0.5033 | thought 1.0004 dec_ce 2.0171 | 4.6 it/s
step   12500 | cos 0.5065 | thought 1.0669 dec_ce 2.0877 | 4.7 it/s
step   12500 | VAL cos 0.5136 | VAL dec CE 3.9007
step   12550 | cos 0.5073 | thought 0.9934 dec_ce 2.1077 | 3.7 it/s
step   12600 | cos 0.5074 | thought 1.0002 dec_ce 2.2033 | 4.7 it/s
step   12650 | cos 0.5058 | thought 1.0052 dec_ce 2.1134 | 4.7 it/s
step   12700 | cos 0.5086 | thought 0.987 dec_ce 2.0964 | 4.7 it/s
step   12750 | cos 0.5089 | thought 1.0326 dec_ce 2.176 | 4.5 it/s
step   12800 | cos 0.5061 | thought 1.0262 dec_ce 2.1388 | 4.6 it/s
step   12850 | cos 0.5051 | thought 1.0105 dec_ce 2.1389 | 4.6 it/s
step   12900 | cos 0.5117 | thought 0.988 dec_ce 2.1916 | 4.8 it/s
step   12950 | cos 0.5085 | thought 1.0069 dec_ce 2.0244 | 4.7 it/s
step   13000 | cos 0.5077 | thought 0.9656 dec_ce 1.9916 | 4.6 it/s
step   13000 | VAL cos 0.5181 | VAL dec CE 3.9191
step   13050 | cos 0.5082 | thought 1.0411 dec_ce 2.262 | 3.8 it/s
step   13100 | cos 0.5070 | thought 0.9694 dec_ce 1.9802 | 4.7 it/s
step   13150 | cos 0.5070 | thought 1.0264 dec_ce 2.1294 | 4.7 it/s
step   13200 | cos 0.5112 | thought 1.0062 dec_ce 2.1095 | 4.6 it/s
step   13250 | cos 0.5046 | thought 0.9934 dec_ce 1.9455 | 4.7 it/s
step   13300 | cos 0.5087 | thought 1.0063 dec_ce 2.0502 | 4.6 it/s
step   13350 | cos 0.5047 | thought 0.9846 dec_ce 2.1457 | 4.7 it/s
step   13400 | cos 0.5078 | thought 0.9891 dec_ce 2.084 | 4.6 it/s
step   13450 | cos 0.5072 | thought 0.9938 dec_ce 2.1858 | 4.6 it/s
step   13500 | cos 0.5080 | thought 0.9855 dec_ce 2.0184 | 4.6 it/s
step   13500 | VAL cos 0.5155 | VAL dec CE 3.9072
step   13550 | cos 0.5085 | thought 0.9852 dec_ce 1.9673 | 3.7 it/s
step   13600 | cos 0.5057 | thought 1.0396 dec_ce 2.2032 | 4.6 it/s
step   13650 | cos 0.5073 | thought 0.9875 dec_ce 2.2034 | 4.5 it/s
step   13700 | cos 0.5094 | thought 0.9513 dec_ce 1.906 | 4.7 it/s
step   13750 | cos 0.5069 | thought 0.9814 dec_ce 1.9193 | 4.5 it/s
step   13800 | cos 0.5055 | thought 0.9759 dec_ce 2.0019 | 4.5 it/s
step   13850 | cos 0.5068 | thought 0.9972 dec_ce 2.0986 | 4.6 it/s
step   13900 | cos 0.5064 | thought 1.0045 dec_ce 2.1038 | 4.6 it/s
step   13950 | cos 0.5056 | thought 1.0108 dec_ce 2.3382 | 4.5 it/s
step   14000 | cos 0.5092 | thought 1.0115 dec_ce 2.2446 | 4.6 it/s
step   14000 | VAL cos 0.5180 | VAL dec CE 3.8877
step   14050 | cos 0.5092 | thought 0.9751 dec_ce 2.1024 | 3.7 it/s
step   14100 | cos 0.5046 | thought 1.0082 dec_ce 2.0813 | 4.6 it/s
step   14150 | cos 0.5085 | thought 0.9547 dec_ce 2.1019 | 4.6 it/s
step   14200 | cos 0.5061 | thought 0.9601 dec_ce 2.0243 | 4.7 it/s
step   14250 | cos 0.5028 | thought 0.9677 dec_ce 2.0212 | 4.5 it/s
step   14300 | cos 0.5065 | thought 0.9767 dec_ce 1.9941 | 4.6 it/s
step   14350 | cos 0.5066 | thought 0.9785 dec_ce 2.0367 | 4.7 it/s
step   14400 | cos 0.5099 | thought 0.9692 dec_ce 2.0268 | 4.6 it/s
step   14450 | cos 0.5065 | thought 1.0084 dec_ce 2.0892 | 4.5 it/s
step   14500 | cos 0.5085 | thought 0.9826 dec_ce 2.1894 | 4.6 it/s
step   14500 | VAL cos 0.5164 | VAL dec CE 3.8907
step   14550 | cos 0.5095 | thought 0.9998 dec_ce 2.3025 | 3.8 it/s
step   14600 | cos 0.5092 | thought 0.9943 dec_ce 2.0745 | 4.7 it/s
step   14650 | cos 0.5108 | thought 0.9985 dec_ce 2.0906 | 4.6 it/s
step   14700 | cos 0.5092 | thought 1.0162 dec_ce 1.996 | 4.6 it/s
step   14750 | cos 0.5077 | thought 1.0153 dec_ce 2.0162 | 4.5 it/s
step   14800 | cos 0.5077 | thought 0.9854 dec_ce 2.0847 | 4.6 it/s
step   14850 | cos 0.5089 | thought 1.0235 dec_ce 2.032 | 4.7 it/s
step   14900 | cos 0.5088 | thought 0.9703 dec_ce 2.1321 | 4.7 it/s
step   14950 | cos 0.5117 | thought 0.9603 dec_ce 1.9683 | 4.7 it/s
step   15000 | cos 0.5059 | thought 0.9943 dec_ce 2.1244 | 4.5 it/s
step   15000 | VAL cos 0.5175 | VAL dec CE 3.8879
step   15050 | cos 0.5071 | thought 0.9736 dec_ce 2.0551 | 3.7 it/s
step   15100 | cos 0.5085 | thought 0.9923 dec_ce 2.0872 | 4.6 it/s
step   15150 | cos 0.5100 | thought 0.9509 dec_ce 1.9277 | 4.7 it/s
step   15200 | cos 0.5106 | thought 0.9735 dec_ce 1.9381 | 4.7 it/s
step   15250 | cos 0.5104 | thought 0.9759 dec_ce 2.0903 | 4.7 it/s
step   15300 | cos 0.5117 | thought 0.9816 dec_ce 1.9426 | 4.8 it/s
step   15350 | cos 0.5087 | thought 1.0147 dec_ce 2.0521 | 4.5 it/s
step   15400 | cos 0.5056 | thought 1.0094 dec_ce 2.1477 | 4.6 it/s
step   15450 | cos 0.5105 | thought 0.9522 dec_ce 1.8655 | 4.7 it/s
step   15500 | cos 0.5110 | thought 1.0025 dec_ce 2.1212 | 4.6 it/s
step   15500 | VAL cos 0.5167 | VAL dec CE 3.8831
step   15550 | cos 0.5071 | thought 1.0054 dec_ce 1.9304 | 3.7 it/s
step   15600 | cos 0.5090 | thought 1.0226 dec_ce 2.307 | 4.6 it/s
step   15650 | cos 0.5107 | thought 0.9856 dec_ce 2.052 | 4.6 it/s
step   15700 | cos 0.5060 | thought 0.9818 dec_ce 1.9623 | 4.5 it/s
step   15750 | cos 0.5101 | thought 0.9474 dec_ce 1.8557 | 4.7 it/s
step   15800 | cos 0.5091 | thought 0.9742 dec_ce 1.9554 | 4.7 it/s
step   15850 | cos 0.5072 | thought 0.9607 dec_ce 2.0458 | 4.6 it/s
step   15900 | cos 0.5086 | thought 0.9814 dec_ce 2.1237 | 4.7 it/s
step   15950 | cos 0.5065 | thought 0.978 dec_ce 2.028 | 4.7 it/s
step   16000 | cos 0.5103 | thought 0.938 dec_ce 1.9427 | 4.7 it/s
step   16000 | VAL cos 0.5191 | VAL dec CE 3.8792
step   16050 | cos 0.5100 | thought 0.9707 dec_ce 1.9646 | 3.7 it/s
step   16100 | cos 0.5071 | thought 1.0141 dec_ce 2.2682 | 4.6 it/s
step   16150 | cos 0.5096 | thought 0.979 dec_ce 1.8976 | 4.6 it/s
step   16200 | cos 0.5071 | thought 1.0407 dec_ce 2.0527 | 4.4 it/s
step   16250 | cos 0.5096 | thought 0.9993 dec_ce 1.9724 | 4.7 it/s
step   16300 | cos 0.5121 | thought 0.9757 dec_ce 2.0776 | 4.7 it/s
step   16350 | cos 0.5086 | thought 0.9506 dec_ce 1.9508 | 4.5 it/s
step   16400 | cos 0.5087 | thought 1.0334 dec_ce 2.3019 | 4.7 it/s
step   16450 | cos 0.5096 | thought 0.9888 dec_ce 2.0628 | 4.6 it/s
step   16500 | cos 0.5117 | thought 0.9822 dec_ce 2.1168 | 4.5 it/s
step   16500 | VAL cos 0.5190 | VAL dec CE 3.8845
step   16550 | cos 0.5094 | thought 1.0275 dec_ce 2.2727 | 3.8 it/s
step   16600 | cos 0.5090 | thought 0.9571 dec_ce 2.0491 | 4.6 it/s
step   16650 | cos 0.5107 | thought 0.9527 dec_ce 1.8787 | 4.6 it/s
step   16700 | cos 0.5114 | thought 0.985 dec_ce 1.9241 | 4.7 it/s
step   16750 | cos 0.5111 | thought 0.983 dec_ce 2.0091 | 4.6 it/s
step   16800 | cos 0.5103 | thought 0.9968 dec_ce 2.2025 | 4.6 it/s
step   16850 | cos 0.5088 | thought 1.008 dec_ce 1.8984 | 4.6 it/s
step   16900 | cos 0.5101 | thought 0.9576 dec_ce 1.9944 | 4.5 it/s
step   16950 | cos 0.5124 | thought 0.9872 dec_ce 1.9451 | 4.7 it/s
step   17000 | cos 0.5086 | thought 0.9544 dec_ce 1.9734 | 4.5 it/s
step   17000 | VAL cos 0.5193 | VAL dec CE 3.8781
step   17050 | cos 0.5073 | thought 1.0002 dec_ce 2.0455 | 3.7 it/s
step   17100 | cos 0.5130 | thought 0.9814 dec_ce 2.0929 | 4.6 it/s
step   17150 | cos 0.5096 | thought 0.983 dec_ce 1.9985 | 4.5 it/s
step   17200 | cos 0.5112 | thought 0.9386 dec_ce 1.8577 | 4.6 it/s
step   17250 | cos 0.5130 | thought 1.0001 dec_ce 2.0765 | 4.7 it/s
step   17300 | cos 0.5107 | thought 0.9346 dec_ce 1.86 | 4.6 it/s
step   17350 | cos 0.5062 | thought 1.0326 dec_ce 2.2385 | 4.5 it/s
step   17400 | cos 0.5105 | thought 0.9913 dec_ce 1.9954 | 4.6 it/s
step   17450 | cos 0.5113 | thought 1.002 dec_ce 2.111 | 4.6 it/s
step   17500 | cos 0.5091 | thought 1.0226 dec_ce 2.0737 | 4.6 it/s
step   17500 | VAL cos 0.5198 | VAL dec CE 3.8738
step   17550 | cos 0.5125 | thought 1.002 dec_ce 1.9769 | 3.8 it/s
step   17600 | cos 0.5122 | thought 0.9906 dec_ce 2.0249 | 4.7 it/s
step   17650 | cos 0.5091 | thought 0.9906 dec_ce 2.0789 | 4.6 it/s
step   17700 | cos 0.5076 | thought 0.973 dec_ce 2.0326 | 4.8 it/s
step   17750 | cos 0.5114 | thought 1.0128 dec_ce 2.2245 | 4.6 it/s
step   17800 | cos 0.5118 | thought 0.9772 dec_ce 2.0246 | 4.6 it/s
step   17850 | cos 0.5104 | thought 0.9887 dec_ce 1.9915 | 4.6 it/s
step   17900 | cos 0.5132 | thought 0.9879 dec_ce 2.0149 | 4.6 it/s
step   17950 | cos 0.5088 | thought 0.9258 dec_ce 1.9791 | 4.6 it/s
step   18000 | cos 0.5075 | thought 1.0505 dec_ce 2.0787 | 4.6 it/s
step   18000 | VAL cos 0.5204 | VAL dec CE 3.8695
step   18050 | cos 0.5122 | thought 0.9584 dec_ce 2.077 | 3.6 it/s
step   18100 | cos 0.5132 | thought 0.9593 dec_ce 2.0978 | 4.6 it/s
step   18150 | cos 0.5110 | thought 1.0038 dec_ce 2.0827 | 4.6 it/s
step   18200 | cos 0.5097 | thought 1.0126 dec_ce 2.121 | 4.6 it/s
step   18250 | cos 0.5122 | thought 0.9428 dec_ce 1.8763 | 4.6 it/s
step   18300 | cos 0.5128 | thought 1.0169 dec_ce 2.0954 | 4.6 it/s
step   18350 | cos 0.5132 | thought 0.9844 dec_ce 2.1396 | 4.6 it/s
step   18400 | cos 0.5092 | thought 1.0161 dec_ce 2.1984 | 4.6 it/s
step   18450 | cos 0.5116 | thought 0.9956 dec_ce 2.0287 | 4.6 it/s
step   18500 | cos 0.5086 | thought 1.025 dec_ce 2.1304 | 4.7 it/s
step   18500 | VAL cos 0.5213 | VAL dec CE 3.8730
step   18550 | cos 0.5117 | thought 0.9758 dec_ce 2.1776 | 3.8 it/s
step   18600 | cos 0.5064 | thought 1.0171 dec_ce 2.0848 | 4.6 it/s
step   18650 | cos 0.5158 | thought 0.9782 dec_ce 2.1319 | 4.6 it/s
step   18700 | cos 0.5099 | thought 0.9882 dec_ce 2.0161 | 4.5 it/s
step   18750 | cos 0.5117 | thought 0.9659 dec_ce 2.0566 | 4.6 it/s
step   18800 | cos 0.5153 | thought 1.0016 dec_ce 2.1777 | 4.6 it/s
step   18850 | cos 0.5124 | thought 0.9737 dec_ce 2.098 | 4.7 it/s
step   18900 | cos 0.5122 | thought 1.0146 dec_ce 2.0157 | 4.7 it/s
step   18950 | cos 0.5098 | thought 0.9964 dec_ce 2.0727 | 4.5 it/s
step   19000 | cos 0.5116 | thought 0.998 dec_ce 2.0181 | 4.7 it/s
step   19000 | VAL cos 0.5219 | VAL dec CE 3.8694
step   19050 | cos 0.5101 | thought 1.0006 dec_ce 1.995 | 3.7 it/s
step   19100 | cos 0.5139 | thought 0.9953 dec_ce 1.9543 | 4.7 it/s
step   19150 | cos 0.5140 | thought 0.9548 dec_ce 2.0004 | 4.5 it/s
step   19200 | cos 0.5112 | thought 0.9634 dec_ce 2.0667 | 4.6 it/s
step   19250 | cos 0.5133 | thought 0.9836 dec_ce 2.045 | 4.6 it/s
step   19300 | cos 0.5126 | thought 1.0269 dec_ce 2.1459 | 4.6 it/s
step   19350 | cos 0.5090 | thought 1.0223 dec_ce 2.1329 | 4.5 it/s
step   19400 | cos 0.5134 | thought 0.9976 dec_ce 2.0496 | 4.7 it/s
step   19450 | cos 0.5073 | thought 1.0196 dec_ce 2.0914 | 4.7 it/s
step   19500 | cos 0.5123 | thought 0.9726 dec_ce 2.0535 | 4.6 it/s
step   19500 | VAL cos 0.5221 | VAL dec CE 3.8720
step   19550 | cos 0.5103 | thought 1.0152 dec_ce 2.0053 | 3.8 it/s
step   19600 | cos 0.5111 | thought 0.957 dec_ce 2.0252 | 4.6 it/s
step   19650 | cos 0.5115 | thought 1.0025 dec_ce 1.9451 | 4.5 it/s
step   19700 | cos 0.5129 | thought 0.9691 dec_ce 1.9736 | 4.6 it/s
step   19750 | cos 0.5143 | thought 0.9752 dec_ce 2.0702 | 4.5 it/s
step   19800 | cos 0.5104 | thought 0.9595 dec_ce 1.9568 | 4.6 it/s
step   19850 | cos 0.5114 | thought 1.0044 dec_ce 2.2933 | 4.6 it/s
step   19900 | cos 0.5131 | thought 0.9987 dec_ce 2.1576 | 4.6 it/s
step   19950 | cos 0.5143 | thought 0.9509 dec_ce 1.9169 | 4.6 it/s
step   20000 | cos 0.5095 | thought 0.9614 dec_ce 2.0704 | 4.6 it/s
step   20000 | VAL cos 0.5216 | VAL dec CE 3.8648
step   20050 | cos 0.5140 | thought 0.9565 dec_ce 1.9286 | 3.8 it/s
step   20100 | cos 0.5131 | thought 0.9492 dec_ce 1.8949 | 4.5 it/s
step   20150 | cos 0.5123 | thought 1.0056 dec_ce 2.1072 | 4.6 it/s
step   20200 | cos 0.5099 | thought 0.9784 dec_ce 2.129 | 4.7 it/s
step   20250 | cos 0.5094 | thought 0.9702 dec_ce 1.9035 | 4.5 it/s
step   20300 | cos 0.5128 | thought 1.0251 dec_ce 2.1548 | 4.7 it/s
step   20350 | cos 0.5115 | thought 0.9755 dec_ce 1.987 | 4.6 it/s
step   20400 | cos 0.5142 | thought 1.0238 dec_ce 2.2381 | 4.7 it/s
step   20450 | cos 0.5162 | thought 0.9858 dec_ce 2.1364 | 4.7 it/s
step   20500 | cos 0.5144 | thought 0.9743 dec_ce 2.1897 | 4.6 it/s
step   20500 | VAL cos 0.5228 | VAL dec CE 3.8635
step   20550 | cos 0.5102 | thought 0.9402 dec_ce 1.9717 | 3.7 it/s
step   20600 | cos 0.5115 | thought 0.9638 dec_ce 2.0474 | 4.6 it/s
step   20650 | cos 0.5154 | thought 0.9933 dec_ce 2.0466 | 4.7 it/s
step   20700 | cos 0.5120 | thought 0.9567 dec_ce 1.9317 | 4.7 it/s
step   20750 | cos 0.5100 | thought 0.9441 dec_ce 1.9661 | 4.5 it/s
step   20800 | cos 0.5116 | thought 1.0269 dec_ce 2.179 | 4.6 it/s
step   20850 | cos 0.5124 | thought 0.9243 dec_ce 1.8118 | 4.7 it/s
step   20900 | cos 0.5144 | thought 0.9891 dec_ce 2.0941 | 4.7 it/s
step   20950 | cos 0.5096 | thought 0.9582 dec_ce 1.9611 | 4.6 it/s
step   21000 | cos 0.5116 | thought 0.9613 dec_ce 1.976 | 4.7 it/s
step   21000 | VAL cos 0.5222 | VAL dec CE 3.8562
step   21050 | cos 0.5105 | thought 1.0076 dec_ce 2.0954 | 3.8 it/s
step   21100 | cos 0.5139 | thought 1.0062 dec_ce 2.1957 | 4.5 it/s
step   21150 | cos 0.5144 | thought 1.011 dec_ce 2.2488 | 4.5 it/s
step   21200 | cos 0.5125 | thought 0.9686 dec_ce 2.0357 | 4.6 it/s
step   21250 | cos 0.5144 | thought 1.0347 dec_ce 2.3577 | 4.4 it/s
step   21300 | cos 0.5148 | thought 1.0029 dec_ce 2.0797 | 4.6 it/s
step   21350 | cos 0.5110 | thought 0.9757 dec_ce 1.9451 | 4.6 it/s
step   21400 | cos 0.5139 | thought 0.9689 dec_ce 2.0649 | 4.6 it/s
step   21450 | cos 0.5153 | thought 0.9953 dec_ce 2.0556 | 4.6 it/s
step   21500 | cos 0.5137 | thought 1.0569 dec_ce 2.1124 | 4.5 it/s
step   21500 | VAL cos 0.5238 | VAL dec CE 3.8606
step   21550 | cos 0.5148 | thought 1.0106 dec_ce 2.0981 | 3.7 it/s
step   21600 | cos 0.5134 | thought 0.998 dec_ce 1.9947 | 4.6 it/s
step   21650 | cos 0.5171 | thought 1.0133 dec_ce 2.1395 | 4.5 it/s
step   21700 | cos 0.5150 | thought 0.9979 dec_ce 2.1051 | 4.6 it/s
step   21750 | cos 0.5146 | thought 0.9866 dec_ce 2.181 | 4.6 it/s
step   21800 | cos 0.5147 | thought 0.9926 dec_ce 1.9863 | 4.7 it/s
step   21850 | cos 0.5167 | thought 1.0088 dec_ce 2.1267 | 4.6 it/s
step   21900 | cos 0.5175 | thought 0.9482 dec_ce 1.9668 | 4.7 it/s
step   21950 | cos 0.5125 | thought 1.0281 dec_ce 2.277 | 4.6 it/s
step   22000 | cos 0.5162 | thought 0.9958 dec_ce 2.1599 | 4.7 it/s
step   22000 | VAL cos 0.5252 | VAL dec CE 3.8556
step   22050 | cos 0.5128 | thought 1.0182 dec_ce 2.042 | 3.6 it/s
step   22100 | cos 0.5164 | thought 0.9584 dec_ce 2.0597 | 4.7 it/s
step   22150 | cos 0.5173 | thought 0.9784 dec_ce 2.0997 | 4.5 it/s
step   22200 | cos 0.5180 | thought 1.0037 dec_ce 2.1329 | 4.8 it/s
step   22250 | cos 0.5145 | thought 0.9829 dec_ce 2.0845 | 4.5 it/s
step   22300 | cos 0.5175 | thought 0.9418 dec_ce 1.8586 | 4.6 it/s
step   22350 | cos 0.5168 | thought 1.0036 dec_ce 2.0328 | 4.7 it/s
step   22400 | cos 0.5157 | thought 0.9787 dec_ce 2.1675 | 4.7 it/s
step   22450 | cos 0.5154 | thought 0.9756 dec_ce 2.0119 | 4.5 it/s
step   22500 | cos 0.5154 | thought 0.9686 dec_ce 2.0546 | 4.6 it/s
step   22500 | VAL cos 0.5282 | VAL dec CE 3.8562
step   22550 | cos 0.5149 | thought 1.003 dec_ce 2.1673 | 3.8 it/s
step   22600 | cos 0.5183 | thought 0.9757 dec_ce 1.9962 | 4.5 it/s
step   22650 | cos 0.5185 | thought 0.9389 dec_ce 2.1872 | 4.7 it/s
step   22700 | cos 0.5169 | thought 0.9973 dec_ce 2.0707 | 4.7 it/s
step   22750 | cos 0.5190 | thought 1.0042 dec_ce 2.0863 | 4.5 it/s
step   22800 | cos 0.5174 | thought 1.0129 dec_ce 2.1832 | 4.6 it/s
step   22850 | cos 0.5165 | thought 0.9391 dec_ce 1.9394 | 4.6 it/s
step   22900 | cos 0.5171 | thought 0.9705 dec_ce 2.0855 | 4.7 it/s
step   22950 | cos 0.5155 | thought 1.0053 dec_ce 1.9865 | 4.6 it/s
step   23000 | cos 0.5180 | thought 0.975 dec_ce 2.2518 | 4.5 it/s
step   23000 | VAL cos 0.5292 | VAL dec CE 3.8640
step   23050 | cos 0.5205 | thought 0.9375 dec_ce 1.9136 | 3.8 it/s
step   23100 | cos 0.5176 | thought 0.9804 dec_ce 2.0008 | 4.6 it/s
step   23150 | cos 0.5179 | thought 1.0151 dec_ce 2.0752 | 4.7 it/s
step   23200 | cos 0.5200 | thought 0.9705 dec_ce 2.2392 | 4.5 it/s
step   23250 | cos 0.5229 | thought 0.983 dec_ce 1.989 | 4.8 it/s
step   23300 | cos 0.5211 | thought 0.9321 dec_ce 1.9095 | 4.5 it/s
step   23350 | cos 0.5166 | thought 1.0099 dec_ce 2.1183 | 4.6 it/s
step   23400 | cos 0.5245 | thought 1.0504 dec_ce 2.1603 | 4.6 it/s
step   23450 | cos 0.5274 | thought 0.9975 dec_ce 1.9994 | 4.7 it/s
step   23500 | cos 0.5191 | thought 0.9771 dec_ce 2.0612 | 4.6 it/s
step   23500 | VAL cos 0.5299 | VAL dec CE 3.8478
step   23550 | cos 0.5216 | thought 0.9342 dec_ce 1.8858 | 3.7 it/s
step   23600 | cos 0.5216 | thought 0.957 dec_ce 1.9098 | 4.6 it/s
step   23650 | cos 0.5204 | thought 0.9969 dec_ce 2.0587 | 4.5 it/s
step   23700 | cos 0.5204 | thought 0.985 dec_ce 2.1558 | 4.5 it/s
step   23750 | cos 0.5205 | thought 0.9639 dec_ce 1.9815 | 4.6 it/s
step   23800 | cos 0.5246 | thought 0.9257 dec_ce 1.9368 | 4.7 it/s
step   23850 | cos 0.5263 | thought 0.9601 dec_ce 1.9533 | 4.7 it/s
step   23900 | cos 0.5197 | thought 0.9846 dec_ce 2.1928 | 4.6 it/s
step   23950 | cos 0.5221 | thought 1.0422 dec_ce 2.0889 | 4.5 it/s
step   24000 | cos 0.5233 | thought 0.9111 dec_ce 1.807 | 4.6 it/s
step   24000 | VAL cos 0.5300 | VAL dec CE 3.8468
step   24050 | cos 0.5242 | thought 0.9401 dec_ce 1.9707 | 3.7 it/s
step   24100 | cos 0.5194 | thought 0.9812 dec_ce 1.9932 | 4.6 it/s
step   24150 | cos 0.5221 | thought 0.935 dec_ce 2.0375 | 4.5 it/s
step   24200 | cos 0.5202 | thought 0.9562 dec_ce 2.0029 | 4.5 it/s
step   24250 | cos 0.5226 | thought 0.979 dec_ce 2.0215 | 4.6 it/s
step   24300 | cos 0.5233 | thought 0.9406 dec_ce 1.8654 | 4.6 it/s
step   24350 | cos 0.5244 | thought 0.9713 dec_ce 1.93 | 4.6 it/s
step   24400 | cos 0.5267 | thought 0.9752 dec_ce 2.1182 | 4.6 it/s
step   24450 | cos 0.5198 | thought 0.9981 dec_ce 1.991 | 4.5 it/s
step   24500 | cos 0.5177 | thought 0.9588 dec_ce 1.9884 | 4.6 it/s
step   24500 | VAL cos 0.5326 | VAL dec CE 3.8419
step   24550 | cos 0.5212 | thought 0.9226 dec_ce 1.9617 | 3.8 it/s
step   24600 | cos 0.5218 | thought 0.9279 dec_ce 1.9118 | 4.7 it/s
step   24650 | cos 0.5250 | thought 1.0278 dec_ce 2.1813 | 4.8 it/s
step   24700 | cos 0.5244 | thought 0.9552 dec_ce 1.9556 | 4.6 it/s
step   24750 | cos 0.5256 | thought 0.9874 dec_ce 2.0553 | 4.6 it/s
step   24800 | cos 0.5221 | thought 0.9881 dec_ce 2.0305 | 4.7 it/s
step   24850 | cos 0.5229 | thought 0.9759 dec_ce 2.0214 | 4.7 it/s
step   24900 | cos 0.5242 | thought 0.9623 dec_ce 1.8919 | 4.7 it/s
step   24950 | cos 0.5228 | thought 0.9742 dec_ce 2.0047 | 4.6 it/s
step   25000 | cos 0.5225 | thought 0.9789 dec_ce 2.1654 | 4.5 it/s
step   25000 | VAL cos 0.5329 | VAL dec CE 3.8401
step   25050 | cos 0.5237 | thought 0.9984 dec_ce 2.2104 | 3.8 it/s
step   25100 | cos 0.5197 | thought 0.9541 dec_ce 1.9204 | 4.5 it/s
step   25150 | cos 0.5222 | thought 0.9619 dec_ce 2.1948 | 4.6 it/s
step   25200 | cos 0.5261 | thought 0.9562 dec_ce 2.0348 | 4.5 it/s
step   25250 | cos 0.5246 | thought 0.9339 dec_ce 2.0525 | 4.6 it/s
step   25300 | cos 0.5242 | thought 0.9581 dec_ce 1.9957 | 4.6 it/s
step   25350 | cos 0.5252 | thought 0.902 dec_ce 1.9072 | 4.7 it/s
step   25400 | cos 0.5282 | thought 1.0099 dec_ce 2.1714 | 4.6 it/s
step   25450 | cos 0.5221 | thought 0.9817 dec_ce 2.0513 | 4.5 it/s
step   25500 | cos 0.5245 | thought 0.9923 dec_ce 2.0097 | 4.5 it/s
step   25500 | VAL cos 0.5334 | VAL dec CE 3.8366
step   25550 | cos 0.5271 | thought 0.9243 dec_ce 2.0188 | 3.7 it/s
step   25600 | cos 0.5218 | thought 0.9459 dec_ce 1.8624 | 4.6 it/s
step   25650 | cos 0.5253 | thought 0.972 dec_ce 2.0369 | 4.7 it/s
step   25700 | cos 0.5256 | thought 0.9485 dec_ce 1.9965 | 4.7 it/s
step   25750 | cos 0.5219 | thought 1.0073 dec_ce 2.1661 | 4.6 it/s
step   25800 | cos 0.5211 | thought 1.0136 dec_ce 2.3423 | 4.6 it/s
step   25850 | cos 0.5234 | thought 0.93 dec_ce 1.9874 | 4.6 it/s
step   25900 | cos 0.5228 | thought 0.9721 dec_ce 2.0973 | 4.6 it/s
step   25950 | cos 0.5227 | thought 0.979 dec_ce 2.049 | 4.6 it/s
step   26000 | cos 0.5257 | thought 0.9309 dec_ce 1.9163 | 4.7 it/s
step   26000 | VAL cos 0.5332 | VAL dec CE 3.8402
step   26050 | cos 0.5220 | thought 1.0269 dec_ce 2.1091 | 3.6 it/s
step   26100 | cos 0.5252 | thought 0.9217 dec_ce 1.8588 | 4.6 it/s
step   26150 | cos 0.5227 | thought 0.9981 dec_ce 2.0402 | 4.6 it/s
step   26200 | cos 0.5314 | thought 0.946 dec_ce 2.0064 | 4.6 it/s
step   26250 | cos 0.5213 | thought 0.9564 dec_ce 1.9488 | 4.5 it/s
step   26300 | cos 0.5284 | thought 0.9057 dec_ce 1.8589 | 4.6 it/s
step   26350 | cos 0.5220 | thought 0.9784 dec_ce 1.9833 | 4.5 it/s
step   26400 | cos 0.5200 | thought 0.9242 dec_ce 1.9303 | 4.7 it/s
step   26450 | cos 0.5236 | thought 0.9635 dec_ce 2.0563 | 4.6 it/s
step   26500 | cos 0.5254 | thought 0.9408 dec_ce 2.0209 | 4.7 it/s
step   26500 | VAL cos 0.5328 | VAL dec CE 3.8348
step   26550 | cos 0.5255 | thought 0.9349 dec_ce 2.0679 | 3.7 it/s
step   26600 | cos 0.5290 | thought 0.9947 dec_ce 2.1344 | 4.6 it/s
step   26650 | cos 0.5261 | thought 0.9852 dec_ce 1.9424 | 4.6 it/s
step   26700 | cos 0.5269 | thought 0.9754 dec_ce 2.0238 | 4.6 it/s
step   26750 | cos 0.5272 | thought 0.9074 dec_ce 1.7519 | 4.7 it/s
step   26800 | cos 0.5208 | thought 0.9345 dec_ce 2.0805 | 4.5 it/s
step   26850 | cos 0.5237 | thought 0.9904 dec_ce 2.0764 | 4.6 it/s
step   26900 | cos 0.5269 | thought 0.9399 dec_ce 2.0598 | 4.6 it/s
step   26950 | cos 0.5213 | thought 0.9219 dec_ce 2.0071 | 4.7 it/s
step   27000 | cos 0.5267 | thought 0.9696 dec_ce 1.9168 | 4.7 it/s
step   27000 | VAL cos 0.5345 | VAL dec CE 3.8378
step   27050 | cos 0.5250 | thought 0.9806 dec_ce 2.2125 | 3.8 it/s
step   27100 | cos 0.5276 | thought 0.943 dec_ce 2.0494 | 4.7 it/s
step   27150 | cos 0.5231 | thought 1.0295 dec_ce 2.1113 | 4.7 it/s
step   27200 | cos 0.5247 | thought 0.9494 dec_ce 1.9873 | 4.6 it/s
step   27250 | cos 0.5213 | thought 1.0017 dec_ce 2.1362 | 4.6 it/s
step   27300 | cos 0.5266 | thought 0.983 dec_ce 2.1901 | 4.6 it/s
step   27350 | cos 0.5254 | thought 0.9611 dec_ce 1.9659 | 4.6 it/s
step   27400 | cos 0.5269 | thought 0.9232 dec_ce 1.9114 | 4.8 it/s
step   27450 | cos 0.5205 | thought 0.9445 dec_ce 1.8911 | 4.6 it/s
step   27500 | cos 0.5287 | thought 0.958 dec_ce 2.029 | 4.6 it/s
step   27500 | VAL cos 0.5338 | VAL dec CE 3.8352
step   27550 | cos 0.5233 | thought 0.9757 dec_ce 2.1441 | 3.7 it/s
step   27600 | cos 0.5242 | thought 0.9661 dec_ce 1.972 | 4.6 it/s
step   27650 | cos 0.5274 | thought 0.9672 dec_ce 1.9949 | 4.5 it/s
step   27700 | cos 0.5266 | thought 0.9726 dec_ce 1.8715 | 4.6 it/s
step   27750 | cos 0.5256 | thought 0.9881 dec_ce 2.1727 | 4.6 it/s
step   27800 | cos 0.5299 | thought 0.9673 dec_ce 1.9791 | 4.6 it/s
step   27850 | cos 0.5238 | thought 1.0285 dec_ce 2.216 | 4.5 it/s
step   27900 | cos 0.5248 | thought 0.9348 dec_ce 2.0618 | 4.6 it/s
step   27950 | cos 0.5254 | thought 0.8989 dec_ce 1.8911 | 4.6 it/s
step   28000 | cos 0.5267 | thought 0.9438 dec_ce 2.0189 | 4.5 it/s
step   28000 | VAL cos 0.5350 | VAL dec CE 3.8422
step   28050 | cos 0.5232 | thought 0.9658 dec_ce 2.1411 | 3.7 it/s
step   28100 | cos 0.5234 | thought 0.964 dec_ce 2.0642 | 4.7 it/s
step   28150 | cos 0.5325 | thought 0.9313 dec_ce 2.0113 | 4.7 it/s
step   28200 | cos 0.5281 | thought 0.925 dec_ce 1.9828 | 4.6 it/s
step   28250 | cos 0.5289 | thought 0.9148 dec_ce 2.054 | 4.6 it/s
step   28300 | cos 0.5257 | thought 1.0388 dec_ce 2.1392 | 4.5 it/s
step   28350 | cos 0.5251 | thought 0.9716 dec_ce 2.1175 | 4.6 it/s
step   28400 | cos 0.5257 | thought 1.008 dec_ce 2.135 | 4.6 it/s
step   28450 | cos 0.5244 | thought 1.0189 dec_ce 2.0224 | 4.7 it/s
step   28500 | cos 0.5265 | thought 1.0058 dec_ce 2.0044 | 4.6 it/s
step   28500 | VAL cos 0.5348 | VAL dec CE 3.8335
step   28550 | cos 0.5278 | thought 0.9408 dec_ce 2.025 | 3.9 it/s
step   28600 | cos 0.5293 | thought 0.941 dec_ce 2.0762 | 4.6 it/s
step   28650 | cos 0.5256 | thought 0.9544 dec_ce 1.9836 | 4.6 it/s
step   28700 | cos 0.5294 | thought 0.9223 dec_ce 2.0293 | 4.6 it/s
step   28750 | cos 0.5281 | thought 0.9681 dec_ce 2.1509 | 4.7 it/s
step   28800 | cos 0.5236 | thought 0.9785 dec_ce 2.0087 | 4.5 it/s
step   28850 | cos 0.5275 | thought 1.0239 dec_ce 2.0039 | 4.6 it/s
step   28900 | cos 0.5271 | thought 0.9895 dec_ce 2.0223 | 4.7 it/s
step   28950 | cos 0.5279 | thought 0.9432 dec_ce 1.8609 | 4.7 it/s
step   29000 | cos 0.5258 | thought 0.9802 dec_ce 2.0714 | 4.6 it/s
step   29000 | VAL cos 0.5339 | VAL dec CE 3.8302
step   29050 | cos 0.5268 | thought 0.9471 dec_ce 2.0149 | 3.7 it/s
step   29100 | cos 0.5278 | thought 0.933 dec_ce 1.9243 | 4.7 it/s
step   29150 | cos 0.5261 | thought 0.9813 dec_ce 2.0273 | 4.7 it/s
step   29200 | cos 0.5306 | thought 0.9208 dec_ce 2.0466 | 4.7 it/s
step   29250 | cos 0.5278 | thought 0.9494 dec_ce 2.0505 | 4.6 it/s
step   29300 | cos 0.5274 | thought 0.9937 dec_ce 2.1006 | 4.7 it/s
step   29350 | cos 0.5274 | thought 1.0041 dec_ce 2.0724 | 4.6 it/s
step   29400 | cos 0.5212 | thought 0.9995 dec_ce 2.0723 | 4.5 it/s
step   29450 | cos 0.5275 | thought 0.9526 dec_ce 2.0656 | 4.6 it/s
step   29500 | cos 0.5284 | thought 0.91 dec_ce 1.8738 | 4.6 it/s
step   29500 | VAL cos 0.5339 | VAL dec CE 3.8218
step   29550 | cos 0.5223 | thought 0.9745 dec_ce 2.1135 | 3.8 it/s
step   29600 | cos 0.5253 | thought 0.9614 dec_ce 2.088 | 4.6 it/s
step   29650 | cos 0.5289 | thought 0.9884 dec_ce 2.136 | 4.5 it/s
step   29700 | cos 0.5284 | thought 0.9573 dec_ce 2.0345 | 4.5 it/s
step   29750 | cos 0.5290 | thought 1.0043 dec_ce 2.0556 | 4.7 it/s
step   29800 | cos 0.5254 | thought 0.929 dec_ce 2.0538 | 4.6 it/s
step   29850 | cos 0.5270 | thought 0.9521 dec_ce 2.0785 | 4.6 it/s
step   29900 | cos 0.5246 | thought 0.9415 dec_ce 1.9968 | 4.5 it/s
step   29950 | cos 0.5255 | thought 0.9771 dec_ce 2.1538 | 4.5 it/s
step   30000 | cos 0.5279 | thought 0.9335 dec_ce 2.0508 | 4.8 it/s
step   30000 | VAL cos 0.5349 | VAL dec CE 3.8271
step   30050 | cos 0.5285 | thought 0.9663 dec_ce 2.1766 | 3.9 it/s
step   30100 | cos 0.5272 | thought 0.9586 dec_ce 1.9585 | 4.7 it/s
step   30150 | cos 0.5285 | thought 0.9883 dec_ce 2.0554 | 4.7 it/s
step   30200 | cos 0.5211 | thought 0.9423 dec_ce 1.9844 | 4.6 it/s
step   30250 | cos 0.5249 | thought 0.9692 dec_ce 2.0386 | 4.6 it/s
step   30300 | cos 0.5259 | thought 0.9976 dec_ce 2.2393 | 4.6 it/s
step   30350 | cos 0.5236 | thought 0.9744 dec_ce 2.0177 | 4.7 it/s
step   30400 | cos 0.5249 | thought 1.0348 dec_ce 2.2827 | 4.7 it/s
step   30450 | cos 0.5209 | thought 0.9954 dec_ce 2.1253 | 4.5 it/s
step   30500 | cos 0.5284 | thought 0.9446 dec_ce 1.9898 | 4.7 it/s
step   30500 | VAL cos 0.5361 | VAL dec CE 3.8348
step   30550 | cos 0.5255 | thought 0.9711 dec_ce 1.8761 | 3.8 it/s
step   30600 | cos 0.5272 | thought 0.9693 dec_ce 2.0988 | 4.8 it/s
step   30650 | cos 0.5260 | thought 0.9141 dec_ce 1.891 | 4.7 it/s
step   30700 | cos 0.5313 | thought 0.9152 dec_ce 1.9771 | 4.6 it/s
step   30750 | cos 0.5263 | thought 0.9791 dec_ce 2.0607 | 4.7 it/s
step   30800 | cos 0.5253 | thought 1.0248 dec_ce 2.1376 | 4.5 it/s
step   30850 | cos 0.5248 | thought 0.9621 dec_ce 2.0609 | 4.5 it/s
step   30900 | cos 0.5263 | thought 0.9952 dec_ce 2.073 | 4.6 it/s
step   30950 | cos 0.5245 | thought 0.969 dec_ce 1.9467 | 4.6 it/s
step   31000 | cos 0.5249 | thought 0.9506 dec_ce 1.8746 | 4.7 it/s
step   31000 | VAL cos 0.5340 | VAL dec CE 3.8288
step   31050 | cos 0.5320 | thought 0.9759 dec_ce 2.0086 | 3.8 it/s
step   31100 | cos 0.5257 | thought 0.9576 dec_ce 1.9806 | 4.5 it/s
step   31150 | cos 0.5250 | thought 0.9147 dec_ce 1.9863 | 4.7 it/s
step   31200 | cos 0.5261 | thought 0.9956 dec_ce 2.1082 | 4.6 it/s
step   31250 | cos 0.5295 | thought 0.9555 dec_ce 2.0516 | 4.6 it/s
step   31300 | cos 0.5253 | thought 0.9839 dec_ce 2.1286 | 4.6 it/s
step   31350 | cos 0.5268 | thought 0.9689 dec_ce 1.8691 | 4.7 it/s
step   31400 | cos 0.5246 | thought 0.9164 dec_ce 1.9395 | 4.6 it/s
step   31450 | cos 0.5267 | thought 0.9201 dec_ce 1.9637 | 4.6 it/s
step   31500 | cos 0.5298 | thought 0.9321 dec_ce 2.0173 | 4.6 it/s
step   31500 | VAL cos 0.5343 | VAL dec CE 3.8295
step   31550 | cos 0.5268 | thought 0.9985 dec_ce 2.16 | 3.8 it/s
step   31600 | cos 0.5248 | thought 0.9776 dec_ce 2.0492 | 4.6 it/s
step   31650 | cos 0.5244 | thought 0.9348 dec_ce 1.8958 | 4.7 it/s
step   31700 | cos 0.5273 | thought 0.9594 dec_ce 2.2152 | 4.6 it/s
step   31750 | cos 0.5252 | thought 0.9357 dec_ce 2.1097 | 4.6 it/s
step   31800 | cos 0.5266 | thought 1.0392 dec_ce 2.2145 | 4.7 it/s
step   31850 | cos 0.5266 | thought 0.9265 dec_ce 2.0301 | 4.5 it/s
step   31900 | cos 0.5267 | thought 0.9374 dec_ce 2.0597 | 4.6 it/s
step   31950 | cos 0.5282 | thought 0.9444 dec_ce 1.9594 | 4.7 it/s
step   32000 | cos 0.5256 | thought 0.9746 dec_ce 2.0394 | 4.7 it/s
step   32000 | VAL cos 0.5357 | VAL dec CE 3.8272
step   32050 | cos 0.5264 | thought 0.9393 dec_ce 2.1328 | 3.7 it/s
step   32100 | cos 0.5288 | thought 0.9342 dec_ce 1.8848 | 4.6 it/s
step   32150 | cos 0.5276 | thought 0.9998 dec_ce 2.1277 | 4.6 it/s
step   32200 | cos 0.5296 | thought 0.945 dec_ce 1.9213 | 4.7 it/s
step   32250 | cos 0.5281 | thought 0.9402 dec_ce 1.9353 | 4.7 it/s
step   32300 | cos 0.5257 | thought 0.9157 dec_ce 2.0479 | 4.6 it/s
step   32350 | cos 0.5289 | thought 0.9539 dec_ce 2.0714 | 4.7 it/s
step   32400 | cos 0.5266 | thought 0.9813 dec_ce 2.0664 | 4.5 it/s
step   32450 | cos 0.5276 | thought 1.0093 dec_ce 2.0507 | 4.8 it/s
wall-clock cap reached at step 32461

Run 'R4_ROLEFLIP' done: 32461 steps | final val cos 0.5355 | dec CE 3.8240
/home/nochi/vault/projects/ThoughtVectors/thoughtvec/.venv/lib/python3.12/site-packages/torch/nn/modules/transformer.py:392: UserWarning: enable_nested_tensor is True, but self.use_nested_tensor is False because encoder_layer.norm_first was True
  warnings.warn(
{"ckpt": "checkpoints/R4_ROLEFLIP/best.pt", "val_cos": 0.4124, "val_dec_ce": 4.0224, "ref_f1": 0.2771, "distinct1": 0.012, "distinct2": 0.0463, "len_ratio": 0.986, "out_vectors": 8.0, "rows": 1024}
=== thinker ablation R4_WTA8 (7200s): thinker.n_hypotheses=4 thinker.w_decoder=0.5 thinker.k_ctx=8 thinker.k_out=8 thinker.k_out_random_prefix=true thinker.k_out_min=4 data.shard_dir=data/dialogue_combined thinker.n_hypotheses=8 ===
/home/nochi/vault/projects/ThoughtVectors/thoughtvec/.venv/lib/python3.12/site-packages/torch/nn/modules/transformer.py:392: UserWarning: enable_nested_tensor is True, but self.use_nested_tensor is False because encoder_layer.norm_first was True
  warnings.warn(
thinker params: 15.11M (codec d=384, frozen=True)
step      50 | cos 0.0366 | thought 2.5155 dec_ce 2.7037 | 4.2 it/s
step     100 | cos 0.1019 | thought 2.2792 dec_ce 2.4227 | 4.5 it/s
step     150 | cos 0.1864 | thought 2.0796 dec_ce 2.2758 | 4.5 it/s
step     200 | cos 0.2320 | thought 2.0759 dec_ce 2.4456 | 4.5 it/s
step     250 | cos 0.2495 | thought 2.0244 dec_ce 2.3293 | 4.5 it/s
step     300 | cos 0.2615 | thought 1.948 dec_ce 2.2418 | 4.6 it/s
step     350 | cos 0.2742 | thought 1.875 dec_ce 2.1191 | 4.6 it/s
step     400 | cos 0.2868 | thought 1.8914 dec_ce 2.3684 | 4.5 it/s
step     450 | cos 0.3080 | thought 1.7708 dec_ce 2.2357 | 4.5 it/s
step     500 | cos 0.3292 | thought 1.7329 dec_ce 2.1197 | 4.7 it/s
step     500 | VAL cos 0.3540 | VAL dec CE 4.1653
step     550 | cos 0.3541 | thought 1.6077 dec_ce 2.1402 | 3.8 it/s
step     600 | cos 0.3892 | thought 1.514 dec_ce 2.015 | 4.5 it/s
step     650 | cos 0.4076 | thought 1.494 dec_ce 2.1614 | 4.5 it/s
step     700 | cos 0.4221 | thought 1.5271 dec_ce 2.2386 | 4.7 it/s
step     750 | cos 0.4295 | thought 1.441 dec_ce 2.3483 | 4.6 it/s
step     800 | cos 0.4369 | thought 1.4043 dec_ce 2.0384 | 4.5 it/s
step     850 | cos 0.4508 | thought 1.3686 dec_ce 2.223 | 4.5 it/s
step     900 | cos 0.4628 | thought 1.4083 dec_ce 2.3275 | 4.5 it/s
step     950 | cos 0.4695 | thought 1.3937 dec_ce 2.2653 | 4.6 it/s
step    1000 | cos 0.4706 | thought 1.3115 dec_ce 2.1043 | 4.4 it/s
step    1000 | VAL cos 0.4921 | VAL dec CE 4.0662
step    1050 | cos 0.4782 | thought 1.2964 dec_ce 2.1426 | 3.3 it/s
step    1100 | cos 0.4844 | thought 1.3227 dec_ce 2.254 | 4.4 it/s
step    1150 | cos 0.4833 | thought 1.243 dec_ce 2.0821 | 4.4 it/s
step    1200 | cos 0.4912 | thought 1.2026 dec_ce 2.1786 | 4.5 it/s
step    1250 | cos 0.4898 | thought 1.2264 dec_ce 2.1585 | 4.4 it/s
step    1300 | cos 0.4962 | thought 1.1926 dec_ce 2.2022 | 4.6 it/s
step    1350 | cos 0.4954 | thought 1.2466 dec_ce 2.1286 | 4.5 it/s
step    1400 | cos 0.5001 | thought 1.1955 dec_ce 2.1025 | 4.5 it/s
step    1450 | cos 0.4970 | thought 1.1652 dec_ce 2.1302 | 4.4 it/s
step    1500 | cos 0.5003 | thought 1.1591 dec_ce 2.1727 | 4.5 it/s
step    1500 | VAL cos 0.5161 | VAL dec CE 4.0044
step    1550 | cos 0.5007 | thought 1.0916 dec_ce 1.9946 | 3.3 it/s
step    1600 | cos 0.5064 | thought 1.0907 dec_ce 2.0156 | 4.6 it/s
step    1650 | cos 0.5044 | thought 1.0616 dec_ce 1.9835 | 4.4 it/s
step    1700 | cos 0.5064 | thought 1.0785 dec_ce 2.0432 | 4.5 it/s
step    1750 | cos 0.5102 | thought 1.0664 dec_ce 2.0465 | 4.5 it/s
step    1800 | cos 0.5078 | thought 1.0729 dec_ce 2.3085 | 4.4 it/s
step    1850 | cos 0.5065 | thought 1.1053 dec_ce 2.1545 | 4.6 it/s
step    1900 | cos 0.5075 | thought 1.0381 dec_ce 2.0994 | 4.5 it/s
step    1950 | cos 0.5103 | thought 1.0553 dec_ce 2.2052 | 4.5 it/s
step    2000 | cos 0.5091 | thought 1.02 dec_ce 2.0913 | 4.5 it/s
step    2000 | VAL cos 0.5251 | VAL dec CE 3.9745
step    2050 | cos 0.5085 | thought 1.0226 dec_ce 2.0187 | 3.3 it/s
step    2100 | cos 0.5125 | thought 1.0571 dec_ce 2.1078 | 4.4 it/s
step    2150 | cos 0.5107 | thought 1.0859 dec_ce 2.2392 | 4.6 it/s
step    2200 | cos 0.5110 | thought 1.038 dec_ce 2.1071 | 4.5 it/s
step    2250 | cos 0.5133 | thought 1.0066 dec_ce 2.142 | 4.5 it/s
step    2300 | cos 0.5131 | thought 1.0183 dec_ce 2.155 | 4.4 it/s
step    2350 | cos 0.5129 | thought 1.0317 dec_ce 2.2069 | 4.5 it/s
step    2400 | cos 0.5135 | thought 1.0812 dec_ce 2.1833 | 4.5 it/s
step    2450 | cos 0.5123 | thought 1.0211 dec_ce 2.2121 | 4.6 it/s
step    2500 | cos 0.5150 | thought 0.9796 dec_ce 2.0169 | 4.6 it/s
step    2500 | VAL cos 0.5284 | VAL dec CE 3.9484
step    2550 | cos 0.5118 | thought 0.9692 dec_ce 2.0833 | 3.2 it/s
step    2600 | cos 0.5175 | thought 0.9628 dec_ce 1.9747 | 4.5 it/s
step    2650 | cos 0.5159 | thought 1.0258 dec_ce 2.1918 | 4.5 it/s
step    2700 | cos 0.5168 | thought 1.026 dec_ce 2.2198 | 4.4 it/s
step    2750 | cos 0.5178 | thought 0.9878 dec_ce 2.0155 | 4.5 it/s
step    2800 | cos 0.5156 | thought 0.9644 dec_ce 2.0759 | 4.5 it/s
step    2850 | cos 0.5179 | thought 0.9791 dec_ce 2.2392 | 4.5 it/s
step    2900 | cos 0.5218 | thought 1.0094 dec_ce 2.0709 | 4.5 it/s
step    2950 | cos 0.5177 | thought 0.9627 dec_ce 1.9827 | 4.4 it/s
step    3000 | cos 0.5166 | thought 0.9955 dec_ce 2.0781 | 4.4 it/s
step    3000 | VAL cos 0.5319 | VAL dec CE 3.9437
step    3050 | cos 0.5181 | thought 0.9316 dec_ce 1.8918 | 3.3 it/s
step    3100 | cos 0.5188 | thought 0.9643 dec_ce 2.1471 | 4.6 it/s
step    3150 | cos 0.5224 | thought 1.0109 dec_ce 2.3506 | 4.5 it/s
step    3200 | cos 0.5211 | thought 0.9535 dec_ce 2.0557 | 4.5 it/s
step    3250 | cos 0.5196 | thought 0.9965 dec_ce 2.0911 | 4.4 it/s
step    3300 | cos 0.5207 | thought 0.9863 dec_ce 2.1868 | 4.5 it/s
step    3350 | cos 0.5194 | thought 1.0193 dec_ce 2.055 | 4.5 it/s
step    3400 | cos 0.5204 | thought 0.957 dec_ce 2.025 | 4.5 it/s
step    3450 | cos 0.5198 | thought 0.9765 dec_ce 2.0647 | 4.4 it/s
step    3500 | cos 0.5195 | thought 1.0085 dec_ce 2.0305 | 4.5 it/s
step    3500 | VAL cos 0.5337 | VAL dec CE 3.9430
step    3550 | cos 0.5175 | thought 0.9551 dec_ce 2.1363 | 3.1 it/s
step    3600 | cos 0.5219 | thought 0.9831 dec_ce 2.2362 | 4.5 it/s
step    3650 | cos 0.5187 | thought 0.954 dec_ce 2.0301 | 4.5 it/s
step    3700 | cos 0.5239 | thought 0.9721 dec_ce 2.0533 | 4.5 it/s
step    3750 | cos 0.5221 | thought 0.9886 dec_ce 2.1262 | 4.6 it/s
step    3800 | cos 0.5226 | thought 0.9653 dec_ce 2.0227 | 4.5 it/s
step    3850 | cos 0.5192 | thought 0.9987 dec_ce 2.3106 | 4.5 it/s
step    3900 | cos 0.5234 | thought 1.0162 dec_ce 2.1859 | 4.6 it/s
step    3950 | cos 0.5225 | thought 0.9299 dec_ce 2.121 | 4.5 it/s
step    4000 | cos 0.5242 | thought 1.0338 dec_ce 2.1228 | 4.5 it/s
step    4000 | VAL cos 0.5356 | VAL dec CE 3.9270
step    4050 | cos 0.5242 | thought 1.013 dec_ce 2.3255 | 3.3 it/s
step    4100 | cos 0.5239 | thought 0.9665 dec_ce 2.0685 | 4.6 it/s
step    4150 | cos 0.5227 | thought 0.914 dec_ce 1.9512 | 4.4 it/s
step    4200 | cos 0.5220 | thought 0.9789 dec_ce 2.1006 | 4.5 it/s
step    4250 | cos 0.5243 | thought 0.9937 dec_ce 2.2294 | 4.5 it/s
step    4300 | cos 0.5238 | thought 0.9556 dec_ce 2.2219 | 4.6 it/s
step    4350 | cos 0.5216 | thought 0.977 dec_ce 1.9958 | 4.6 it/s
step    4400 | cos 0.5258 | thought 0.9388 dec_ce 2.0543 | 4.5 it/s
step    4450 | cos 0.5244 | thought 1.0045 dec_ce 2.2178 | 4.6 it/s
step    4500 | cos 0.5254 | thought 1.0116 dec_ce 2.1244 | 4.6 it/s
step    4500 | VAL cos 0.5376 | VAL dec CE 3.9266
step    4550 | cos 0.5225 | thought 0.9629 dec_ce 1.9743 | 3.3 it/s
step    4600 | cos 0.5249 | thought 0.969 dec_ce 2.1387 | 4.5 it/s
step    4650 | cos 0.5267 | thought 0.9229 dec_ce 2.0436 | 4.4 it/s
step    4700 | cos 0.5248 | thought 0.9917 dec_ce 2.1496 | 4.5 it/s
step    4750 | cos 0.5289 | thought 0.9619 dec_ce 1.915 | 4.6 it/s
step    4800 | cos 0.5265 | thought 0.9767 dec_ce 2.1731 | 4.6 it/s
step    4850 | cos 0.5249 | thought 0.9947 dec_ce 2.0536 | 4.5 it/s
step    4900 | cos 0.5275 | thought 0.9363 dec_ce 1.9692 | 4.4 it/s
step    4950 | cos 0.5247 | thought 1.0132 dec_ce 2.2927 | 4.5 it/s
step    5000 | cos 0.5279 | thought 0.987 dec_ce 2.099 | 4.6 it/s
step    5000 | VAL cos 0.5389 | VAL dec CE 3.9205
step    5050 | cos 0.5274 | thought 0.978 dec_ce 2.246 | 3.2 it/s
step    5100 | cos 0.5244 | thought 1.018 dec_ce 2.1857 | 4.5 it/s
step    5150 | cos 0.5249 | thought 0.9949 dec_ce 2.1633 | 4.4 it/s
step    5200 | cos 0.5277 | thought 0.9689 dec_ce 2.0863 | 4.4 it/s
step    5250 | cos 0.5249 | thought 0.9334 dec_ce 2.0331 | 4.6 it/s
step    5300 | cos 0.5240 | thought 0.9633 dec_ce 2.189 | 4.4 it/s
step    5350 | cos 0.5289 | thought 1.0029 dec_ce 2.1653 | 4.6 it/s
step    5400 | cos 0.5248 | thought 0.9658 dec_ce 2.1526 | 4.4 it/s
step    5450 | cos 0.5266 | thought 0.9913 dec_ce 2.0215 | 4.5 it/s
step    5500 | cos 0.5250 | thought 0.9632 dec_ce 2.136 | 4.6 it/s
step    5500 | VAL cos 0.5385 | VAL dec CE 3.9258
step    5550 | cos 0.5268 | thought 0.9946 dec_ce 2.0876 | 3.4 it/s
step    5600 | cos 0.5257 | thought 0.9872 dec_ce 2.227 | 4.5 it/s
step    5650 | cos 0.5270 | thought 0.9589 dec_ce 2.0644 | 4.5 it/s
step    5700 | cos 0.5236 | thought 0.9364 dec_ce 1.9763 | 4.5 it/s
step    5750 | cos 0.5251 | thought 1.0204 dec_ce 2.253 | 4.5 it/s
step    5800 | cos 0.5240 | thought 0.9738 dec_ce 2.2183 | 4.5 it/s
step    5850 | cos 0.5271 | thought 1.0085 dec_ce 2.1052 | 4.5 it/s
step    5900 | cos 0.5272 | thought 0.9558 dec_ce 2.1126 | 4.7 it/s
step    5950 | cos 0.5272 | thought 1.0069 dec_ce 2.2239 | 4.5 it/s
step    6000 | cos 0.5275 | thought 0.938 dec_ce 1.9485 | 4.5 it/s
step    6000 | VAL cos 0.5392 | VAL dec CE 3.9053
step    6050 | cos 0.5264 | thought 0.9639 dec_ce 2.2291 | 3.2 it/s
step    6100 | cos 0.5270 | thought 0.9055 dec_ce 1.9528 | 4.5 it/s
step    6150 | cos 0.5294 | thought 0.9776 dec_ce 2.1043 | 4.6 it/s
step    6200 | cos 0.5258 | thought 0.9826 dec_ce 2.107 | 4.6 it/s
step    6250 | cos 0.5298 | thought 0.976 dec_ce 2.0136 | 4.5 it/s
step    6300 | cos 0.5268 | thought 0.927 dec_ce 2.092 | 4.5 it/s
step    6350 | cos 0.5296 | thought 0.9725 dec_ce 2.0919 | 4.5 it/s
step    6400 | cos 0.5303 | thought 0.9122 dec_ce 1.9741 | 4.6 it/s
step    6450 | cos 0.5313 | thought 1.037 dec_ce 2.2342 | 4.4 it/s
step    6500 | cos 0.5286 | thought 0.9356 dec_ce 2.0777 | 4.5 it/s
step    6500 | VAL cos 0.5406 | VAL dec CE 3.9019
step    6550 | cos 0.5250 | thought 0.9744 dec_ce 2.099 | 3.3 it/s
step    6600 | cos 0.5271 | thought 0.9674 dec_ce 2.1287 | 4.6 it/s
step    6650 | cos 0.5281 | thought 0.9353 dec_ce 1.9375 | 4.4 it/s
step    6700 | cos 0.5299 | thought 0.9432 dec_ce 2.1027 | 4.6 it/s
step    6750 | cos 0.5282 | thought 0.9316 dec_ce 2.0528 | 4.6 it/s
step    6800 | cos 0.5269 | thought 1.0051 dec_ce 2.184 | 4.5 it/s
step    6850 | cos 0.5273 | thought 0.9596 dec_ce 1.9914 | 4.5 it/s
step    6900 | cos 0.5325 | thought 0.9784 dec_ce 2.0936 | 4.6 it/s
step    6950 | cos 0.5271 | thought 0.9934 dec_ce 2.0189 | 4.5 it/s
step    7000 | cos 0.5293 | thought 0.9823 dec_ce 2.3946 | 4.5 it/s
step    7000 | VAL cos 0.5411 | VAL dec CE 3.9069
step    7050 | cos 0.5240 | thought 0.9232 dec_ce 1.8677 | 3.3 it/s
step    7100 | cos 0.5322 | thought 0.9053 dec_ce 2.063 | 4.6 it/s
step    7150 | cos 0.5305 | thought 0.9835 dec_ce 2.0076 | 4.5 it/s
step    7200 | cos 0.5294 | thought 0.9799 dec_ce 2.0999 | 4.5 it/s
step    7250 | cos 0.5282 | thought 1.0392 dec_ce 2.3635 | 4.4 it/s
step    7300 | cos 0.5311 | thought 0.9394 dec_ce 2.0761 | 4.5 it/s
step    7350 | cos 0.5320 | thought 0.9212 dec_ce 1.8903 | 4.7 it/s
step    7400 | cos 0.5319 | thought 0.9115 dec_ce 1.905 | 4.6 it/s
step    7450 | cos 0.5275 | thought 0.929 dec_ce 2.1212 | 4.4 it/s
step    7500 | cos 0.5312 | thought 0.9349 dec_ce 2.1146 | 4.4 it/s
step    7500 | VAL cos 0.5413 | VAL dec CE 3.8978
step    7550 | cos 0.5315 | thought 0.9645 dec_ce 2.0751 | 3.4 it/s
step    7600 | cos 0.5303 | thought 0.9779 dec_ce 2.1924 | 4.5 it/s
step    7650 | cos 0.5289 | thought 0.9763 dec_ce 2.1875 | 4.5 it/s
step    7700 | cos 0.5277 | thought 0.9683 dec_ce 2.0555 | 4.6 it/s
step    7750 | cos 0.5270 | thought 0.9517 dec_ce 1.9878 | 4.6 it/s
step    7800 | cos 0.5268 | thought 0.9913 dec_ce 2.119 | 4.5 it/s
step    7850 | cos 0.5275 | thought 0.9802 dec_ce 2.0849 | 4.5 it/s
step    7900 | cos 0.5284 | thought 1.0151 dec_ce 2.308 | 4.6 it/s
step    7950 | cos 0.5309 | thought 0.9533 dec_ce 2.0949 | 4.5 it/s
step    8000 | cos 0.5292 | thought 0.94 dec_ce 1.9798 | 4.5 it/s
step    8000 | VAL cos 0.5405 | VAL dec CE 3.8825
step    8050 | cos 0.5325 | thought 0.9262 dec_ce 1.9908 | 3.3 it/s
step    8100 | cos 0.5336 | thought 0.9199 dec_ce 1.9964 | 4.7 it/s
step    8150 | cos 0.5301 | thought 0.9318 dec_ce 1.8971 | 4.6 it/s
step    8200 | cos 0.5305 | thought 0.9078 dec_ce 1.9979 | 4.4 it/s
step    8250 | cos 0.5338 | thought 0.918 dec_ce 1.9243 | 4.4 it/s
step    8300 | cos 0.5308 | thought 0.9575 dec_ce 2.1449 | 4.5 it/s
step    8350 | cos 0.5295 | thought 0.9484 dec_ce 1.9552 | 4.5 it/s
step    8400 | cos 0.5293 | thought 0.9821 dec_ce 2.1773 | 4.5 it/s
step    8450 | cos 0.5292 | thought 0.9632 dec_ce 1.9966 | 4.6 it/s
step    8500 | cos 0.5303 | thought 0.9571 dec_ce 2.0657 | 4.5 it/s
step    8500 | VAL cos 0.5422 | VAL dec CE 3.8844
step    8550 | cos 0.5272 | thought 0.9807 dec_ce 2.1227 | 3.4 it/s
step    8600 | cos 0.5290 | thought 0.8999 dec_ce 1.9138 | 4.5 it/s
step    8650 | cos 0.5303 | thought 1.0089 dec_ce 2.1942 | 4.6 it/s
step    8700 | cos 0.5306 | thought 0.9742 dec_ce 2.062 | 4.5 it/s
step    8750 | cos 0.5315 | thought 0.9135 dec_ce 2.0952 | 4.6 it/s
step    8800 | cos 0.5301 | thought 0.9435 dec_ce 2.1032 | 4.5 it/s
step    8850 | cos 0.5299 | thought 0.955 dec_ce 2.2229 | 4.5 it/s
step    8900 | cos 0.5312 | thought 0.9538 dec_ce 2.2064 | 4.5 it/s
step    8950 | cos 0.5277 | thought 1.0041 dec_ce 1.9861 | 4.5 it/s
step    9000 | cos 0.5331 | thought 0.993 dec_ce 2.0187 | 4.6 it/s
step    9000 | VAL cos 0.5428 | VAL dec CE 3.8894
step    9050 | cos 0.5319 | thought 0.9631 dec_ce 2.0923 | 3.3 it/s
step    9100 | cos 0.5315 | thought 0.9343 dec_ce 1.9881 | 4.5 it/s
step    9150 | cos 0.5342 | thought 0.9827 dec_ce 2.1892 | 4.5 it/s
step    9200 | cos 0.5335 | thought 0.9589 dec_ce 2.0379 | 4.7 it/s
step    9250 | cos 0.5315 | thought 1.0241 dec_ce 2.2427 | 4.6 it/s
step    9300 | cos 0.5326 | thought 0.9893 dec_ce 2.117 | 4.6 it/s
step    9350 | cos 0.5327 | thought 0.9358 dec_ce 2.0185 | 4.6 it/s
step    9400 | cos 0.5276 | thought 0.9939 dec_ce 2.0928 | 4.4 it/s
step    9450 | cos 0.5277 | thought 0.9959 dec_ce 2.2333 | 4.6 it/s
step    9500 | cos 0.5305 | thought 0.933 dec_ce 2.078 | 4.5 it/s
step    9500 | VAL cos 0.5439 | VAL dec CE 3.8770
step    9550 | cos 0.5322 | thought 0.9666 dec_ce 1.9826 | 3.2 it/s
step    9600 | cos 0.5308 | thought 0.992 dec_ce 2.0501 | 4.5 it/s
step    9650 | cos 0.5327 | thought 0.9665 dec_ce 2.1829 | 4.5 it/s
step    9700 | cos 0.5320 | thought 0.997 dec_ce 2.1035 | 4.5 it/s
step    9750 | cos 0.5338 | thought 0.9041 dec_ce 1.8108 | 4.5 it/s
step    9800 | cos 0.5283 | thought 0.9358 dec_ce 1.9318 | 4.5 it/s
step    9850 | cos 0.5327 | thought 0.9942 dec_ce 2.1 | 4.6 it/s
step    9900 | cos 0.5305 | thought 1.0045 dec_ce 2.2157 | 4.5 it/s
step    9950 | cos 0.5314 | thought 0.9339 dec_ce 2.0185 | 4.6 it/s
step   10000 | cos 0.5294 | thought 0.9093 dec_ce 1.9011 | 4.5 it/s
step   10000 | VAL cos 0.5439 | VAL dec CE 3.8749
step   10050 | cos 0.5334 | thought 0.9085 dec_ce 1.875 | 3.2 it/s
step   10100 | cos 0.5324 | thought 0.9361 dec_ce 1.9817 | 4.6 it/s
step   10150 | cos 0.5310 | thought 0.9131 dec_ce 2.0425 | 4.5 it/s
step   10200 | cos 0.5327 | thought 0.9657 dec_ce 2.0388 | 4.5 it/s
step   10250 | cos 0.5276 | thought 0.9005 dec_ce 2.0235 | 4.5 it/s
step   10300 | cos 0.5269 | thought 0.9909 dec_ce 2.158 | 4.5 it/s
step   10350 | cos 0.5343 | thought 0.9861 dec_ce 2.0954 | 4.5 it/s
step   10400 | cos 0.5282 | thought 0.9316 dec_ce 2.0342 | 4.4 it/s
step   10450 | cos 0.5273 | thought 0.9835 dec_ce 2.0422 | 4.5 it/s
step   10500 | cos 0.5304 | thought 1.0041 dec_ce 2.2614 | 4.5 it/s
step   10500 | VAL cos 0.5446 | VAL dec CE 3.8812
step   10550 | cos 0.5287 | thought 1.0043 dec_ce 2.0663 | 3.3 it/s
step   10600 | cos 0.5316 | thought 0.9386 dec_ce 2.1108 | 4.4 it/s
step   10650 | cos 0.5329 | thought 0.9766 dec_ce 2.2582 | 4.6 it/s
step   10700 | cos 0.5319 | thought 0.9697 dec_ce 2.179 | 4.5 it/s
step   10750 | cos 0.5351 | thought 0.9385 dec_ce 1.9629 | 4.5 it/s
step   10800 | cos 0.5319 | thought 1.0026 dec_ce 2.1737 | 4.6 it/s
step   10850 | cos 0.5318 | thought 0.9822 dec_ce 2.2814 | 4.4 it/s
step   10900 | cos 0.5324 | thought 0.9049 dec_ce 1.9246 | 4.4 it/s
step   10950 | cos 0.5316 | thought 0.9947 dec_ce 2.1655 | 4.5 it/s
step   11000 | cos 0.5312 | thought 0.9765 dec_ce 2.2623 | 4.5 it/s
step   11000 | VAL cos 0.5442 | VAL dec CE 3.8710
step   11050 | cos 0.5349 | thought 0.9244 dec_ce 1.9879 | 3.3 it/s
step   11100 | cos 0.5305 | thought 1.0025 dec_ce 2.2204 | 4.5 it/s
step   11150 | cos 0.5312 | thought 0.9482 dec_ce 2.015 | 4.5 it/s
step   11200 | cos 0.5339 | thought 0.9121 dec_ce 1.8938 | 4.5 it/s
step   11250 | cos 0.5344 | thought 0.9452 dec_ce 1.9772 | 4.6 it/s
step   11300 | cos 0.5331 | thought 0.9909 dec_ce 2.0883 | 4.6 it/s
step   11350 | cos 0.5352 | thought 0.9133 dec_ce 1.9094 | 4.5 it/s
step   11400 | cos 0.5323 | thought 0.941 dec_ce 1.9329 | 4.5 it/s
step   11450 | cos 0.5313 | thought 0.9806 dec_ce 2.0882 | 4.4 it/s
step   11500 | cos 0.5322 | thought 0.9439 dec_ce 1.9753 | 4.5 it/s
step   11500 | VAL cos 0.5451 | VAL dec CE 3.8664
step   11550 | cos 0.5363 | thought 0.9703 dec_ce 2.1016 | 3.3 it/s
step   11600 | cos 0.5308 | thought 0.9915 dec_ce 2.1939 | 4.5 it/s
step   11650 | cos 0.5326 | thought 0.9601 dec_ce 2.0534 | 4.4 it/s
step   11700 | cos 0.5330 | thought 0.8982 dec_ce 1.8415 | 4.6 it/s
step   11750 | cos 0.5313 | thought 0.9259 dec_ce 2.144 | 4.4 it/s
step   11800 | cos 0.5324 | thought 0.933 dec_ce 1.9498 | 4.5 it/s
step   11850 | cos 0.5305 | thought 1.0139 dec_ce 2.084 | 4.4 it/s
step   11900 | cos 0.5312 | thought 0.914 dec_ce 1.8811 | 4.5 it/s
step   11950 | cos 0.5340 | thought 0.9552 dec_ce 1.9352 | 4.5 it/s
step   12000 | cos 0.5382 | thought 0.9583 dec_ce 2.1295 | 4.5 it/s
step   12000 | VAL cos 0.5459 | VAL dec CE 3.8536
step   12050 | cos 0.5328 | thought 0.9785 dec_ce 2.1651 | 3.2 it/s
step   12100 | cos 0.5353 | thought 0.9791 dec_ce 2.069 | 4.4 it/s
step   12150 | cos 0.5371 | thought 0.9189 dec_ce 1.8856 | 4.5 it/s
step   12200 | cos 0.5352 | thought 0.9369 dec_ce 2.0706 | 4.5 it/s
step   12250 | cos 0.5371 | thought 0.9309 dec_ce 1.9475 | 4.6 it/s
step   12300 | cos 0.5348 | thought 0.9577 dec_ce 2.0738 | 4.6 it/s
step   12350 | cos 0.5331 | thought 0.9469 dec_ce 1.9881 | 4.5 it/s
step   12400 | cos 0.5340 | thought 0.9318 dec_ce 1.9535 | 4.5 it/s
step   12450 | cos 0.5332 | thought 0.9634 dec_ce 2.006 | 4.5 it/s
step   12500 | cos 0.5345 | thought 1.0208 dec_ce 2.0909 | 4.6 it/s
step   12500 | VAL cos 0.5453 | VAL dec CE 3.8636
step   12550 | cos 0.5367 | thought 0.9677 dec_ce 2.0964 | 3.4 it/s
step   12600 | cos 0.5370 | thought 0.95 dec_ce 2.1823 | 4.6 it/s
step   12650 | cos 0.5352 | thought 0.9726 dec_ce 2.1108 | 4.6 it/s
step   12700 | cos 0.5362 | thought 0.9454 dec_ce 2.084 | 4.6 it/s
step   12750 | cos 0.5384 | thought 0.9946 dec_ce 2.17 | 4.4 it/s
step   12800 | cos 0.5353 | thought 0.9752 dec_ce 2.1191 | 4.5 it/s
step   12850 | cos 0.5327 | thought 0.9681 dec_ce 2.1225 | 4.5 it/s
step   12900 | cos 0.5397 | thought 0.9516 dec_ce 2.1753 | 4.6 it/s
step   12950 | cos 0.5381 | thought 0.9671 dec_ce 2.0177 | 4.6 it/s
step   13000 | cos 0.5354 | thought 0.9155 dec_ce 1.9793 | 4.5 it/s
step   13000 | VAL cos 0.5474 | VAL dec CE 3.8604
step   13050 | cos 0.5365 | thought 1.0062 dec_ce 2.2545 | 3.4 it/s
step   13100 | cos 0.5351 | thought 0.9328 dec_ce 1.972 | 4.6 it/s
step   13150 | cos 0.5346 | thought 0.9917 dec_ce 2.1177 | 4.6 it/s
step   13200 | cos 0.5402 | thought 0.9585 dec_ce 2.0878 | 4.5 it/s
step   13250 | cos 0.5332 | thought 0.9429 dec_ce 1.945 | 4.6 it/s
step   13300 | cos 0.5374 | thought 0.9696 dec_ce 2.0294 | 4.5 it/s
step   13350 | cos 0.5330 | thought 0.9487 dec_ce 2.1247 | 4.6 it/s
step   13400 | cos 0.5350 | thought 0.9431 dec_ce 2.0726 | 4.5 it/s
step   13450 | cos 0.5359 | thought 0.9433 dec_ce 2.1723 | 4.5 it/s
step   13500 | cos 0.5361 | thought 0.9453 dec_ce 2.0043 | 4.5 it/s
step   13500 | VAL cos 0.5450 | VAL dec CE 3.8715
step   13550 | cos 0.5361 | thought 0.9631 dec_ce 1.9568 | 3.3 it/s
step   13600 | cos 0.5338 | thought 0.9841 dec_ce 2.1883 | 4.5 it/s
step   13650 | cos 0.5353 | thought 0.9411 dec_ce 2.1788 | 4.4 it/s
step   13700 | cos 0.5378 | thought 0.9267 dec_ce 1.9008 | 4.6 it/s
step   13750 | cos 0.5353 | thought 0.9414 dec_ce 1.9023 | 4.4 it/s
step   13800 | cos 0.5335 | thought 0.9366 dec_ce 1.9824 | 4.4 it/s
step   13850 | cos 0.5347 | thought 0.9548 dec_ce 2.0694 | 4.5 it/s
step   13900 | cos 0.5334 | thought 0.9762 dec_ce 2.084 | 4.5 it/s
step   13950 | cos 0.5349 | thought 0.9669 dec_ce 2.3297 | 4.4 it/s
step   14000 | cos 0.5368 | thought 0.9748 dec_ce 2.2325 | 4.4 it/s
step   14000 | VAL cos 0.5477 | VAL dec CE 3.8486
step   14050 | cos 0.5364 | thought 0.9398 dec_ce 2.0851 | 3.3 it/s
step   14100 | cos 0.5329 | thought 0.983 dec_ce 2.0689 | 4.5 it/s
step   14150 | cos 0.5365 | thought 0.9074 dec_ce 2.0729 | 4.5 it/s
step   14200 | cos 0.5353 | thought 0.9079 dec_ce 1.9956 | 4.5 it/s
step   14250 | cos 0.5306 | thought 0.9326 dec_ce 1.9954 | 4.4 it/s
step   14300 | cos 0.5336 | thought 0.9092 dec_ce 1.9573 | 4.5 it/s
step   14350 | cos 0.5355 | thought 0.9432 dec_ce 2.0225 | 4.6 it/s
step   14400 | cos 0.5372 | thought 0.9383 dec_ce 2.0104 | 4.5 it/s
step   14450 | cos 0.5345 | thought 0.9645 dec_ce 2.0855 | 4.4 it/s
step   14500 | cos 0.5372 | thought 0.9378 dec_ce 2.1519 | 4.5 it/s
step   14500 | VAL cos 0.5472 | VAL dec CE 3.8507
step   14550 | cos 0.5386 | thought 0.9543 dec_ce 2.2829 | 3.3 it/s
step   14600 | cos 0.5369 | thought 0.9543 dec_ce 2.0612 | 4.6 it/s
step   14650 | cos 0.5398 | thought 0.9637 dec_ce 2.0854 | 4.5 it/s
step   14700 | cos 0.5361 | thought 0.9598 dec_ce 1.9758 | 4.5 it/s
step   14750 | cos 0.5356 | thought 0.9708 dec_ce 2.009 | 4.4 it/s
step   14800 | cos 0.5346 | thought 0.9301 dec_ce 2.063 | 4.5 it/s
step   14850 | cos 0.5365 | thought 0.9666 dec_ce 2.0096 | 4.6 it/s
step   14900 | cos 0.5383 | thought 0.9335 dec_ce 2.1158 | 4.6 it/s
step   14950 | cos 0.5391 | thought 0.916 dec_ce 1.9297 | 4.5 it/s
step   15000 | cos 0.5350 | thought 0.951 dec_ce 2.1053 | 4.4 it/s
step   15000 | VAL cos 0.5479 | VAL dec CE 3.8525
step   15050 | cos 0.5345 | thought 0.9375 dec_ce 2.0445 | 3.3 it/s
step   15100 | cos 0.5354 | thought 0.9612 dec_ce 2.0708 | 4.5 it/s
step   15150 | cos 0.5364 | thought 0.9002 dec_ce 1.9015 | 4.6 it/s
step   15200 | cos 0.5376 | thought 0.9254 dec_ce 1.9315 | 4.6 it/s
step   15250 | cos 0.5395 | thought 0.9302 dec_ce 2.0687 | 4.6 it/s
step   15300 | cos 0.5405 | thought 0.9352 dec_ce 1.9232 | 4.7 it/s
step   15350 | cos 0.5368 | thought 0.9769 dec_ce 2.027 | 4.4 it/s
step   15400 | cos 0.5325 | thought 0.9807 dec_ce 2.1387 | 4.5 it/s
step   15450 | cos 0.5362 | thought 0.9091 dec_ce 1.8556 | 4.6 it/s
step   15500 | cos 0.5397 | thought 0.9626 dec_ce 2.1123 | 4.5 it/s
step   15500 | VAL cos 0.5476 | VAL dec CE 3.8377
step   15550 | cos 0.5356 | thought 0.946 dec_ce 1.8964 | 3.2 it/s
step   15600 | cos 0.5363 | thought 0.9806 dec_ce 2.3 | 4.5 it/s
step   15650 | cos 0.5383 | thought 0.9483 dec_ce 2.0394 | 4.5 it/s
step   15700 | cos 0.5333 | thought 0.932 dec_ce 1.9508 | 4.4 it/s
step   15750 | cos 0.5373 | thought 0.8989 dec_ce 1.834 | 4.6 it/s
step   15800 | cos 0.5355 | thought 0.9152 dec_ce 1.936 | 4.6 it/s
step   15850 | cos 0.5351 | thought 0.9091 dec_ce 2.0302 | 4.5 it/s
step   15900 | cos 0.5352 | thought 0.9459 dec_ce 2.1091 | 4.6 it/s
step   15950 | cos 0.5354 | thought 0.9509 dec_ce 2.0157 | 4.6 it/s
step   16000 | cos 0.5382 | thought 0.8893 dec_ce 1.9107 | 4.6 it/s
step   16000 | VAL cos 0.5477 | VAL dec CE 3.8492
step   16050 | cos 0.5380 | thought 0.9172 dec_ce 1.9277 | 3.3 it/s
step   16100 | cos 0.5356 | thought 0.9805 dec_ce 2.2416 | 4.5 it/s
step   16150 | cos 0.5374 | thought 0.9341 dec_ce 1.8812 | 4.5 it/s
step   16200 | cos 0.5345 | thought 1.0127 dec_ce 2.0384 | 4.4 it/s
step   16250 | cos 0.5384 | thought 0.947 dec_ce 1.95 | 4.6 it/s
step   16300 | cos 0.5397 | thought 0.9372 dec_ce 2.0631 | 4.6 it/s
step   16350 | cos 0.5368 | thought 0.9179 dec_ce 1.9246 | 4.4 it/s
step   16400 | cos 0.5374 | thought 0.9737 dec_ce 2.2801 | 4.6 it/s
step   16450 | cos 0.5379 | thought 0.9371 dec_ce 2.0361 | 4.5 it/s
step   16500 | cos 0.5389 | thought 0.9473 dec_ce 2.1026 | 4.4 it/s
step   16500 | VAL cos 0.5484 | VAL dec CE 3.8360
step   16550 | cos 0.5371 | thought 0.9815 dec_ce 2.2454 | 3.3 it/s
step   16600 | cos 0.5364 | thought 0.9246 dec_ce 2.0245 | 4.5 it/s
step   16650 | cos 0.5386 | thought 0.9107 dec_ce 1.8458 | 4.5 it/s
step   16700 | cos 0.5396 | thought 0.9553 dec_ce 1.9126 | 4.6 it/s
step   16750 | cos 0.5385 | thought 0.9457 dec_ce 1.9974 | 4.5 it/s
step   16800 | cos 0.5370 | thought 0.9632 dec_ce 2.1852 | 4.5 it/s
step   16850 | cos 0.5360 | thought 0.9678 dec_ce 1.8799 | 4.5 it/s
step   16900 | cos 0.5362 | thought 0.9276 dec_ce 1.9771 | 4.4 it/s
step   16950 | cos 0.5404 | thought 0.9484 dec_ce 1.9356 | 4.6 it/s
step   17000 | cos 0.5365 | thought 0.9138 dec_ce 1.96 | 4.4 it/s
step   17000 | VAL cos 0.5484 | VAL dec CE 3.8391
step   17050 | cos 0.5348 | thought 0.9584 dec_ce 2.0249 | 3.4 it/s
step   17100 | cos 0.5393 | thought 0.9375 dec_ce 2.0833 | 4.5 it/s
step   17150 | cos 0.5370 | thought 0.9367 dec_ce 1.9893 | 4.4 it/s
step   17200 | cos 0.5407 | thought 0.8967 dec_ce 1.8402 | 4.4 it/s
step   17250 | cos 0.5405 | thought 0.9591 dec_ce 2.0649 | 4.6 it/s
step   17300 | cos 0.5374 | thought 0.9032 dec_ce 1.8416 | 4.5 it/s
step   17350 | cos 0.5338 | thought 0.9968 dec_ce 2.2264 | 4.4 it/s
step   17400 | cos 0.5378 | thought 0.9501 dec_ce 1.9619 | 4.5 it/s
step   17450 | cos 0.5394 | thought 0.9317 dec_ce 2.0765 | 4.5 it/s
step   17500 | cos 0.5376 | thought 0.9762 dec_ce 2.0627 | 4.5 it/s
step   17500 | VAL cos 0.5478 | VAL dec CE 3.8372
step   17550 | cos 0.5406 | thought 0.9566 dec_ce 1.9533 | 3.4 it/s
step   17600 | cos 0.5396 | thought 0.9492 dec_ce 2.017 | 4.6 it/s
step   17650 | cos 0.5362 | thought 0.9419 dec_ce 2.0573 | 4.5 it/s
step   17700 | cos 0.5345 | thought 0.9216 dec_ce 2.014 | 4.7 it/s
step   17750 | cos 0.5383 | thought 0.9697 dec_ce 2.2064 | 4.5 it/s
step   17800 | cos 0.5394 | thought 0.94 dec_ce 1.9886 | 4.5 it/s
step   17850 | cos 0.5373 | thought 0.9268 dec_ce 1.9667 | 4.5 it/s
step   17900 | cos 0.5400 | thought 0.9384 dec_ce 2.0068 | 4.5 it/s
step   17950 | cos 0.5348 | thought 0.8629 dec_ce 1.9595 | 4.5 it/s
step   18000 | cos 0.5356 | thought 1.006 dec_ce 2.0608 | 4.5 it/s
step   18000 | VAL cos 0.5487 | VAL dec CE 3.8328
step   18050 | cos 0.5390 | thought 0.9221 dec_ce 2.0532 | 3.3 it/s
step   18100 | cos 0.5409 | thought 0.8987 dec_ce 2.0822 | 4.5 it/s
step   18150 | cos 0.5390 | thought 0.9677 dec_ce 2.0725 | 4.5 it/s
step   18200 | cos 0.5367 | thought 0.973 dec_ce 2.1147 | 4.5 it/s
step   18250 | cos 0.5392 | thought 0.9141 dec_ce 1.8632 | 4.5 it/s
step   18300 | cos 0.5401 | thought 0.9598 dec_ce 2.056 | 4.5 it/s
step   18350 | cos 0.5406 | thought 0.9478 dec_ce 2.1287 | 4.5 it/s
step   18400 | cos 0.5368 | thought 0.9738 dec_ce 2.1713 | 4.5 it/s
step   18450 | cos 0.5387 | thought 0.9525 dec_ce 2.0186 | 4.5 it/s
step   18500 | cos 0.5338 | thought 0.9894 dec_ce 2.1153 | 4.5 it/s
step   18500 | VAL cos 0.5502 | VAL dec CE 3.8308
step   18550 | cos 0.5399 | thought 0.9343 dec_ce 2.1581 | 3.3 it/s
step   18600 | cos 0.5352 | thought 0.9905 dec_ce 2.0697 | 4.5 it/s
step   18650 | cos 0.5427 | thought 0.9331 dec_ce 2.1131 | 4.5 it/s
step   18700 | cos 0.5377 | thought 0.962 dec_ce 2.0139 | 4.4 it/s
step   18750 | cos 0.5391 | thought 0.9521 dec_ce 2.0491 | 4.5 it/s
step   18800 | cos 0.5426 | thought 0.9571 dec_ce 2.1577 | 4.5 it/s
step   18850 | cos 0.5388 | thought 0.9326 dec_ce 2.0621 | 4.6 it/s
step   18900 | cos 0.5398 | thought 0.976 dec_ce 2.0076 | 4.6 it/s
step   18950 | cos 0.5375 | thought 0.972 dec_ce 2.0712 | 4.4 it/s
step   19000 | cos 0.5375 | thought 0.9599 dec_ce 2.0152 | 4.6 it/s
step   19000 | VAL cos 0.5501 | VAL dec CE 3.8346
step   19050 | cos 0.5365 | thought 0.946 dec_ce 1.9667 | 3.4 it/s
step   19100 | cos 0.5397 | thought 0.955 dec_ce 1.9477 | 4.6 it/s
step   19150 | cos 0.5402 | thought 0.9302 dec_ce 1.9849 | 4.4 it/s
step   19200 | cos 0.5381 | thought 0.9209 dec_ce 2.0426 | 4.5 it/s
step   19250 | cos 0.5405 | thought 0.9566 dec_ce 2.0278 | 4.5 it/s
step   19300 | cos 0.5382 | thought 0.9858 dec_ce 2.1268 | 4.5 it/s
step   19350 | cos 0.5351 | thought 0.9969 dec_ce 2.1227 | 4.4 it/s
step   19400 | cos 0.5404 | thought 0.9485 dec_ce 2.0254 | 4.6 it/s
step   19450 | cos 0.5339 | thought 0.9762 dec_ce 2.0778 | 4.6 it/s
step   19500 | cos 0.5397 | thought 0.9255 dec_ce 2.0153 | 4.5 it/s
step   19500 | VAL cos 0.5501 | VAL dec CE 3.8284
step   19550 | cos 0.5383 | thought 0.9788 dec_ce 1.9917 | 3.3 it/s
step   19600 | cos 0.5391 | thought 0.918 dec_ce 2.006 | 4.5 it/s
step   19650 | cos 0.5381 | thought 0.9573 dec_ce 1.9305 | 4.4 it/s
step   19700 | cos 0.5401 | thought 0.9398 dec_ce 1.969 | 4.5 it/s
step   19750 | cos 0.5434 | thought 0.9368 dec_ce 2.0618 | 4.4 it/s
step   19800 | cos 0.5371 | thought 0.9134 dec_ce 1.938 | 4.5 it/s
step   19850 | cos 0.5391 | thought 0.9766 dec_ce 2.2869 | 4.5 it/s
step   19900 | cos 0.5397 | thought 0.9391 dec_ce 2.1256 | 4.5 it/s
step   19950 | cos 0.5392 | thought 0.8983 dec_ce 1.8906 | 4.5 it/s
step   20000 | cos 0.5343 | thought 0.9288 dec_ce 2.067 | 4.5 it/s
step   20000 | VAL cos 0.5502 | VAL dec CE 3.8233
step   20050 | cos 0.5414 | thought 0.9087 dec_ce 1.9025 | 3.3 it/s
step   20100 | cos 0.5396 | thought 0.9178 dec_ce 1.8697 | 4.4 it/s
step   20150 | cos 0.5399 | thought 0.9656 dec_ce 2.0966 | 4.5 it/s
step   20200 | cos 0.5356 | thought 0.9409 dec_ce 2.1037 | 4.6 it/s
step   20250 | cos 0.5357 | thought 0.9303 dec_ce 1.8805 | 4.4 it/s
step   20300 | cos 0.5398 | thought 0.9835 dec_ce 2.1377 | 4.5 it/s
step   20350 | cos 0.5380 | thought 0.9594 dec_ce 1.9817 | 4.5 it/s
step   20400 | cos 0.5404 | thought 0.9842 dec_ce 2.2329 | 4.6 it/s
step   20450 | cos 0.5420 | thought 0.9449 dec_ce 2.117 | 4.6 it/s
step   20500 | cos 0.5412 | thought 0.9248 dec_ce 2.1569 | 4.5 it/s
step   20500 | VAL cos 0.5508 | VAL dec CE 3.8360
step   20550 | cos 0.5371 | thought 0.8923 dec_ce 1.9352 | 3.3 it/s
step   20600 | cos 0.5378 | thought 0.9102 dec_ce 2.0236 | 4.5 it/s
step   20650 | cos 0.5418 | thought 0.9477 dec_ce 2.009 | 4.6 it/s
step   20700 | cos 0.5395 | thought 0.8948 dec_ce 1.8972 | 4.6 it/s
step   20750 | cos 0.5375 | thought 0.9163 dec_ce 1.9513 | 4.4 it/s
step   20800 | cos 0.5381 | thought 0.9866 dec_ce 2.1307 | 4.5 it/s
step   20850 | cos 0.5371 | thought 0.8652 dec_ce 1.78 | 4.5 it/s
step   20900 | cos 0.5397 | thought 0.9451 dec_ce 2.0837 | 4.6 it/s
step   20950 | cos 0.5354 | thought 0.9128 dec_ce 1.9287 | 4.5 it/s
step   21000 | cos 0.5394 | thought 0.9133 dec_ce 1.9341 | 4.6 it/s
step   21000 | VAL cos 0.5505 | VAL dec CE 3.8169
step   21050 | cos 0.5372 | thought 0.9787 dec_ce 2.069 | 3.3 it/s
step   21100 | cos 0.5405 | thought 0.9672 dec_ce 2.1864 | 4.4 it/s
step   21150 | cos 0.5402 | thought 0.9715 dec_ce 2.2165 | 4.4 it/s
step   21200 | cos 0.5369 | thought 0.9022 dec_ce 1.9904 | 4.5 it/s
step   21250 | cos 0.5397 | thought 1.0043 dec_ce 2.3478 | 4.3 it/s
step   21300 | cos 0.5397 | thought 0.9657 dec_ce 2.0573 | 4.5 it/s
step   21350 | cos 0.5368 | thought 0.9593 dec_ce 1.9423 | 4.5 it/s
step   21400 | cos 0.5405 | thought 0.9207 dec_ce 2.0535 | 4.5 it/s
step   21450 | cos 0.5398 | thought 0.9649 dec_ce 2.0503 | 4.5 it/s
step   21500 | cos 0.5384 | thought 1.0238 dec_ce 2.1139 | 4.4 it/s
step   21500 | VAL cos 0.5506 | VAL dec CE 3.8196
step   21550 | cos 0.5385 | thought 0.971 dec_ce 2.0801 | 3.5 it/s
step   21600 | cos 0.5394 | thought 0.9683 dec_ce 1.9821 | 4.5 it/s
step   21650 | cos 0.5419 | thought 0.9853 dec_ce 2.1315 | 4.4 it/s
step   21700 | cos 0.5405 | thought 0.9483 dec_ce 2.0763 | 4.5 it/s
step   21750 | cos 0.5398 | thought 0.9438 dec_ce 2.1707 | 4.5 it/s
step   21800 | cos 0.5393 | thought 0.9392 dec_ce 1.966 | 4.6 it/s
step   21850 | cos 0.5410 | thought 0.9722 dec_ce 2.1074 | 4.5 it/s
step   21900 | cos 0.5421 | thought 0.9193 dec_ce 1.9491 | 4.5 it/s
step   21950 | cos 0.5379 | thought 0.9871 dec_ce 2.2674 | 4.5 it/s
step   22000 | cos 0.5407 | thought 0.9527 dec_ce 2.1425 | 4.6 it/s
step   22000 | VAL cos 0.5508 | VAL dec CE 3.8118
step   22050 | cos 0.5377 | thought 0.9612 dec_ce 2.031 | 3.2 it/s
step   22100 | cos 0.5416 | thought 0.9173 dec_ce 2.0316 | 4.6 it/s
step   22150 | cos 0.5409 | thought 0.9431 dec_ce 2.066 | 4.4 it/s
step   22200 | cos 0.5429 | thought 0.9652 dec_ce 2.1115 | 4.7 it/s
step   22250 | cos 0.5369 | thought 0.9534 dec_ce 2.0695 | 4.4 it/s
step   22300 | cos 0.5401 | thought 0.8931 dec_ce 1.8308 | 4.5 it/s
step   22350 | cos 0.5410 | thought 0.9496 dec_ce 2.0061 | 4.6 it/s
step   22400 | cos 0.5398 | thought 0.9576 dec_ce 2.1647 | 4.6 it/s
step   22450 | cos 0.5380 | thought 0.9489 dec_ce 1.9968 | 4.4 it/s
step   22500 | cos 0.5388 | thought 0.9489 dec_ce 2.0415 | 4.5 it/s
step   22500 | VAL cos 0.5512 | VAL dec CE 3.8178
step   22550 | cos 0.5383 | thought 0.9792 dec_ce 2.1561 | 3.5 it/s
step   22600 | cos 0.5410 | thought 0.9467 dec_ce 1.9754 | 4.4 it/s
step   22650 | cos 0.5404 | thought 0.912 dec_ce 2.1628 | 4.6 it/s
step   22700 | cos 0.5402 | thought 0.9527 dec_ce 2.0438 | 4.6 it/s
step   22750 | cos 0.5420 | thought 0.974 dec_ce 2.0581 | 4.4 it/s
step   22800 | cos 0.5398 | thought 0.983 dec_ce 2.1654 | 4.5 it/s
step   22850 | cos 0.5385 | thought 0.889 dec_ce 1.9218 | 4.5 it/s
step   22900 | cos 0.5401 | thought 0.9304 dec_ce 2.0624 | 4.6 it/s
step   22950 | cos 0.5383 | thought 0.985 dec_ce 1.9692 | 4.5 it/s
step   23000 | cos 0.5409 | thought 0.9431 dec_ce 2.2336 | 4.4 it/s
step   23000 | VAL cos 0.5516 | VAL dec CE 3.8155
step   23050 | cos 0.5423 | thought 0.8991 dec_ce 1.8885 | 3.3 it/s
step   23100 | cos 0.5390 | thought 0.96 dec_ce 1.9899 | 4.5 it/s
step   23150 | cos 0.5396 | thought 0.9702 dec_ce 2.0497 | 4.6 it/s
step   23200 | cos 0.5417 | thought 0.934 dec_ce 2.2074 | 4.4 it/s
step   23250 | cos 0.5460 | thought 0.946 dec_ce 1.968 | 4.7 it/s
step   23300 | cos 0.5413 | thought 0.9005 dec_ce 1.8873 | 4.4 it/s
step   23350 | cos 0.5377 | thought 0.9753 dec_ce 2.1031 | 4.5 it/s
step   23400 | cos 0.5455 | thought 1.0146 dec_ce 2.1538 | 4.5 it/s
step   23450 | cos 0.5474 | thought 0.9478 dec_ce 1.9722 | 4.6 it/s
step   23500 | cos 0.5414 | thought 0.9546 dec_ce 2.0334 | 4.5 it/s
step   23500 | VAL cos 0.5517 | VAL dec CE 3.8169
step   23550 | cos 0.5437 | thought 0.8979 dec_ce 1.856 | 3.2 it/s
step   23600 | cos 0.5412 | thought 0.9276 dec_ce 1.8932 | 4.5 it/s
step   23650 | cos 0.5418 | thought 0.9833 dec_ce 2.0472 | 4.4 it/s
step   23700 | cos 0.5409 | thought 0.9489 dec_ce 2.1388 | 4.4 it/s
step   23750 | cos 0.5438 | thought 0.9235 dec_ce 1.9548 | 4.5 it/s
step   23800 | cos 0.5451 | thought 0.9036 dec_ce 1.9185 | 4.6 it/s
step   23850 | cos 0.5455 | thought 0.9365 dec_ce 1.9392 | 4.6 it/s
step   23900 | cos 0.5402 | thought 0.9676 dec_ce 2.1737 | 4.5 it/s
step   23950 | cos 0.5427 | thought 0.9899 dec_ce 2.0662 | 4.4 it/s
step   24000 | cos 0.5442 | thought 0.8993 dec_ce 1.8025 | 4.5 it/s
step   24000 | VAL cos 0.5512 | VAL dec CE 3.8057
step   24050 | cos 0.5448 | thought 0.9092 dec_ce 1.9615 | 3.3 it/s
step   24100 | cos 0.5407 | thought 0.9378 dec_ce 1.9756 | 4.5 it/s
step   24150 | cos 0.5438 | thought 0.9187 dec_ce 2.0297 | 4.4 it/s
step   24200 | cos 0.5416 | thought 0.9299 dec_ce 1.9914 | 4.4 it/s
step   24250 | cos 0.5418 | thought 0.949 dec_ce 1.9991 | 4.5 it/s
step   24300 | cos 0.5443 | thought 0.9035 dec_ce 1.8454 | 4.5 it/s
step   24350 | cos 0.5445 | thought 0.9364 dec_ce 1.9037 | 4.5 it/s
step   24400 | cos 0.5485 | thought 0.9442 dec_ce 2.1097 | 4.5 it/s
step   24450 | cos 0.5403 | thought 0.9712 dec_ce 1.9687 | 4.4 it/s
step   24500 | cos 0.5387 | thought 0.9203 dec_ce 1.9643 | 4.4 it/s
step   24500 | VAL cos 0.5518 | VAL dec CE 3.8071
step   24550 | cos 0.5409 | thought 0.8961 dec_ce 1.9477 | 3.5 it/s
step   24600 | cos 0.5410 | thought 0.9091 dec_ce 1.884 | 4.6 it/s
step   24650 | cos 0.5449 | thought 0.9867 dec_ce 2.1753 | 4.7 it/s
step   24700 | cos 0.5442 | thought 0.915 dec_ce 1.9166 | 4.5 it/s
step   24750 | cos 0.5446 | thought 0.9519 dec_ce 2.0469 | 4.5 it/s
step   24800 | cos 0.5428 | thought 0.9608 dec_ce 2.0093 | 4.6 it/s
step   24850 | cos 0.5442 | thought 0.9484 dec_ce 1.985 | 4.6 it/s
step   24900 | cos 0.5438 | thought 0.91 dec_ce 1.8647 | 4.6 it/s
step   24950 | cos 0.5435 | thought 0.9523 dec_ce 1.9812 | 4.5 it/s
step   25000 | cos 0.5422 | thought 0.9308 dec_ce 2.1383 | 4.4 it/s
step   25000 | VAL cos 0.5519 | VAL dec CE 3.8070
step   25050 | cos 0.5429 | thought 0.9692 dec_ce 2.1855 | 3.4 it/s
step   25100 | cos 0.5395 | thought 0.9361 dec_ce 1.9085 | 4.4 it/s
step   25150 | cos 0.5423 | thought 0.9407 dec_ce 2.1751 | 4.5 it/s
step   25200 | cos 0.5457 | thought 0.9357 dec_ce 2.0181 | 4.4 it/s
step   25250 | cos 0.5447 | thought 0.9098 dec_ce 2.0277 | 4.5 it/s
step   25300 | cos 0.5424 | thought 0.9277 dec_ce 1.9739 | 4.5 it/s
step   25350 | cos 0.5458 | thought 0.8757 dec_ce 1.8785 | 4.6 it/s
step   25400 | cos 0.5479 | thought 0.9902 dec_ce 2.1711 | 4.5 it/s
step   25450 | cos 0.5423 | thought 0.9633 dec_ce 2.0452 | 4.4 it/s
step   25500 | cos 0.5424 | thought 0.9496 dec_ce 1.9728 | 4.4 it/s
step   25500 | VAL cos 0.5523 | VAL dec CE 3.8000
step   25550 | cos 0.5472 | thought 0.9055 dec_ce 1.9972 | 3.3 it/s
step   25600 | cos 0.5402 | thought 0.9079 dec_ce 1.845 | 4.5 it/s
step   25650 | cos 0.5443 | thought 0.9223 dec_ce 2.0092 | 4.6 it/s
step   25700 | cos 0.5451 | thought 0.9279 dec_ce 1.9758 | 4.6 it/s
step   25750 | cos 0.5421 | thought 0.9689 dec_ce 2.1406 | 4.5 it/s
step   25800 | cos 0.5406 | thought 0.9685 dec_ce 2.3205 | 4.5 it/s
step   25850 | cos 0.5447 | thought 0.9181 dec_ce 1.9849 | 4.5 it/s
step   25900 | cos 0.5409 | thought 0.9562 dec_ce 2.0908 | 4.5 it/s
step   25950 | cos 0.5418 | thought 0.9445 dec_ce 2.0278 | 4.5 it/s
step   26000 | cos 0.5459 | thought 0.9074 dec_ce 1.8808 | 4.6 it/s
step   26000 | VAL cos 0.5524 | VAL dec CE 3.8034
step   26050 | cos 0.5410 | thought 0.9872 dec_ce 2.0806 | 3.2 it/s
step   26100 | cos 0.5445 | thought 0.8878 dec_ce 1.8554 | 4.5 it/s
step   26150 | cos 0.5423 | thought 0.9556 dec_ce 2.0279 | 4.5 it/s
step   26200 | cos 0.5504 | thought 0.911 dec_ce 1.984 | 4.5 it/s
step   26250 | cos 0.5410 | thought 0.9142 dec_ce 1.9363 | 4.4 it/s
step   26300 | cos 0.5482 | thought 0.885 dec_ce 1.8403 | 4.5 it/s
step   26350 | cos 0.5410 | thought 0.9638 dec_ce 1.9761 | 4.4 it/s
step   26400 | cos 0.5395 | thought 0.8938 dec_ce 1.9039 | 4.6 it/s
step   26450 | cos 0.5430 | thought 0.944 dec_ce 2.0438 | 4.5 it/s
step   26500 | cos 0.5447 | thought 0.9118 dec_ce 1.9829 | 4.6 it/s
step   26500 | VAL cos 0.5523 | VAL dec CE 3.8047
step   26550 | cos 0.5453 | thought 0.9167 dec_ce 2.0562 | 3.4 it/s
step   26600 | cos 0.5471 | thought 0.9753 dec_ce 2.1242 | 4.5 it/s
step   26650 | cos 0.5454 | thought 0.9397 dec_ce 1.9231 | 4.5 it/s
step   26700 | cos 0.5455 | thought 0.9489 dec_ce 2.007 | 4.5 it/s
step   26750 | cos 0.5457 | thought 0.8719 dec_ce 1.7143 | 4.6 it/s
step   26800 | cos 0.5411 | thought 0.9011 dec_ce 2.0529 | 4.5 it/s
step   26850 | cos 0.5426 | thought 0.9607 dec_ce 2.063 | 4.5 it/s
step   26900 | cos 0.5454 | thought 0.9229 dec_ce 2.0511 | 4.5 it/s
step   26950 | cos 0.5406 | thought 0.8916 dec_ce 1.9852 | 4.6 it/s
step   27000 | cos 0.5462 | thought 0.9505 dec_ce 1.8938 | 4.6 it/s
step   27000 | VAL cos 0.5527 | VAL dec CE 3.7966
step   27050 | cos 0.5435 | thought 0.9533 dec_ce 2.1942 | 3.3 it/s
step   27100 | cos 0.5460 | thought 0.9251 dec_ce 2.0366 | 4.6 it/s
step   27150 | cos 0.5423 | thought 0.9777 dec_ce 2.0839 | 4.6 it/s
step   27200 | cos 0.5440 | thought 0.9165 dec_ce 1.9678 | 4.5 it/s
step   27250 | cos 0.5416 | thought 0.9696 dec_ce 2.118 | 4.5 it/s
step   27300 | cos 0.5462 | thought 0.9424 dec_ce 2.1685 | 4.5 it/s
step   27350 | cos 0.5437 | thought 0.9311 dec_ce 1.9413 | 4.5 it/s
step   27400 | cos 0.5465 | thought 0.8902 dec_ce 1.868 | 4.6 it/s
step   27450 | cos 0.5398 | thought 0.9226 dec_ce 1.8734 | 4.5 it/s
step   27500 | cos 0.5470 | thought 0.9135 dec_ce 2.0012 | 4.5 it/s
step   27500 | VAL cos 0.5530 | VAL dec CE 3.8009
step   27550 | cos 0.5427 | thought 0.9563 dec_ce 2.1208 | 3.2 it/s
step   27600 | cos 0.5426 | thought 0.9374 dec_ce 1.94 | 4.5 it/s
step   27650 | cos 0.5460 | thought 0.9459 dec_ce 1.982 | 4.4 it/s
step   27700 | cos 0.5448 | thought 0.9359 dec_ce 1.8338 | 4.5 it/s
step   27750 | cos 0.5437 | thought 0.9575 dec_ce 2.1398 | 4.5 it/s
step   27800 | cos 0.5480 | thought 0.9387 dec_ce 1.9699 | 4.5 it/s
step   27850 | cos 0.5421 | thought 0.9945 dec_ce 2.1974 | 4.4 it/s
step   27900 | cos 0.5439 | thought 0.9135 dec_ce 2.0616 | 4.5 it/s
step   27950 | cos 0.5445 | thought 0.877 dec_ce 1.8524 | 4.5 it/s
step   28000 | cos 0.5451 | thought 0.9214 dec_ce 1.9963 | 4.4 it/s
step   28000 | VAL cos 0.5529 | VAL dec CE 3.8029
step   28050 | cos 0.5425 | thought 0.9413 dec_ce 2.1069 | 3.3 it/s
step   28100 | cos 0.5415 | thought 0.9307 dec_ce 2.0556 | 4.5 it/s
step   28150 | cos 0.5501 | thought 0.9032 dec_ce 1.9867 | 4.6 it/s
step   28200 | cos 0.5453 | thought 0.9124 dec_ce 1.9785 | 4.5 it/s
step   28250 | cos 0.5462 | thought 0.8947 dec_ce 2.0325 | 4.5 it/s
step   28300 | cos 0.5424 | thought 1.0112 dec_ce 2.1277 | 4.4 it/s
step   28350 | cos 0.5449 | thought 0.9459 dec_ce 2.0947 | 4.5 it/s
step   28400 | cos 0.5435 | thought 0.9631 dec_ce 2.1188 | 4.5 it/s
step   28450 | cos 0.5433 | thought 1.0071 dec_ce 2.0163 | 4.6 it/s
step   28500 | cos 0.5449 | thought 0.9605 dec_ce 1.9858 | 4.5 it/s
step   28500 | VAL cos 0.5529 | VAL dec CE 3.7971
step   28550 | cos 0.5458 | thought 0.9193 dec_ce 2.015 | 3.5 it/s
step   28600 | cos 0.5471 | thought 0.9133 dec_ce 2.0612 | 4.5 it/s
step   28650 | cos 0.5426 | thought 0.9343 dec_ce 1.9616 | 4.5 it/s
step   28700 | cos 0.5473 | thought 0.8916 dec_ce 2.004 | 4.5 it/s
step   28750 | cos 0.5456 | thought 0.9442 dec_ce 2.1404 | 4.6 it/s
step   28800 | cos 0.5427 | thought 0.9362 dec_ce 1.9796 | 4.4 it/s
step   28850 | cos 0.5445 | thought 0.9959 dec_ce 1.9979 | 4.5 it/s
step   28900 | cos 0.5443 | thought 0.9678 dec_ce 2.0073 | 4.6 it/s
step   28950 | cos 0.5456 | thought 0.9208 dec_ce 1.8407 | 4.6 it/s
step   29000 | cos 0.5438 | thought 0.9369 dec_ce 2.0406 | 4.5 it/s
step   29000 | VAL cos 0.5529 | VAL dec CE 3.7953
step   29050 | cos 0.5449 | thought 0.918 dec_ce 1.9997 | 3.3 it/s
step   29100 | cos 0.5465 | thought 0.9173 dec_ce 1.9153 | 4.6 it/s
step   29150 | cos 0.5436 | thought 0.9508 dec_ce 2.0053 | 4.6 it/s
step   29200 | cos 0.5479 | thought 0.9088 dec_ce 2.0256 | 4.6 it/s
step   29250 | cos 0.5467 | thought 0.933 dec_ce 2.0448 | 4.5 it/s
step   29300 | cos 0.5464 | thought 0.9615 dec_ce 2.0833 | 4.6 it/s
step   29350 | cos 0.5453 | thought 0.9713 dec_ce 2.0554 | 4.5 it/s
step   29400 | cos 0.5405 | thought 0.9569 dec_ce 2.0391 | 4.4 it/s
step   29450 | cos 0.5455 | thought 0.9434 dec_ce 2.0585 | 4.5 it/s
step   29500 | cos 0.5459 | thought 0.8925 dec_ce 1.8523 | 4.5 it/s
step   29500 | VAL cos 0.5531 | VAL dec CE 3.7880
step   29550 | cos 0.5403 | thought 0.9506 dec_ce 2.0838 | 3.4 it/s
step   29600 | cos 0.5423 | thought 0.9392 dec_ce 2.0556 | 4.5 it/s
step   29650 | cos 0.5475 | thought 0.9598 dec_ce 2.1042 | 4.4 it/s
step   29700 | cos 0.5452 | thought 0.9392 dec_ce 2.0265 | 4.4 it/s
step   29750 | cos 0.5474 | thought 0.9671 dec_ce 2.0363 | 4.6 it/s
step   29800 | cos 0.5436 | thought 0.9 dec_ce 2.0353 | 4.5 it/s
step   29850 | cos 0.5442 | thought 0.9403 dec_ce 2.053 | 4.5 it/s
step   29900 | cos 0.5427 | thought 0.9047 dec_ce 1.9872 | 4.4 it/s
step   29950 | cos 0.5435 | thought 0.934 dec_ce 2.1477 | 4.4 it/s
step   30000 | cos 0.5453 | thought 0.9221 dec_ce 2.0524 | 4.6 it/s
step   30000 | VAL cos 0.5534 | VAL dec CE 3.7966
step   30050 | cos 0.5467 | thought 0.9382 dec_ce 2.153 | 3.4 it/s
step   30100 | cos 0.5474 | thought 0.9453 dec_ce 1.9558 | 4.6 it/s
step   30150 | cos 0.5452 | thought 0.9702 dec_ce 2.0383 | 4.5 it/s
step   30200 | cos 0.5399 | thought 0.895 dec_ce 1.9548 | 4.5 it/s
step   30250 | cos 0.5427 | thought 0.9284 dec_ce 2.0155 | 4.5 it/s
step   30300 | cos 0.5453 | thought 0.9823 dec_ce 2.2214 | 4.5 it/s
step   30350 | cos 0.5424 | thought 0.9341 dec_ce 1.9946 | 4.6 it/s
step   30400 | cos 0.5439 | thought 1.0058 dec_ce 2.2628 | 4.6 it/s
step   30450 | cos 0.5402 | thought 0.9767 dec_ce 2.1063 | 4.4 it/s
step   30500 | cos 0.5468 | thought 0.9107 dec_ce 1.9778 | 4.6 it/s
step   30500 | VAL cos 0.5534 | VAL dec CE 3.7969
step   30550 | cos 0.5423 | thought 0.9538 dec_ce 1.8682 | 3.4 it/s
step   30600 | cos 0.5459 | thought 0.9543 dec_ce 2.0897 | 4.7 it/s
step   30650 | cos 0.5431 | thought 0.8986 dec_ce 1.8791 | 4.5 it/s
step   30700 | cos 0.5486 | thought 0.9005 dec_ce 1.9649 | 4.5 it/s
step   30750 | cos 0.5446 | thought 0.947 dec_ce 2.0313 | 4.6 it/s
step   30800 | cos 0.5425 | thought 0.988 dec_ce 2.134 | 4.4 it/s
step   30850 | cos 0.5440 | thought 0.9421 dec_ce 2.0401 | 4.4 it/s
step   30900 | cos 0.5433 | thought 0.9589 dec_ce 2.0695 | 4.5 it/s
step   30950 | cos 0.5424 | thought 0.9353 dec_ce 1.9199 | 4.5 it/s
step   31000 | cos 0.5434 | thought 0.9244 dec_ce 1.8576 | 4.6 it/s
step   31000 | VAL cos 0.5531 | VAL dec CE 3.7991
step   31050 | cos 0.5493 | thought 0.9516 dec_ce 2.0049 | 3.3 it/s
step   31100 | cos 0.5439 | thought 0.941 dec_ce 1.9621 | 4.4 it/s
step   31150 | cos 0.5448 | thought 0.8959 dec_ce 1.9634 | 4.5 it/s
step   31200 | cos 0.5451 | thought 0.937 dec_ce 2.0745 | 4.5 it/s
step   31250 | cos 0.5469 | thought 0.9205 dec_ce 2.0443 | 4.5 it/s
step   31300 | cos 0.5444 | thought 0.9325 dec_ce 2.0876 | 4.5 it/s
step   31350 | cos 0.5451 | thought 0.9424 dec_ce 1.8525 | 4.6 it/s
wall-clock cap reached at step 31355

Run 'R4_WTA8' done: 31355 steps | final val cos 0.5532 | dec CE 3.7917
/home/nochi/vault/projects/ThoughtVectors/thoughtvec/.venv/lib/python3.12/site-packages/torch/nn/modules/transformer.py:392: UserWarning: enable_nested_tensor is True, but self.use_nested_tensor is False because encoder_layer.norm_first was True
  warnings.warn(
{"ckpt": "checkpoints/R4_WTA8/best.pt", "val_cos": 0.382, "val_dec_ce": 4.1191, "ref_f1": 0.2525, "distinct1": 0.0089, "distinct2": 0.0358, "len_ratio": 1.348, "out_vectors": 8.0, "rows": 1024}
=== round-4 bracket done: R4_CTL R4_CONTRAST R4_DIV R4_UNFREEZE R4_ROLEFLIP R4_WTA8 ===
